title,link,published,source,region,country_code
ドコモ永田聡氏×ロボット専門家、通信に3つの要求 6Gの真価 - 日経テックフォーサイト - 日本経済新聞,https://news.google.com/rss/articles/CBMihwFBVV95cUxPc1ZmRUFFai1la0VXR0hXMkJtbF9NT0lBNDBkTE1pSDMyV3B3Mkh6emdkbFNrZWhUUGlCU2pmNHIzX0NXVEdOUlFQN1YwbVBUckp4bUFRVjZMeUpTQnFyejRTYjNZOUpweTRxUXBOSlUwRmpjMHdjYjQ5VTdPLWYzN2JyRnVTdlE?oc=5,2026-02-11 20:00:00,日本経済新聞,Japan,JP
6G時代に向けた宇宙展開型フェーズドアレイ無線機を開発、打ち上げに成功 - isct.ac.jp,https://news.google.com/rss/articles/CBMiVkFVX3lxTE1UYkEwVDlZdUdrTy1jSlVrVmhEM1FQMGtWb3lkb0ZYckE2RjhKU0pwNHFaMWt2SVlrd2h6bFhxTXEzY0pKSEFKT0JNa25Jbko0UTFqeVJB?oc=5,2026-01-26 08:00:00,isct.ac.jp,Japan,JP
6G時代のネットワーク | 富士通 - Fujitsu Global,https://news.google.com/rss/articles/CBMiYEFVX3lxTE5DWEJ2VlFwNTk2TnpuRkxDLXRzQVZhcWNOZ0hTT2lOY2ozR1dyTE1waUZ2R3Y2c0xCZG55aWFFVkszWFRsVnU4Wkx2R0N3bTF6TzhXNUQ2aUR0NXdSRzhuNA?oc=5,2025-12-18 12:04:12,Fujitsu Global,Japan,JP
世界初、Beyond 5G／6Gで伝送可能なカラーホログラフィック動画像の高効率圧縮方式を開発 - kddi-research.jp,https://news.google.com/rss/articles/CBMiaEFVX3lxTE5TUjZjWjM0WEFLWlMxUFpwaXpPU3c1RlNjSU9TQlRuM0Jrakt0dG9GaVd0cl9wbWVuY1lfYWdabGFxc0ptTDAxaW5qSDV3bzBMRVRVMXdaYWdXN2tYd0N2dFBZRGRSeS03?oc=5,2026-01-29 08:00:00,kddi-research.jp,Japan,JP
5G Evolution & 6G - docomo.ne.jp,https://news.google.com/rss/articles/CBMiYkFVX3lxTE9ackZ6LWk0WUFYcVEzcDE2aWdJQ3oyMTR6Vi1SaUxxSkdCOTk3Zy1qMnJVcUUwY01ldFZKTEZybFFYaHJHaDV1UktMSVVnVmNrMW4xMGRQdHdtcWJMYmNWUTBn?oc=5,2025-09-17 09:28:53,docomo.ne.jp,Japan,JP
ロープロファイル仕様の「GeForce RTX 3050 LP E 6G OC」がMSIから - AKIBA PC Hotline!,https://news.google.com/rss/articles/CBMickFVX3lxTFBGMFE1Ym9BMHF3R3otdG02ZEthTk1TYjJOMzI2ZVhfd0RsVHd0SXNXSlUzUHlha3BFZlVESUo1cjBrMlExMm5yUHBWaXRmTHJTTXp1NHRYNHFGNzU5LXZ6UzZsUEd0cWo4bXdBUHhEX3p3QQ?oc=5,2026-02-13 04:05:00,AKIBA PC Hotline!,Japan,JP
MSI、GeForce RTX™ 3050を搭載したグラフィックスカード「GeForce RTX™ 3050 LP E 6G OC」発売のお知らせ - PR TIMES,https://news.google.com/rss/articles/CBMiakFVX3lxTFA3UjViQ3EtNkRUNENiMElOenV2VFR3TEZOX2VuM25BZTBPdkM5UG1RQlhJNkp6ZnBaNjRHWG5zZ2lLSzE0ek1NcVQxcU9qNEhnSVBDNE5sQXY5ZHA2T21zSnBzTWpqTUoxbkE?oc=5,2026-02-12 15:00:02,PR TIMES,Japan,JP
NESICホールディングス牛島社長「競合SIerを“ライト＆クイック”で凌駕 ローカル5Gや6G、AIで次なる成長へ」 - ビジネスネットワーク,https://news.google.com/rss/articles/CBMiU0FVX3lxTE94U2d5LTV0bENDaklSMHY0YVhPeWdybUxpT1h4aldrb3pGTlB4X0t2TVA0dEN4ajkyOXI0YWwwMjd3SEtJLUk1cmVlTmNfZm5KQnBR?oc=5,2026-02-12 22:02:50,ビジネスネットワーク,Japan,JP
6Gとは？ 次世代通信技術の解説とソフトバンクの取り組み | 企業・IR - ソフトバンク,https://news.google.com/rss/articles/CBMibEFVX3lxTFBqR0ZIOXFkYTZXU3QwVG1PTlRFZTh3X2J2YWxYTE9QSzU4UXJRY2R3Y0NfZGpzNEk0b2FkWHIteEZEM2YxNFdFWGc5am5wbWxGZVMwSnFnS3lLRFZReC1BamQxbVZVbUQ1bHdyeg?oc=5,2025-10-03 02:28:00,ソフトバンク,Japan,JP
通信事業者は6Gをスマートパイプへのチャンスに - icr.co.jp,https://news.google.com/rss/articles/CBMibkFVX3lxTFBzc1lMN3pSSWJrYXBHVFJ5QmtzNTMzM2JrZFcxMmZsX2c4czM0Mnk5X3NfUzJTNXZXQnFwS3dpd0RGSGR2Ujg5SHRBVHdQWFFXTUpSN1BTUmhickljN2JMYmxkZ2VoNGVCTnVJbGJR?oc=5,2025-12-25 08:00:00,icr.co.jp,Japan,JP
"5G､通信量急増で2029年にも限界へ。新周波数""7GHz帯""は､6G時代に向け実用性を示せるか - 東洋経済オンライン",https://news.google.com/rss/articles/CBMiX0FVX3lxTE5QRDJDa1N1NW03Tm53MXZwUF9ZUWphaXRkY2NpSVF1N1gzWmhLcWZoUU5IOFJDQjkwMzl4amlJOUhxbHJvdm45RU1FRmR4b3VkMmUwVzBnSGhfSjNXQVNR?oc=5,2025-12-19 08:00:00,東洋経済オンライン,Japan,JP
NVIDIA GeForce RTX 3050を採用！ デュアルファンで効率冷却の「GeForce RTX 3050 LP E 6G OC」登場 - ASCII.jp,https://news.google.com/rss/articles/CBMiVEFVX3lxTE1mRWRPY3J0VHdFM1ZwV3lzcXVWTDlEcVdQOG5uOVVqVDhqZC1LSmlhODN1YlA3Nk4xQnJ0WjRvZGthMmdfVmVhY3AtX3dGdV9xUXllQw?oc=5,2026-02-13 07:00:00,ASCII.jp,Japan,JP
６Gの普及を見据えて押さえるべき関連銘柄とは？ - QUICK Money World,https://news.google.com/rss/articles/CBMiVkFVX3lxTE5kRWx6a2poNW9jaEdQUmZmbDVMeFFndVRHNTAtM0hHNmFuVUFFQ3YwRi1uN3pDU1dzVXlTSFJVTmRkZG92MDRVbmo2RWVWMkJDc1F6VFlB?oc=5,2025-10-15 08:00:00,QUICK Money World,Japan,JP
「インド半導体の熱気」「ドコモ×ロボ専門家」 注目5本 - 日本経済新聞,https://news.google.com/rss/articles/CBMihwFBVV95cUxOZkIxdi1TbFRVMFM3cHZTejdzVnZnWjFab3JjU3BKeDgtc21MWlo1VzRvWnEzeW83eTdreS1wVDA1N3llSm5wR0NsbFFPRjhVWElELTN5SHBxUFpfbjNDZG53dm1LRFM3NXo5YzZ6N3lnLUxRdTdjeThCSERqVE9CS1liQ3V3bWM?oc=5,2026-02-13 23:00:00,日本経済新聞,Japan,JP
6Gは「シンプル」を最優先に 5Gの教訓から考える成功条件 - ビジネスネットワーク,https://news.google.com/rss/articles/CBMiU0FVX3lxTE5WRWw4RXVjcG0xQ3I2WmVvblZxTnBCZFM1V3k3bkVPLTkxNXZIWjdxUFhIRnZlQU9nbElha2xRVHFzMDR6dFY0c3ZYeTJRYWFaekRv?oc=5,2025-08-18 08:00:00,ビジネスネットワーク,Japan,JP
6Gに向けてセンチメートル波の都市部での有効性を実証 - ソフトバンク,https://news.google.com/rss/articles/CBMib0FVX3lxTE5BQklfTERnZ0lVLXJHdWxobTNtX2dpSlVoQnpqWjJPZFU0Z2piTHN0VGpTN2JISzZtN3NjaFpWenlibjc2Y3d5Y2J6RUpXSms3anF0QkpmNFNPcXdtN2lyWkdHTV8za2YzSU5HbzFOWQ?oc=5,2025-11-19 08:00:00,ソフトバンク,Japan,JP
KDDI総合研究所とノキア ベル研究所、6Gの実用化に向けた研究開発に関する共同研究契約を締結 - kddi-research.jp,https://news.google.com/rss/articles/CBMiaEFVX3lxTE5NWnJvOTNqM2tMUmszU3pGT3JsMFNXSERlYXV0N09DS3pwSFNCSUhZN255N21Md3FvNk43aGwycV9XZF9KUDdrT0MwMEJjcUR4aDE5VGZiOG1nOTdTWmM5NGNlTTlqMnZV?oc=5,2025-11-06 08:00:00,kddi-research.jp,Japan,JP
6Gに向けたAI活用無線インターフェースの屋外実証試験に成功 - docomo.ne.jp,https://news.google.com/rss/articles/CBMibkFVX3lxTE5YYl93czEwY0Y3MHVwMWNkZWNJWW1TTDlqZFVfMVZEdkRwdXpoa1pXaGFSaEszOU1YV0lVUTdnUV9pbTZuVFJmNm5CaVNVVVJmZUN6cVdTelhZcjFvZlV4SkRKX3BybDVXTHdxVjlB?oc=5,2025-11-17 08:00:00,docomo.ne.jp,Japan,JP
アンリツ、測定器「MT8000A」に6G向けFR3対応オプションを追加 - ビジネスネットワーク,https://news.google.com/rss/articles/CBMiU0FVX3lxTE1FYi1IUnBmTk5hRkY3Rnl3UkpvQ3BCenpGQUw3emFCc2FtbDlOU3Q5TkhlZnNQakluMzl0U0FaUGFjcmlISndwTU1vaGFGazY0Rncw?oc=5,2026-02-06 01:20:38,ビジネスネットワーク,Japan,JP
6G時代を見据え世界で進む次世代周波数の検討。東京・銀座で7GHz帯のカバレッジエリアを検証 - ソフトバンク,https://news.google.com/rss/articles/CBMiXEFVX3lxTE4yLWhEeGxLQ0JLblZLdlpQRGtmUHBlRU9fZmR4MHFTcG00SWQ3T29sdEphOHljZDZGQUMxU1VWZ0lVWUhNREVaalBRbDBwUjNJN29Oc1FVaVlES2N6?oc=5,2025-12-11 08:00:00,ソフトバンク,Japan,JP
BRINは携帯電話の6G技術のためのマイクロストリップアンテナを開発します - VOI.id,https://news.google.com/rss/articles/CBMiSkFVX3lxTE5fVk5IU1dCdUkwWEZ1ZmkySzF1UG5XVDNReGJhMU53TlhlZVpROEUyS2ZOSWhLaEZRV0tMYTZUZ3JUYjl6SUo3RndB0gFCQVVfeXFMT1NaQ05MdnZ6MjM4RTI1emRYZktoZVQya0xKSE93TnpwWWtTRWxEQWVZMlk3bG1xLVhaTlVOcUx6X2J3?oc=5,2026-02-13 10:41:27,VOI.id,Japan,JP
6Gに向けたNFVの進化：新機能と将来への展望 - docomo.ne.jp,https://news.google.com/rss/articles/CBMijwFBVV95cUxQMVN0c3JFb21jZDFEdzM3RElDT09FZUtZQ1p4VWJhX1JaNjhxM0k4Mk9iU3lBaGM2UEM5alB3bGl5Y0kwSUZTRHdVYWlMZkw1dTNybUl6YmhpZGpRX0JWRllVVFQ3U05TRXplRFJ2QU4xU08waU01NllRUE0za0s4eTg2WS04R1NjMGh6N2VGRQ?oc=5,2026-01-16 10:04:00,docomo.ne.jp,Japan,JP
ソフトバンク、7GHz帯で広域カバーを確認 6G時代の都市実証が予想以上の成果に - ケータイ Watch,https://news.google.com/rss/articles/CBMiZ0FVX3lxTE5ieWhGZlBBVmJwU2JYV3NrU05UaXJOd2lXSzZPMG9jdjNhQUxLZnB2UUhhYl9ZY1duekRaRTEySW1qVk4zMDNZVVpWYVhlN1JRcW5abHAwLXFnMzM2MzlNWklWWXBHME0?oc=5,2025-11-19 08:00:00,ケータイ Watch,Japan,JP
6Gを地球規模の公共財として推進する共同宣言を採択 インド - Science Portal Asia Pacific,https://news.google.com/rss/articles/CBMiaEFVX3lxTE4waWNhYU5yS1J5VFpZSzVEa0c0VHVkOWVWdkxDTXMzRWd0WDQ1V3IxWGlfOUhvSWJXRndfdWpUSkNfaGdUZXlwYUZ3dnppYXRrWUtTa0lFTjN2NlZXRTRPU24tc0pNNzZ5?oc=5,2025-11-28 08:00:00,Science Portal Asia Pacific,Japan,JP
6Gの未来を広げる周波数「7GHz帯」実証実験で新たな通信エリアを構築 | 企業・IR - ソフトバンク,https://news.google.com/rss/articles/CBMibEFVX3lxTFBvVGNRXzFBRVRqam5Jb3hUV0xfMVVnN0dodUpycVpyTUlRLUMwQzlER21uaHZoZDVQYTRyVGVKbk11QmNDa2N4QzRpQUh2OThXNnh2LV8wWWR1SmJBODZKVW9DejBQamdPNVVrbQ?oc=5,2026-01-06 08:00:00,ソフトバンク,Japan,JP
ソフトバンク、次世代通信「6G」向け周波数帯の利用実証 - 日本経済新聞,https://news.google.com/rss/articles/CBMibEFVX3lxTFBZaW5GTmJOcEZwXzJ0N1VkM1NLa3ZMeHBTY0J0ZzVzd0RHQ2JJQUV6a19Fek8wYUhBYWRGNjVDQzU2eWRJSmM1cmJWZmdTX3B6Uk9Hc3NRMWwxMDc2SHdwOXo5bE5WdkR5N0V5SA?oc=5,2025-11-19 08:00:00,日本経済新聞,Japan,JP
6Gで導入期待 通信とセンシングの融合技術「ISAC」デモをADIが実施：マイクロウェーブ展 2025 - EE Times Japan,https://news.google.com/rss/articles/CBMib0FVX3lxTE0wU1pEUTJBemQ4VmxnNlZqNjg1VFE2dmlMVWd6QnJmcVZVNDJpdlphSXJ3NzhlQUNHdUFPc1VWVENiN3V3NVB1c0phWnJMNU1ZcjR3eDJsR1RUZFUzTjQtNWpRUjhJeElLMVhQX3N4Zw?oc=5,2025-12-09 08:00:00,EE Times Japan,Japan,JP
川崎ひでと総務大臣政務官 6G新周波数候補の屋外実証実験を視察 〜次世代通信の実証現場を訪問〜 - ソフトバンク,https://news.google.com/rss/articles/CBMibEFVX3lxTFAteXdQM1k2QUt0bWZYYTBQZ3RGNWZjTVlpTUdRcXNmTG1lb3luTG1FUWlfZVVaYnJSeGJQT25CdzZvRXBOM3BpR19URXJMV25RZVpiUi1lS3F3QlhTd2Y1aVJGZ1prLVdORE5IMw?oc=5,2025-09-30 08:00:00,ソフトバンク,Japan,JP
スマホ5G“ミリ波”肩透かし 6Gは“センチメートル波”が鍵に (1/4) - ASCII.jp,https://news.google.com/rss/articles/CBMiVEFVX3lxTE1PejljU2VnTktkOEY2ZGxHMFJNZGFhcG4xSDFMRzNYWmwxajZtaFBibjhZcjdIa1ZmRHVoY2ZlV0pxYmRyNnRCeVI0U3dzYkU2OVdTRA?oc=5,2025-11-26 08:00:00,ASCII.jp,Japan,JP
ISACの実力と課題 6G時代を支える「通信とセンシングの融合」 - ビジネスネットワーク,https://news.google.com/rss/articles/CBMiU0FVX3lxTFBoc2x6WUp6NUtXLW5vOG4tVXlxS3l1THpNU3RHQm1haEpmT0hmbFBhMTBsSHRLSWhrczVDZExZNV9iV2RSeGlydFc5TlhtR0V2aUdz?oc=5,2025-08-21 08:00:00,ビジネスネットワーク,Japan,JP
センチメートル波がほしいソフトバンク 6Gに向けた有効性をアピール【石野純也のモバイル通信SE】 - Impress Watch,https://news.google.com/rss/articles/CBMicEFVX3lxTE42MjZSZDNrRGZ5c0ZtQWJVQm1XYUpGaHpjY2JhcWhEWlJGZGtuakFvMWY2WWw1Y3kzZTBCelh1d01zLVBQa3NMQlh6ZTVwWW1LeXlTNXRsQWxuNWYxUTBqMzlRTzUtWGVkc3pVUVoybXc?oc=5,2025-11-26 08:00:00,Impress Watch,Japan,JP
NVIDIA と Nokia 、6G 向けの AI プラットフォームを先駆的に開発し、通信分野における米国のリーダーシップ復帰を推進 - NVIDIA | Japan Blog,https://news.google.com/rss/articles/CBMidkFVX3lxTE1zeFV0MjRWWTN6N3FFVlE5UVEzX2ZqUUdrTlBIU1FuOVNvaXJCSVQwOE93MHlEQnRrTVFNNzlGUW1BMkJ2SUVnbjg4ZDd5SlFjTk5pdUdBb1dzNU0xU2NpSG9YSERBZnRZX0hYaU5iU3E1SVZRbUE?oc=5,2025-10-31 07:00:00,NVIDIA | Japan Blog,Japan,JP
ソフトバンクが6Gの有力周波数帯センチメートル波を推進、広いエリアと広帯域両立 - 日経クロステック,https://news.google.com/rss/articles/CBMibEFVX3lxTFBHREcwLXRlQmN6VE9iV1l5U0pYYnFYVm9jWWtJOEVZMGtQVUwwWVp3MVRBWWk4TVRieHZJV2dMNmhqanJDWXg1dTRvdVY5Vl9SRnZwcWZydDlQdVBOMDNGbnRRaG9yRjdZTnFtTQ?oc=5,2025-12-18 08:00:00,日経クロステック,Japan,JP
ドコモなど、「AI×6G」で通信速度が最大2倍に 屋外実験に成功 - ケータイ Watch,https://news.google.com/rss/articles/CBMiZ0FVX3lxTE9QVEk3ZE5mdWNPdzRhXzlJUnhKOV9ONDMxWWkxdTZEZjdMdkF5QmZXb3NNTzhsU1AxRDVLWDhPLXZreVNVZVFqSXV6NlppenlPWm5iWmlOdld2blVUSGZUcHdjR3NWejg?oc=5,2025-11-18 08:00:00,ケータイ Watch,Japan,JP
NTTドコモ、6Gに向けAI活用で通信スループット2倍以上に - Impress Watch,https://news.google.com/rss/articles/CBMiZEFVX3lxTE1OT3FkVnE5VU01ZE9CdjlveHd5UVlqM2h5SlhMdVVzWlpIQ2x6bjZwdjVJOF9RdGh3d2ljU1BsT29wNFhrMVBiN1RYV3pzdHZvUW5VRTFCUmctUGh3VG40bHJIdVE?oc=5,2025-11-17 08:00:00,Impress Watch,Japan,JP
普及しない5Gミリ波より現実的？　ソフトバンクらが6G向け“センチメートル波”の有用性を銀座で実証 - ITmedia Mobile - ITmedia,https://news.google.com/rss/articles/CBMib0FVX3lxTE15eTRwYWFXd3k0RTRsdWFua2RvTmQwQ3B1TDVpNVk5Nnh1cTJFQTU2RHZReVZkdTlnQVBGYjM1MENpc3ZpRm53R25tRmJacDFxbHdkamhBcW5XZXV2RUVEY3p4VnpOMVlGOEJJTS13Y9IBaEFVX3lxTE4yWW5Ya050QkNJV1h4OTdDR2ZPOTd2YVBiOWliV2t4TXZFWGRLeVhOa2lMN0dNN2JTVnNKZlNuaDRYYXZBd0JkaXVTZjk5bFJjU0tBOEpGbUFaTmVqQnhLS05oYkJmNXNY?oc=5,2025-11-19 08:00:00,ITmedia,Japan,JP
AIがRANを革新する 6G時代の無線アクセスは「AIネイティブ」 - ビジネスネットワーク,https://news.google.com/rss/articles/CBMiU0FVX3lxTFBXTWJIdWp0TmhZbnpVUE03SG5PZjFxXzVsNzlRLVNzZUV4Q1ZCdFVZZXowWUNCSEtPakZxUDM0eFZsRTIxRUJBWFRpNVFjOHRDVDdr?oc=5,2025-08-26 08:00:00,ビジネスネットワーク,Japan,JP
6G主力周波数は7GHz帯 見えてきたアッパーミッドバンドの実力 - ビジネスネットワーク,https://news.google.com/rss/articles/CBMiU0FVX3lxTE5qOTMzRkZkRHk1eEhwZndGSTRyOUtvUUFvTkJSeHlVNXlMYUwzdV9rTkx1MTZGN3A1Z3VwdmZfTFFabnV0MndXbVZGRy14a1dNci0w?oc=5,2025-08-28 08:00:00,ビジネスネットワーク,Japan,JP
欧州における6Gの取り組み - スマートグリッドフォーラム,https://news.google.com/rss/articles/CBMiXkFVX3lxTFBaVXQtUVBGeUFqMDI4VXBQdldDNVFaX19PT3ppVEVLQk5DUjBta0hidzNrMkhuRVhsNGFUZlJ0VjJBWWRLQ05XdFZqYkdzb0FyQXJWcExrSmh6dTRvZnc?oc=5,2025-11-16 05:16:23,スマートグリッドフォーラム,Japan,JP
旭化成と名古屋大、次世代半導体トランジスタ開発 6G通信など向け - 日本経済新聞,https://news.google.com/rss/articles/CBMibEFVX3lxTFAtaXAyeTdyZEdBWmNqU1ZZY0V3UXIwYS1VaVd0eHBYQnRxZ0hxSGRHRmRqeEVBQ1JETkFpb0lVbzhSY0h2R3Ffdl94c3VwLUUxbXFta2lqMFNSdlo2NFFia2V2V0ZGdElPMVNuYw?oc=5,2026-01-05 08:00:00,日本経済新聞,Japan,JP
「痛み」を共有するNTTドコモの新技術、6Gのユースケース開拓につながるか - 日経クロステック,https://news.google.com/rss/articles/CBMiZ0FVX3lxTFBpdXkwSUtEcGwydnN2NnlrWk5pZi1sWlczVFlEQ2w2RmN6amhBdVliZjgwUUxsS0tUck9IQ3NUSTh2LUhmLThpdEhKeWZWNFB0NS1vdW5BMnpQUExFbm9RY2Qwc0xxc28?oc=5,2025-10-27 07:00:00,日経クロステック,Japan,JP
ソフトバンクが6G候補周波数を検証「7GHz帯のポテンシャルは高い」 - ビジネスネットワーク,https://news.google.com/rss/articles/CBMiU0FVX3lxTE5zLXNHdE4xWWNsTmw2S1E2aWVja21Lc3ZpREdOWlJDbVQ5aExnSEhnMDNYeFVmMFRrZldmeFN3SWNEanpIUUNPNVRmcVNGLUJQcVNN?oc=5,2025-11-19 08:00:00,ビジネスネットワーク,Japan,JP
6Gに向けてセンチメートル波の都市部での有効性を実証 ～都市部で7GHz帯による良好なエリアカバレッジと通信品質を確認～ - ソフトバンク,https://news.google.com/rss/articles/CBMibEFVX3lxTE1QUU9UMmg5ekNVX1RMNHBDU2NlRXhnYWxoSU16MnBSQnZiVDd6M3RKWXVWb3ZYNzlHWmxqVGIwdXp5RGtlVjQyR0k4UndjTS1nQUVsVGpUSUJ4Nk9tbGd2T2k4enlKVGx4Mm1uLQ?oc=5,2025-11-19 08:00:00,ソフトバンク,Japan,JP
ソフトバンクが「6G」通信の有効性を銀座で実証 「7GHz帯センチ波」広域カバレッジと通信品質の実証結果を公表 - ロボスタ,https://news.google.com/rss/articles/CBMiZEFVX3lxTE56RkpMeGlDZmVRUXZHcGFzZHlCeWg1UzB2OTMxNUdpVTY3YklxNkVETWNSTU9ESnA2MEYxbkVRMnhybk9NVjRDbWFsbnhZcXlvcC1yNnhzZkpfblpWRkprdUlzNW0?oc=5,2025-11-19 08:00:00,ロボスタ,Japan,JP
「上り」重視の通信品質競争の幕開け AI・マルチモーダル・6G【石野純也のモバイル通信SE】 - Impress Watch,https://news.google.com/rss/articles/CBMicEFVX3lxTE5faDNQZHp3MVRzT2MxcE1Vc3hMLVpzLV92MHNRUjhMalkwSjhVLXBUN0h6anNwSF9jU19lYmtVaDNBQWJDZFpRNWFyQVM2cmVNWGY4alJ3THFfTzRfWlk5YVNxMV8yZTM5YU5DcTdoQVE?oc=5,2025-10-22 08:00:00,Impress Watch,Japan,JP
6Gスマホは「速い」だけじゃない--電波の乱れからヒトの呼吸まで検知 - CNET Japan,https://news.google.com/rss/articles/CBMiUkFVX3lxTE4ycElQN19sNk10TEM0T01IanJSWWZMUEtYWlZIMUNRTFhjcWYwTEtNNWJvMmk0VjBLQjB2ZXNLRDRzNkxtMjZLb1U5Y2hrUHlFQmc?oc=5,2025-11-14 08:00:00,CNET Japan,Japan,JP
「欧州はUpper 6GHzを5G/6Gに」 ノキアが解説する世界の周波数動向 - ビジネスネットワーク,https://news.google.com/rss/articles/CBMiU0FVX3lxTE56QUNpOWJKemwzTGItVWl1ZVQxOUNVbG1sVC10aFF4MHZrVVJ0akdXR0dKS2l0XzhQOGZIWVJyTkFLYWRaWGZscEJuakZTSTNfeDM4?oc=5,2025-11-21 08:00:00,ビジネスネットワーク,Japan,JP
2031年末には6G契約が1億8000万件に、Ericssonリポート - 日経クロステック,https://news.google.com/rss/articles/CBMibEFVX3lxTE9BaHBIUWpsZFNILUNiVmtpUWVFTHEzM2hmVFBBczhmQVJzeTVkVUZoelRqdUhqWGFTR0t4NWNpd21jTVJWNENHMEtXVUc3WGludjBPV2p0cEZkb1FUTEJRVXBid2oyM3djbHdkRg?oc=5,2025-12-04 08:00:00,日経クロステック,Japan,JP
必勝を期す「5/6G大阪戦」に向けて地下鉄三宮駅に巨大柱巻き広告が登場！ - ヴィッセル神戸,https://news.google.com/rss/articles/CBMieEFVX3lxTE1MdVVLNTV0SW51RnZBT1Nndi1NcDlrQjk0bXhFcDBaRDJOV3ZqY2Y2a2ZRSDB6T2EzaHlqWTktVjJjaXNUTEVncENna1pGRllyVk9rQ3I1R3JBQTVmUzBXS1pXUjlPdXFnTXRhY21Qa0hpZjJZeWRPbA?oc=5,2026-01-20 15:06:42,ヴィッセル神戸,Japan,JP
ソフトバンクとサムスンが6GやAI-RANの共同研究で協業 - ケータイ Watch,https://news.google.com/rss/articles/CBMiZ0FVX3lxTE1XM1h6LTNNOWFwSFZBSUJObFpSWjRiUlEtNGoyWHprUmN1QWJ1QU1hN19MamYtcjBlWTg4UElucTZCVHRqeVM1VTd6c2x2ckRtVmwyWWo4N3pkZHp6X2RVWk9iMUtRVHc?oc=5,2025-10-27 07:00:00,ケータイ Watch,Japan,JP
佐賀大学、ダイヤモンド半導体で120GHzの電波増幅 6Gも視野 - 日本経済新聞 - 日本経済新聞,https://news.google.com/rss/articles/CBMibEFVX3lxTE5kcjZBcDFaZC04ZTFob2FoMHJwLS1WZEF1cE1taWs0VEJVR2h2Wkk3dWVvakdtRDBEbFpuSFBmT1AxVXNfR3BhNGswOHRDbFIwSVZ1c2NFNVhGVG5hODJmUVh4clYxaGd1RFM2Tg?oc=5,2025-12-08 08:00:00,日本経済新聞,Japan,JP
もうはじまった「6G通信」の実証実験 ソフトバンクとノキアが実用化に向けて銀座で「7GHz帯」Massive MIMOで屋外通信 - ロボスタ,https://news.google.com/rss/articles/CBMiZEFVX3lxTE9Ob2xtUWpxcDlTb1NfdHpyQXVsQjdTb3NVOGNWYU5NbDQ3bnVvbTJySjVadFN3eGZvYnF5amt0ZkFGVUoyS3dXd3AxM1RsSk9zMFFyaWhPZXhRS2wtaXRCTUdwQ0s?oc=5,2025-07-10 08:00:00,ロボスタ,Japan,JP
新型ビームフォーマー開発、6G無線通信の技術革新へ シンガポール南洋理工大学 - Science Portal Asia Pacific,https://news.google.com/rss/articles/CBMiaEFVX3lxTE9JWTlDUlBoR3JRMFRfdjNQQUw2TTU0NHFOVnlnNTJ1Z3JsSEYyVEZuTHJfTTFJWml2RGF2cVNpdnhmYW85RlJqWHB6UlYwWllEbzdDMVdrT0NZQTQxLXQxNWJQLXFMUWRQ?oc=5,2025-09-17 01:35:58,Science Portal Asia Pacific,Japan,JP
ソフトバンク、「通信のためのAI」に注力 6G待たず早期実装へ - 日経クロステック,https://news.google.com/rss/articles/CBMibEFVX3lxTE5tRzRndlE2ODhROEFkbVhZTFhKVFpnbmVVN1BEclJ4cHpiM290eGw1WWNha01tbU43Q3Bqb20wZjI3YklIemJGbjNnaFctMjE0TGdPZlhCWTgyX3hINjV6TUxGSHlwY1RnaTFvag?oc=5,2025-12-23 08:00:00,日経クロステック,Japan,JP
NTTドコモ「6GやIOWN、世界と伍する技術を仕事に」人事担当が語る - 日本経済新聞 - 日本経済新聞,https://news.google.com/rss/articles/CBMibEFVX3lxTE5qZXZpVGdSZnhxaXFkb3JYSTNKdnRZWktHU0QxWnpPU3haWUR2NzhpdjZablFFM2hxa0tSWkRDcEwtWmI0REdmbjYxTTVJR2s3V3JPMnNMemxndEpFcTJmUUpBV3FFNGJBeGJBVw?oc=5,2026-01-13 08:00:00,日本経済新聞,Japan,JP
6G時代に求められる多数接続性能を実証 - 共同通信PRワイヤー,https://news.google.com/rss/articles/CBMiW0FVX3lxTE9rZ20zUW9pZmhTQU9UMkZxNU94dXMwRWhiUC1mMUMwd3k5ZDJ3ZU5qOUNaY0ktUkVRZnFnYmFhbTZMa1FBTHQteW1QRVZiWGNIQUNRSDFfZHl3U2s?oc=5,2026-01-15 08:00:00,共同通信PRワイヤー,Japan,JP
ノキアとソフトバンク、「6G技術カンファレンス」を開催 有識者が7GHz帯実証やAI活用を語る - ケータイ Watch,https://news.google.com/rss/articles/CBMiZ0FVX3lxTFB6cGJOZVdwbkJybkU0YVZhVjF2X2xpUlRSZ2xfTHBOWW4zNUZhclVWSUt4NlBfdERNZkJ4MWhNWFQteUJ0SV9ZeUhPcGUyXzhRUGFzY0MzakJtU3N5VTNrLXJfc1REdjA?oc=5,2025-11-20 08:00:00,ケータイ Watch,Japan,JP
米クアルコムが2028年に6G対応デバイス提供へ、商用化前に - ケータイ Watch,https://news.google.com/rss/articles/CBMiZ0FVX3lxTE1XUktwTFJ5eXN1OFBJVUpZQW10a2kySWhlY1h4dVFxS3cyVUgxNjVPRlh5S3dQSUxha1JsbzZQSTV3czF4SzZsLXZQZ0k3V3VQUVNPVVgwVlE5LWlHQ1hoSUY1UFVCNE0?oc=5,2025-09-24 08:00:00,ケータイ Watch,Japan,JP
Qualcomm、6G対応の商用化前デバイスを2028年初頭に投入へ - PC Watch,https://news.google.com/rss/articles/CBMiY0FVX3lxTE0zV3VQalBBQ1VZUHlqZ054VVZZQWlWbzBwRnVzRDNVNXkzM2piUjJldW51VVRrMlp3NDBKaGRZY3BoZWlNRXI3U2MwTXU4SnF2em9ZOWNLT0k5SV9fb2NyUHBqNA?oc=5,2025-09-24 08:00:00,PC Watch,Japan,JP
「6GはAIと信の時代に」京大 原田博司教授インタビュー - ビジネスネットワーク,https://news.google.com/rss/articles/CBMiU0FVX3lxTE9uTm94X0IyeHluYlpnZk9tcUhsQUowbGdvc1pqUVpsbjZBYnNlR1BDaHNCenhZT3lINFdaSDNGR0E3d0t2Qk12MWxLOWVKREtSZHVN?oc=5,2025-09-02 08:00:00,ビジネスネットワーク,Japan,JP
東大 中尾教授「Network for AIに好機 6Gはマネタイズできる技術を軸に」 - ビジネスネットワーク,https://news.google.com/rss/articles/CBMiU0FVX3lxTFBCS04yUUhSZ2Z3aF9WWFBuU2VyekwxN2gxM1lKNU1jNDJxSWpxb05ybjhHVDllaGxUTFVvOFoxcTBaQS1tajdZUmRHcmU5YWYzMTUw?oc=5,2025-08-08 08:00:00,ビジネスネットワーク,Japan,JP
ソフトバンク、6G実用化へ屋外実験 ノキアと協力 - 日本経済新聞,https://news.google.com/rss/articles/CBMibEFVX3lxTE94VHlDRklBUDBtYUc4UjVSRE1EaHNCQzl4aEUyYW41VGZIX2ZFaFFUVEJFa1VaSGNmZko1dGJHOXY3dTM4cWtnM01PY2F6bVRQMHJ6N3hCS0V4enVpSHlsRFB4eUhvWExJMlYyNA?oc=5,2025-07-08 08:00:00,日本経済新聞,Japan,JP
サブテラヘルツ帯における6G向け広帯域移動伝送試験装置を開発し、車両向け広帯域移動通信システムの基礎伝送に成功 - 京都大学,https://news.google.com/rss/articles/CBMiZkFVX3lxTE1QWnlTZXE1LTdUSXFtb3N3cm0yb2FkT1lHbUlmZjh5TGxnQ25GeFlzR2xQT2g4cFdMM1c1WGs1T2R6cmtQZUpnR2dxdUs5WS00bHAzazRZLWdvbkJPSEdvS1VpNThxQQ?oc=5,2025-08-07 08:00:00,京都大学,Japan,JP
AI・6G時代の「テラbps」開発を加速 キーサイト、250GHz対応VNA投入 - ビジネスネットワーク,https://news.google.com/rss/articles/CBMiU0FVX3lxTE5SMnIwQVgtU0xrOTNnMHhjTFE5R1UxVVV2RkVNeFR3RU5vQ0dnWlgzZU1DWnlfU2JKRFNNbTBDUmtFNlpSOURwUFJtSEpGcDBWaFNr?oc=5,2025-12-01 08:00:00,ビジネスネットワーク,Japan,JP
6Gの最新ユースケース 「AIのためのネットワーク」が社会・産業を変える - ビジネスネットワーク,https://news.google.com/rss/articles/CBMiU0FVX3lxTE1fQzNybEUyUlpqUVh3dkhhNHFCM0lkX1VZSUJxR0ZyeHBmTk1GdWYwdHpfVzdsMGMtQlBqUkNzam9zNHBXVG05VDFCcUtxTVpjRUZR?oc=5,2025-08-19 08:00:00,ビジネスネットワーク,Japan,JP
ノキア フェローが5G収益化・AI・6Gを解説「AIデバイスはネットワーク要件を変える」 - ビジネスネットワーク,https://news.google.com/rss/articles/CBMiU0FVX3lxTE1OU0VsRG5rQ3QzOVRJWGpJZWlQSVI2Y1hzanJUMm5fd2pxU1FPWWRJQXc2eFN0Ni16bXc1Qm5aQ3dzNnJQRGkxNDZGd2JSV2RDY29j?oc=5,2025-10-08 08:00:00,ビジネスネットワーク,Japan,JP
NVIDIA GeForce RTX 3050を採用！ デュアルファンで効率冷却の「GeForce RTX 3050 LP E 6G OC」登場 - ニコニコニュース,https://news.google.com/rss/articles/CBMie0FVX3lxTE83Z19kZFphcWJ2Z2NHR0NRZ1BOd0RQYWtGckFVMDZKcV9vR0c5ZEpqaThtZkJjOVM2MWxmR3AxUHh3TXQybzJsbE5nOEtXb2tHZmt5WjRiYmlDZjEyMXpZRjduQ0NidFdRaGFzaTZLNW5VSTRuY19nN3lmWQ?oc=5,2026-02-13 07:12:13,ニコニコニュース,Japan,JP
「6G」プレ商用端末は早ければ2028年に登場、クアルコムCEOが宣言--その特徴とは - CNET Japan,https://news.google.com/rss/articles/CBMiUkFVX3lxTE8zWGtvVkhhUklaUkNuSGljdGtpSkNLU2pVdTk2UUk1eGJMMGJNa3h2VHBwOFJSQUJ2TGdLQVpnU3pMaW5haTBfY1NNVWNFYlRPUlE?oc=5,2025-09-24 08:00:00,CNET Japan,Japan,JP
次世代「6G」ネットワークが目指す姿、NTTドコモが検証したAIとの融合技術 - 日経クロステック Active,https://news.google.com/rss/articles/CBMiZkFVX3lxTE1TbnhQTkxYLTBuLU1mQmQ4Q0Jpa0hvLTlqRENZai1LMUpMQ0RjMzVheUlBZTdPVmZlVTZpX19VcDVPN3NZcGJCUXZnVjYtX3dxakxhYnJvb1Nhak83ZVc4X3JTelRqQQ?oc=5,2025-09-09 08:00:00,日経クロステック Active,Japan,JP
NTTとドコモが標準化狙う6G技術「ISAP」 低スペック端末でXRもAIもフル活用 - ビジネスネットワーク,https://news.google.com/rss/articles/CBMiU0FVX3lxTE9McmduaEtiaWtmbmRBREgwcWQxWnF5X09oeXRjUkZWa0hnemZPcFV6RlZoX1k1MVZpUTdfTFpWcXY4bEtfLUdxMngySWdlWjB6eFZ3?oc=5,2025-07-01 08:00:00,ビジネスネットワーク,Japan,JP
「5Gは大成功ではない、6Gは……」“LTEの父” 尾上誠蔵氏、IEEE賞受賞会見で通信規格の法則語る - ケータイ Watch,https://news.google.com/rss/articles/CBMibkFVX3lxTE1mTS1pQ3A0SHJHLVYxT2tmN1VQNDZhU0hVZGVZSGt1REpLdmpSdE1Fdm9TYVRIenFzV2JheWQ0X2RVZGpualoxbEdJRFBFX0h2UTlaQTBoVllxa043ZU16LVZPQ3lkcXdodEpKZnpR?oc=5,2025-04-28 08:00:00,ケータイ Watch,Japan,JP
未来とふれあう！6G時代のコンセプトモデルロボット「スカリン」と一緒に横須賀市役所を訪問！ - docomo.ne.jp,https://news.google.com/rss/articles/CBMigAFBVV95cUxPMEVGVEJHejRTSlMtelN4YW5seFoxdmgyX3ZrakgwNHBRb0tjNElGYjJKdWJFdUZwNXNOM2pxaVM2QUxyU01LMkZBSFJ4bFA1dDg1OGtTbzRFWkFBOU5PanVOSDdYSTVfb1YyUHc5S0Ffb1hoQ1NXVWptVF9MZkU4Xw?oc=5,2025-08-21 02:16:42,docomo.ne.jp,Japan,JP
アンリツ、6G向けFR3周波数帯対応ハードウェアを先行投入 - イザ！,https://news.google.com/rss/articles/CBMiekFVX3lxTE9wMTlzUE56V3ZpSkkzR0l3WEo3RnlnVVQxZmZ1RE5INXkzMHBaWHpyU2JmenlnbG1pVG01Y3ZoUTFGdWpBR2hpMkZvRDVBVW1hTTMzSzctUE9RY3NucldCWFNiVEJVMzZ5Sm5Oenc2MXAybkt6MlJfOHF3?oc=5,2026-02-06 00:20:00,イザ！,Japan,JP
欧州の研究者が、NVIDIA 6G リサーチ ポートフォリオで AI ネイティブ無線ネットワークを開発 - NVIDIA | Japan Blog,https://news.google.com/rss/articles/CBMiYEFVX3lxTE1Xd2RxbV9fS1h2NWdpMmRsSmtONWFzZlhVNk5iTVhWTHo5MlQ3bUktUTczNmI5OUhCV0dtVks2aWl6NzZWRF93Z1BYOWNlS3pRLW9Zcm94S2JTYy1xdkxtSQ?oc=5,2025-07-04 08:00:00,NVIDIA | Japan Blog,Japan,JP
5Gから6Gへ、通信の世界的研究者・太田 香教授「U35」 へのメッセージ - MITテクノロジーレビュー,https://news.google.com/rss/articles/CBMirAFBVV95cUxOR0hMNGRudHFyZzI4MF9uaTBuVUNUMjNXTzJIdnVpc1NqOHFfREtyYmtuRHE0VEtxSjlSZGVIc2tNV2tUZWdFTHlDOWJqZVB4aS1CMzVuVnFDNFZyWVBsMkJ4N1B5bkxjZm94TFNBOElhb21PbmJubjNHcWppQ0wwMmpkdEp3cG1xU0NaQWhrZGsySFl4QUN5QUtQMkNmbHpQTXFBYzdBRXJUQ09Y?oc=5,2025-07-22 08:00:00,MITテクノロジーレビュー,Japan,JP
日本における6Gの取り組み - スマートグリッドフォーラム,https://news.google.com/rss/articles/CBMiXkFVX3lxTE1qMElzOF84SEE3MUxSU2ZZSkFYSUxXRUZCQTVFaDNmQ2hlN0M1QTBKTUs1S2JjbXFscDFsbXJ5SER3bmZseVlGM2NiX1JpLUVaQVhYVWp6WUxsZmY5VUE?oc=5,2025-11-15 03:08:24,スマートグリッドフォーラム,Japan,JP
見えてきた6Gの本質 AIと無線ネットワークを融合 - 日経ビジネス電子版,https://news.google.com/rss/articles/CBMiYkFVX3lxTFAtUU9NX1FmZ2hWWGZLTmxPYk14dlJHQlNLcnhfUDBfdmpiSUpxWDE0dTRJT0lIRTlBSUFzTXBlWmo3eU1KaWc1NTRqMzFUVGo1RDZOVGc3RG1NVUV0OVhUYmFB?oc=5,2025-05-09 08:00:00,日経ビジネス電子版,Japan,JP
Qualcomm、6Gのセキュリティー構想 量子時代の脅威に対応 - 日経クロステック,https://news.google.com/rss/articles/CBMiXEFVX3lxTFBiUXFrRjZSQlA0cDEwODNHbVp3Tnlqa3kxd2x2TFVncU4wSDYtLTJqTFF0a1hENkhIOHBMQ1ZScm1fQkpCYzU5elhsQjd6dWI0YUJOSlh0S05sMTNt?oc=5,2025-06-24 08:00:00,日経クロステック,Japan,JP
ドコモがロボ？ AIやロボが活躍する6G時代のネットワークとは - 日経クロステック,https://news.google.com/rss/articles/CBMibEFVX3lxTFBpbXg0TkdrVE9JUnpndFloeUNjR2VhT2lhejUyWEs5Zy1YbVpQanVYTWFXMUNTVkgtY1lNWEE4TTRxbm9rakdFUjZFcFlXLW4wcnBza0pfRm9ycDQxREdoNFRFUWxSdGxJa0d6bQ?oc=5,2025-07-01 08:00:00,日経クロステック,Japan,JP
6Gで活躍期待 日本高周波のミリ波、テラヘルツ波パワーメーター：産総研技術を活用 - EE Times Japan,https://news.google.com/rss/articles/CBMib0FVX3lxTFA2d05FQ25vajNiSlJmZTRzOWxINndFZzllQXlXWFBydnlLZkV0TDI3NDJSdE9EUVlReDhHYkQzSTVVemxpN1RiaV9HdTljZXluNGF2VVhaaU1JMEx1d2d2NV9SUmxkTmhaRHZBOWZ2bw?oc=5,2025-12-19 08:00:00,EE Times Japan,Japan,JP
ノキアとNVIDIAが提携、AIネイティブネットワークと6G開発を加速 - WirelessWire,https://news.google.com/rss/articles/CBMiT0FVX3lxTE4xQUlBYUtUT0tOaEUzX2wwS1RXajhGTDk3LTdvSzFQY09xdkdpeWkzVWNwVE9aeTNRam5WN19GMFIyOG92QWNfNUYyTHFuMVE?oc=5,2025-10-30 07:00:00,WirelessWire,Japan,JP
XGMFと米Next G Alliance、Beyond 5G/6Gに関する覚書を締結 - ビジネスネットワーク,https://news.google.com/rss/articles/CBMiU0FVX3lxTFBHcy1TQmFwNzlIYnkyTnlnb085T2JHaVpSQzU2akRGMlJJelB5QTlycUhTWkZSV25kUkQ4WFVHLTJjVHN3YVFvd0xhaXR5SHRWeGNz?oc=5,2025-07-03 08:00:00,ビジネスネットワーク,Japan,JP
AIが世の中にあふれる6G時代に向け、「AIのためのネットワーク」をテーマに共同でコンセプトモデルのロボットを開発 - PR TIMES,https://news.google.com/rss/articles/CBMiakFVX3lxTFBrY1loTTBUUG1vaF96TlRqQ1ZjOThSZjdmS2EzeWQ1STRLUHFCQS1iTzB1NGE5TTMyS25DbF8yVUVNQmo1aVNBRk5PdTNuMWQwT29sem1iMFJmZC1WNXhwd0VQT2w1Ui1yM0E?oc=5,2025-05-19 08:00:00,PR TIMES,Japan,JP
6G、ローカル5G、非地上通信(NTN)など 話題の「最新無線」が大集合！ 日本最大級の無線通信専門展が開催へ - アットプレス,https://news.google.com/rss/articles/CBMiTkFVX3lxTE5maWxFSWNWU0RTUzU2TnJzRGl0bllxMGMzYlZmQWZIT2w2dVRtWlZTdUVHb2RRZmlYMmFQUHVkUUpncnluUWhPaVJKMENjUQ?oc=5,2025-05-20 08:00:00,アットプレス,Japan,JP
XGMFと欧州の6G IA、5G/6Gに関する覚書を締結 - ビジネスネットワーク,https://news.google.com/rss/articles/CBMiU0FVX3lxTE02blBySWZPa2w0TUZ1eExhbkV6RXlYcVRyY2UyaktCX1Z1TVRzT3BOTXRReWQ0UzFNa0gxd0l6RTJhZnlWbThWVnJNZWZZRjFIb0dj?oc=5,2025-06-16 08:00:00,ビジネスネットワーク,Japan,JP
「6Gは当初から将来機能を考慮した規格にすべきとサムスン」など5本 - 日経クロステック,https://news.google.com/rss/articles/CBMibEFVX3lxTE9KcHUxLVBENUo1T2t5RkVoSWd5NTdsRllHdC1aMUNVRHNJem9iQy1NMGtqb2RzOGFXVFhWeXBnZEhHTTJURFY0VnBUcGx2NllHVGFjbkprUmlQYmxVbUVLTVFYYS1IVGlweW5CeA?oc=5,2025-08-29 08:00:00,日経クロステック,Japan,JP
ドコモが目指す「AIのためのネットワーク」 6G時代のコンセプトロボットを展示 - ビジネスネットワーク,https://news.google.com/rss/articles/CBMiU0FVX3lxTE95RkVlYUc0bWcwajFZb0p3THRYZXRRdGZqR3pUVVJ4d0E2TzRUalgza28zR3JaZnZvZEpuY3hrMktTNlF4akxyWWp0OUt4RlhaWUxZ?oc=5,2025-05-28 08:00:00,ビジネスネットワーク,Japan,JP
"ドコモ、6G時代の""AI用ネットワーク""を活用する3つのロボットコンセプト - Impress Watch",https://news.google.com/rss/articles/CBMiZEFVX3lxTFA2SzNZZ1BEaEJOM2xBTDZVQVoxZnV5MWd1V251Z3g3UURpRkFHN0lNZlY3MUl1TTROeUt4OExSY2MtMTU0S3RER0ZvaU1GcTFFblN5aEw5eF9VUEZ6MDdPWVJsMEM?oc=5,2025-05-19 08:00:00,Impress Watch,Japan,JP
「5Gの社会実装」と「6Gの研究開発」の功績で電波功績賞を受賞！ | docomo EVERYDAY | あなたとドコモ | 企業情報 - docomo.ne.jp,https://news.google.com/rss/articles/CBMigAFBVV95cUxOdjhaSE8yR29CMUsxUnRaUXNGeEt1VlJBS2ZkdDNMRGRiWEdDOTRydjB2OTR2WVBZbWtXcEVEY21KZXNOajV0OTJ1MEhQU0Jwc2NuaGlIcXRxMktIazg0MG9aRlM4OGFvOTNGYVdiMHpxNTJYU2VCMXd5eVA3d3Q4TQ?oc=5,2025-07-29 03:23:21,docomo.ne.jp,Japan,JP
「6Gで必要なアンテナ・半導体技術は何か、米団体白書」など5本 - 日経クロステック,https://news.google.com/rss/articles/CBMibEFVX3lxTFBiMDI2SlAxTnh1UkFEY01abDBJb0ZVLVgxOUo5U2QtNHdRTDVYelRrVFNZSmNUWWJZN01zM3hMRDBaWk9XSFlPSFcxampkR2lUb3dEbGN1Q2V1N2pfT3F2blNHdEo1MERFT1hhcA?oc=5,2025-04-11 08:00:00,日経クロステック,Japan,JP
6G時代の大容量無線バックホールの構築に向けて前進 - docomo.ne.jp,https://news.google.com/rss/articles/CBMibkFVX3lxTE5NcUlYd3pjT1V1ckt1LUd6VVlDajRfOHI3dlYyLWRlYjFJYnAtSFlKMTdzcDBHaGMxZENiVDRaeGQ5WFBiNzlQMVNtaEliME05OWFSUk9taDRGYzRxNkh4ZXVEM1dnSm5CS2lpLTJB?oc=5,2025-03-24 07:00:00,docomo.ne.jp,Japan,JP
Beyond 5G/6Gの超高速伝送の実現に向けて テラヘルツ波を用いて伝搬空間を有効活用する仮想化端末の実証実験に成功 - kddi-research.jp,https://news.google.com/rss/articles/CBMiYkFVX3lxTE9qUE9EeXpmdzBYRnZ4N19OcDZseXEtcGV4dVFpVkd4ZzNGRkRSNG9WanI0dzJEai13cDVvR2xyR2VDVkpMcWtfQlRpeUxFU0xQaHNQaC05QXR5ZFZyRHVUQ2NB?oc=5,2025-05-15 08:00:00,kddi-research.jp,Japan,JP
国内通信事業者初、6Gの実用化に向けて7GHz帯の屋外実証実験を開始 ～Massive MIMO技術を活用したセンチメートル波による通信エリア化を検証～ - ソフトバンク,https://news.google.com/rss/articles/CBMibEFVX3lxTE93ZE9QTEhUMzhsZzh3MGZUNXVTTTFLbmdvbnAwWEpNWXZxVF92X2hjbkNEUW1OVVRvak5OSHlaTTF2cFdLUUFXWUJ1M1VuTURFdUU0ei1adExWeGpKV2hnWlNFRlB5SWxLaTM0WA?oc=5,2025-07-08 08:00:00,ソフトバンク,Japan,JP
【WTP2025 出展】5G・6G対応の注目測定器＆高周波部品を展示 | コーンズテクノロジー株式会社のプレスリリース - PR TIMES,https://news.google.com/rss/articles/CBMiakFVX3lxTFBPWWN3alotX0NFNUZtMlJIa2JyRThubDJuaURONmZZNDE3MUZmV0FyOFJFTjBvOWpLZGdxemhqOFlrbVh3Mmx1QTdYWWtJVndHOXBvYlVVTXpGZjNIU2tCNzJvQWZ6ODR6WkE?oc=5,2025-05-15 08:00:00,PR TIMES,Japan,JP
5Gから6Gへの進化を加速するミリ波通信システム Wireless Japan × Wireless Technology Park 2025に出展 | 住友電工 - Sumitomo Electric,https://news.google.com/rss/articles/CBMiYkFVX3lxTE5YZ3BsUzJhM2lORDZ3Ni0zVUpNbjBDM2tweWxwNG44SXFfSGxxMUpQby1hdm1hRldsRGtXRTY0dFJfR29IR1QyOFk5UzBDUkV4TWF3SFBaR2RTYmR1XzhPY0d3?oc=5,2025-05-23 08:00:00,Sumitomo Electric,Japan,JP
テラヘルツ 連載シリーズ：第3回 ソフトバンクが切り開くテラヘルツ通信技術 〜6G移動通信への挑戦〜 - ソフトバンク,https://news.google.com/rss/articles/CBMibEFVX3lxTFBXcXBxS3Flc0R2OGMteG5uMDBKcFRLaThxeFI0c1ptWEliQkVTR1V1M0djYmxvMmxzQXFOLTl2SFhyUVhId0pOZWlQdHZycGxSTG9IQ3k1aFItaDR4dFBnWF9lUFNsVW9objU4Mw?oc=5,2025-03-14 07:00:00,ソフトバンク,Japan,JP
落合陽一氏とドコモが6Gユースケースを提案、コンセプトは「人とAIの協働」 - ビジネスネットワーク,https://news.google.com/rss/articles/CBMiU0FVX3lxTFA5dnlQUnhxS296UWY3YkRVZGxXYkFzM0htNC1kUWljWVpvVzFJNVRET19HTlRRZlpYX2J4VTlfVVFnWTRUNi1aZkk0bTVRNXVFcnk4?oc=5,2025-05-19 08:00:00,ビジネスネットワーク,Japan,JP
独首相、ファーウェイ排除を表明－6G通信網から中国製部品を除外へ - TBS NEWS DIG,https://news.google.com/rss/articles/CBMiZ0FVX3lxTE5TMHF5ekE5ZlZyX2hyekdibDR1eXA3dWRzU3Zwb1VvNlVCZ29Ia2d5UWEtREFTdmVjcGxYRG5NTFRVbkJjUGxpN1FsMUZENHQ1cGtnUDhaT0ZSSnBsQ09zdWlIZ1ZoU0E?oc=5,2025-11-14 08:00:00,TBS NEWS DIG,Japan,JP
NTTドコモ、6G時代のAIロボ ｢猫のような隣人｣が開発者刺激 - 日本経済新聞,https://news.google.com/rss/articles/CBMibEFVX3lxTE5teXNGTEFMcWFJbUs3NnE3YjdOTmpTV1dYRWtmeWgyTWg1NmN0VUc1LWQxVDlTNGZzZlZmVjByN0JxQjhPdTcxd2JzNTgybERuVFo3WUl5X19OcW1TMkc2V01WdlkzUG5MeVhTNQ?oc=5,2025-05-19 08:00:00,日本経済新聞,Japan,JP
6G時代の大容量無線バックホールの構築に向けて前進 - PR TIMES,https://news.google.com/rss/articles/CBMiakFVX3lxTFB2N1RqcVNTa2djWHoxXzd5enAxSVNrMVlPaFMyanRva2VnNU1MNGtHeEluOVdLTTJsWmtyZ05JZlIwdkhMTzlfdlBvQU8xTjEtN3RhN1hpbDJUbi1uLVRjRlo0UW5ISnRmQnc?oc=5,2025-03-24 07:00:00,PR TIMES,Japan,JP
6G 是什麼？為何 AI-RAN 成巨頭新戰場？輝達投資諾基亞只是開始 - TechNews 科技新報,https://news.google.com/rss/articles/CBMiY0FVX3lxTFByMXg1eVVyRWVta0U0c0VIangybGVyeTBUMEM5QWhBc2FYMXlNcXVwaldMakgtaTFfNHdsRmlXUVNLYnIwNjRmVXJ3dUh6bWtjd25CLUlSOVNaOUZWUzZXM2dfNA?oc=5,2026-01-21 08:00:00,TechNews 科技新報,Taiwan,TW
MWC 2026登場倒數 AI手機、6G與新機亮點一次看 - Yahoo新聞,https://news.google.com/rss/articles/CBMigwJBVV95cUxNcHVheFlTTU8xNXl2ZkpzMldmX3FkaVd2ZUVQN25yYm9tejU5ZGUteThQLU1CSDgtMVdVRFZyTWVWM044eDRqUmY2MkpnbWkzRzIwbV93d2NaNnZ0eGozMmRkMDhHcUlHOEF1YzI2aENqRm1lWmdjVWpRVjJMTjhLdGFQS3Iyb1Ric09fMGcwU1BIVnNPcU43cm9SWmdheW1wSktoSU9YWHFVRXFsdHhXUDNOa1ByUUF2cjVOeWJ5RWhhVHBSc3VxYTYtZ3hHSllvSXlhXzJ3Mk1OSFpneTVTbkNUQVV6T3V2Rmppb05KcDBJNW5xSHJsOGt0SWVzNHBTbHBN?oc=5,2026-02-11 08:23:00,Yahoo新聞,Taiwan,TW
北科大光電系呂海涵教授榮獲國科會傑出研究獎 領航臺灣6G光通訊技術 | 產學研訓 | 商情 - 經濟日報,https://news.google.com/rss/articles/CBMiWkFVX3lxTE1IdmJTLXByTFFFVjhxTnNZUGROWnZ1S3ROUlNlcmFXWkw2NHVEc1QxOGRGT3BtdG5vcm9JcTVKWlY3ejhkNjZ1WmpfR29IV0FTc3B1aEd1UWNYdw?oc=5,2026-02-14 06:28:23,經濟日報,Taiwan,TW
聯發科攜手三業者 推動5G/6G衛星通訊技術 - news.cnyes.com,https://news.google.com/rss/articles/CBMiT0FVX3lxTE00ZUd2NWhkQngzOEtreWxLRjlKZXZ0T2RjVHk1WUZ3cllEemVmaDhQMjMyOUxpSnNwS2N4N2NibGtzNGktdEs4X2s2N09FTGM?oc=5,2026-02-09 07:24:33,news.cnyes.com,Taiwan,TW
聯發科攜Airbus等夥伴 簽署5G/6G衛星通訊MoU - MoneyDJ理財網,https://news.google.com/rss/articles/CBMikgFBVV95cUxNblVKc25JUURscWNSajh0WjNIaHE0OWZwRUNYNGtlUnpONzRiVHZRNjZBS185MzRRRjZBc041bXdhS2sxOFpIZ2I5SnZQeVhENlBQVUc3NVBFc1Q1RXlkRTdOU2x0RHFNUlExcFRCbXFRUWMyYWlxYVNoWWxnV1ZjUm1KbjItTEt2X0MtTFhoNnpLdw?oc=5,2026-02-09 08:22:00,MoneyDJ理財網,Taiwan,TW
5G面臨「技術領先、商業落後」的結構性落差 6G正重新定義「網路水管」的剛需價值 - DIGITIMES,https://news.google.com/rss/articles/CBMie0FVX3lxTE9TSTRaYXlYR3kxZnVWTGZ1LVo4eHh1MXdFa2ctSlhUSFU5SGpNbkhpbWJXLW1CeVpKTE80cXotN1VOb3VrTWVvTWxfdlV6dGYzSWxDai1DT2dxZ3kzSy1xdDRSb0hrQkFzZktvcmtrMGxKeXE3bllVYmtNcw?oc=5,2026-02-12 08:38:57,DIGITIMES,Taiwan,TW
聯發科攜手空中巴士、是德簽署 MOU 推動 5G／6G NTN 研發創新 - CIO Taiwan,https://news.google.com/rss/articles/CBMiREFVX3lxTE56NXJXdVpoeEZWQU5aZTUySTJTSHJlNGZGalZhbTlpRHhRUDVOMnpJdE12VVdRNFVpODZlLUNBbG5aTUJT?oc=5,2026-02-09 07:36:11,CIO Taiwan,Taiwan,TW
6G黑科技來了？聯發科聯手這3家頂尖公司 要一起飛上太空 簽約畫面曝 - 三立新聞網SETN.com,https://news.google.com/rss/articles/CBMiS0FVX3lxTE5XYy1YQkhlQ2E1ZmFqczdQRDBHMndWd2htdlhxdFNOZ05PenRKdjJ5ZG92UEtwTFlJYTNtaWpOSUpwQXR5SUdZbi01Yw?oc=5,2026-02-09 17:15:00,三立新聞網SETN.com,Taiwan,TW
為什麼 6G 將是 XR 體驗升級的關鍵拼圖？ - 國家地理雜誌,https://news.google.com/rss/articles/CBMib0FVX3lxTE5STWFqb1MxeU9oMlVQWEFNVDN3VEtSZnJsdWRQdWVWeGxKODE0bTJNMWQ5QVVpV3h6M0RWXzlubjNYS0NoSURySTltc0phMU9qUUhtOGFac0prTVVrbG5BemlkWWFycXZBRUo5NGh4NA?oc=5,2026-02-05 03:48:15,國家地理雜誌,Taiwan,TW
工研院赴歐開啟6G國際合作積極布局次世代通訊生態系-最新新聞-新聞室-新聞中心-工業技術研究院 - itri.org.tw,https://news.google.com/rss/articles/CBMivgFBVV95cUxQNlhoem9FaG02VHpjRm5qQjRzYVdTb3VIaE5RSWMzSDU3ZUZ3aFpWc29qOVcxQTQwOVhncGRjVmFCT2RPYUlJTjlUN0VKSnBYc3BicDRCMEt3R01wRzdySGZYblJRR3JTS3VWZlNPaHhaMmUtdHk3MFhFRnVOZlVIZ3cybDZBblZ4M0FWVzBTSkhpSTY1QUd5NUd6amEzRXFoT2tQcFo1WHJvak9fTU55OS1nTzJzSDQ4blEwZGhn?oc=5,2025-07-09 08:00:00,itri.org.tw,Taiwan,TW
暌違五年 IEEE GLOBECOM匯聚全球6G頂尖專家來臺 經濟部發表我國首套6G基地台天線系統展實力 - moea.gov.tw,https://news.google.com/rss/articles/CBMijAFBVV95cUxObmN0b1YxVzRqNmRoMWxvMWlhMGhGWWVYVlJZMTFHekhURzBpSUNFYXlveld0S2h0Q1FrdUVnT0V0bF9fOGRWZjYyTHVqcy1zLU8teXIwVndoWHptWEo0SDRZUDBlRUVqZHRrYlNYellSZmlaUFpCUDJFVTM5eDB5X2NDLUhZendZUzRjSQ?oc=5,2025-12-09 08:00:00,moea.gov.tw,Taiwan,TW
6G競賽開跑》台灣行動數據用量竟超越印度冠全球 通訊大廠：上傳頻寬成未來決戰點 - 新新聞,https://news.google.com/rss/articles/CBMiTkFVX3lxTFBwek4wMzh0X1ByR2ZpY1pDMW5HcF9xeHdLZ2kwODE4ak1tUnVMYlNfZGFiWERpbUdZMDBrSEdSdG9va2VTRzZ3R25FdEd0UQ?oc=5,2026-01-19 08:00:00,新新聞,Taiwan,TW
1分鐘讀財經》全球衛星戰開打！2台廠「太空級晶片」發威 搶食6G星際通訊 - 中時新聞網,https://news.google.com/rss/articles/CBMibkFVX3lxTFBYZVFlWWVQRmpVNEFCbGFnZnZFR19VRTBhQTc0d2lwQ2hVSXhvZEdVZTRsaXJOQ1g3V2xoUF9YZ1hsYlhIbC1faXUtLXY5cHFtelpGbTUxdl83b0FQeEc5cU04NTk2bnlqZ011akdR?oc=5,2026-02-10 00:33:34,中時新聞網,Taiwan,TW
《半導體》聯發科攜Airbus等國際巨頭 加速6G衛星通訊技術落地 - money-link.com.tw,https://news.google.com/rss/articles/CBMiigFBVV95cUxPUjVPcUZUby1SMnBTcjRaQmttZUUtb3c5LWpUbnp4TEZiWUdtRFVqRnJRS0VpLUYwbGZuNGZsRXJKMWJnTTRHRmJjUHEyM1o1VjQtakJ1M25vVmFEWVRQMW9HTVppcnZZVVdTVnZSQVQwTVJPUkRRS3pWcVV3YnR3MHM3WUpfdkk2cXc?oc=5,2026-02-09 07:50:00,money-link.com.tw,Taiwan,TW
2030年韓國將開「6G第一槍」？遠傳總座井琪：5G沒回本談何6G【Yahoo財經大人物】 - Yahoo股市,https://news.google.com/rss/articles/CBMi1wNBVV95cUxPYVdFMzdweXBDMlB1RVFhLVpWelJ6dzZYcGMzOGdJYjQ0WGFtWlJjWHZwd01hNmtBNlppLXllODY1bENoRUtSTDl0bkZpbF92ZlUxUU9mYjViX2dCNFMyTUgwWnJBVGRuVmxXM1ZWVFFTaU5vR0pJNV8tSUd4UXdCX2hqVU5RSTUzc1ktYXR1cUIyT2pHTFNkd1p6SzZkZTl2NEJZVmhLTUlRaEdhQ1p4MFVwa1RiYkMxQmxwUkRrcUF2QWNJWXFaeWJFTk1MTlZoa1JqRm5DYTc0d2xhcXJtal85YTY0cGVRNFV1QWpleVdXMmp1TlpVMTQ1RGhsZ3k2S0RHanZXUERwb0NCUVlYZzl6djU5YUhEeF9icUswNE1rT1otUWNDcy1qZGpvenlHVWVJdzE3YWcya0JVM25HcmNWSUROLXBybW9Vd0FmazVYMFVfbnpTNS1KZXFfVlY4SzdEWUZsUXQxdjhJUXpRc2xwNVd5UkRuRG4yV0ZoMnY0Zm1RdFhvNWgwaUJjV25BODZyUi1ZZU0xOEx5cVpEaXB4OFhZR282a0lCRkVDTHRYSThTdlQ5Q04yRW1SVTg3VW5SQVYwWjRZSFJKTUVFazJPNHFiZlU?oc=5,2026-01-19 08:00:00,Yahoo股市,Taiwan,TW
耕興去年獲利衰退逾1成 看好2026年迎6G世代檢測商機 - DIGITIMES,https://news.google.com/rss/articles/CBMijgFBVV95cUxOU09mdTF0bFBjSFRDMUdnX0JVUmlOeEFDMGlqcmdFd3NuMGVtOE91eGQ4c2NWOHcxWjA5NktBRG5ZTlZrZTBFTDRxcVc1R1J1dkZZRDRMVWI5ZW9jcFZzLVoyUXg4UVJsMzV4NDJCSXc2M2lheWE1VTFkSWg4X1AybHFDOHBNMUpXTGtjUUln?oc=5,2026-02-11 10:56:00,DIGITIMES,Taiwan,TW
聯發科攜手夥伴與空中巴士簽備忘錄，推動新世代 5G 與 6G 衛星通訊技術 - TechNews 科技新報,https://news.google.com/rss/articles/CBMipwFBVV95cUxOS3BIczVSaWVrYmNqX2dXaHoyZjJPUmdiMWMxUktXVFNoXzZ2emk2dUNnNnJWOWRXUm5MWW5MTl9jaVNacnVlVF9uZmFwVVpPeW92SmoyMXVNWW5pZDlJczd5UDlGQ1ZHTm5GYjMzWWtXcnlub0Rac3Y0aEQzalhyQjJxelpXMmlQb1l5UF9RZWhzdzFnaktHam1LTWhzaGtwUjlqOG5QMA?oc=5,2026-02-09 09:19:10,TechNews 科技新報,Taiwan,TW
臺灣6G技術拓展團赴歐開啟6G國際合作-工業技術與資訊月刊-出版品-新聞中心-工業技術研究院 - itri.org.tw,https://news.google.com/rss/articles/CBMivwFBVV95cUxQd2Zlbkl0NjlpMzI2ZUZtUjM5Q0dTeTNTWDZDSzhfYm9XTnBYSTBUdW9iYzRFekhLdDBqTlJ3dXg5Mk1HYnp0NFFDN3JIaWJjZWZ2WXltMF9kUmtvSFhsYVlYd2F4QnhCZVMwOGtSdE1KT1VlN2hwTnZGTlhWbUNzRnFTTHpGc0o3TkJ5d1VZUUJoeXZHVldJcFVBMUlqaVpGYXN6WlZGS0lnSUFSdnhvaWtzcHF1czVqdDVLY1l5UQ?oc=5,2025-08-15 08:00:00,itri.org.tw,Taiwan,TW
聯發科組四方聯盟 簽署5G/6G衛星通訊研發合作MOU - 聯合新聞網,https://news.google.com/rss/articles/CBMiUEFVX3lxTE5mbFY0aVdpMmFTSkdqcmNISFUwNnA0cUdaUjZSbjZMR08xOHljbWdTSTRqeDVJYU44eVY3cGRrVG4wSURLRFJPdTNhY0NGQUtj0gFWQVVfeXFMT1dkZWhIU1Bwa1JTekotRnFudEJXZmZEd2dZSVN0d0tMc2szZ3loU2R4VVR5bkp6RzlMeFZ0X1FINnVfMHRKNnFVZWxscU5lNVRRMDVZSnc?oc=5,2026-02-09 10:57:30,聯合新聞網,Taiwan,TW
暌違五年IEEE GLOBECOM匯聚全球6G頂尖專家來臺 工研院發表我國首套6G基地台天線系統 - itri.org.tw,https://news.google.com/rss/articles/CBMivgFBVV95cUxPeDZHb0hNZ2FuaHRxcnFDdkc4UEtUdHdqeF9OdGhNYVpfem5MalVBSkNpcTlmZDVYVzdJbG13V0R5S3FBcE0xWFNodHBpaG1WZ0NHczE2TVQ2dmdUUnE4MWV1dzJDZ0VvV2otVkdDNmdvdkFjVzROcWpHVlVsTjNMOEg2MklYMUNJNUdEOEk5eDFKMElPUWdEM2RxeDFqX3k1a2h4Qi1nR1FrLXk2NVhPYmRhQzltSzRhSlM1ckRn?oc=5,2025-12-09 08:00:00,itri.org.tw,Taiwan,TW
陸工信部：6G 技術研發進階 擁300項關鍵技術儲備 - 經濟日報,https://news.google.com/rss/articles/CBMiWkFVX3lxTE9xNktpdmtia2NaNEMtNUlQb3NUTFdEMzQ0bldfZWEyTGs0dUlteHg5WGhPd3lhcUlFZy13aV9TRnhpUktENnU0MWVEZEtkbU9MSkV6MEpiSTJhZ9IBX0FVX3lxTE4yaXgwTldRUWdSR1FoQTZrWGZvZ05icm5uY0ZZQmFoZUhpV0N3NUFFMkEtYnFmcVllRGc4VzJkN0ZkcmlBNzhzc2VEamtlOHc1bUFDREx0MnZET0RpeUtJ?oc=5,2026-01-22 08:00:00,經濟日報,Taiwan,TW
放緩5G SA進程 電信商靜待6G - 電子工程專輯,https://news.google.com/rss/articles/CBMihgFBVV95cUxNODNXRjZlSmtrZU04eGF5cjVNbW9sVWhlc05pdEVSUG1DX3ZrWlgwY3JZRWN5TkdiUEhqS3NyX1I3dzBsN1paUkpVS29yWWtnbnZkSE9Fc0VrcXFCQkt1ZUxpNXY2SnYtRGxNVzBQYXNGNV9TN0xEa3NnanpTSUxHQmVKajA0QQ?oc=5,2026-02-02 08:00:00,電子工程專輯,Taiwan,TW
工研院發表台灣首套 6G 基地台天線系統，展現 6G 產業鏈自晶片 - TechNews 科技新報,https://news.google.com/rss/articles/CBMikwFBVV95cUxOQzhSVWE3YjdBRkd4NThna21ILWFIalVuY0MwQ1JKQTIyeWFobFI4b2pTdC1TT0pSUkRiNDdhSmJmWkI5VkxLNHY2VklXaDd5Rlo5OFVIbVRVMWNZYWhuemhwRXpJYkI0R2ZmNmpNdkw4NGkzUGxwa0lRdW9PaFdOTm1zeHEyV1lITlJJYVhud1RYTmc?oc=5,2025-12-09 08:00:00,TechNews 科技新報,Taiwan,TW
6G競賽開跑》從NEC轉型看台廠如何靠FWA與6G迎來黃金期？ - 新新聞,https://news.google.com/rss/articles/CBMiTkFVX3lxTFBXemV1Ymd2R2ZKcmFDejFSRWpsVXRMM3U4emk1bm90ZlFQM3BkVXh6RUlFVWVCSnhHd0dxdTNDTWs5LXA2eXVWNnREMV9jZw?oc=5,2026-01-19 08:00:00,新新聞,Taiwan,TW
6G競賽開跑》「星鏈」將成標配 低軌衛星與行動網路深度融合時代來臨 - 新新聞,https://news.google.com/rss/articles/CBMiTkFVX3lxTE1TZXFpQmxYU3FmSzdRWnFLNjhWMmtUaVVDc0V2Y1BJQkFhWWI0NGt3a2dZSmJoT1lBTkFlZGJQWUE1eDJnT2hmeEIxb1NPQQ?oc=5,2026-01-19 08:00:00,新新聞,Taiwan,TW
《 6G 無線通訊標準化產業趨勢論壇》：從 5G 投資困境到6G 全球標準話語權，臺灣產業如何卡位？ - inside.com.tw,https://news.google.com/rss/articles/CBMiY0FVX3lxTE5YQTlFbzVHUGtieWJuc3JyVlhJLU9zRS10aVQwR21KN1dCSEpFWVZNeUVkMFh5SkVaZ3hvTVp5SllvT3VoZWZ6SzhNTE1vNnFudDlzU2w4cjhLeXB5Tlh5S3lQaw?oc=5,2025-09-18 08:00:00,inside.com.tw,Taiwan,TW
【新世代通訊領袖專訪④】以AI創新與全球合作引領6G時代 - samsung.com,https://news.google.com/rss/articles/CBMizAJBVV95cUxOak1oNHYzcE5SQ2tyWnVXcE9xVDN4VHJpMVhrSWVvN19UbFRnTnZjeG1URklNMEY2azZ6Q3RNNHpNTWh3UGVjMEZIdUVycTZ4R1J6SEswMXJSVE9iaHcybzBEU2VzeWNuc3ZYbjYxZVFGdTl2dlQ2YWFPbXQ4VHhBUUhZOThWWU9YTDZxV0J4NGR2WEVyd3NVOFhMWDV3RlhQSXFQeVVoc2J3aENUZlVWajJvNmxUa01wVFVUZHpiakZqRW9VUm0zbTlkbWtvaUxyQmVueHVLUFBIUjAweVo1NThYZC05b3hNaEZobFpNS2NMQWZzTU1ZamcwOU8tTXRMYjNnS2k4SFBSLTBXNVMtZ29mRTctejQ0bVpDT3RTVVVfQVliLWwtVWlINGY4azZVZGxHVUw5Zll2S0kzWlFKRlhrd0pkSnNsYWE5dQ?oc=5,2025-11-06 08:00:00,samsung.com,Taiwan,TW
日美英澳加將在東京舉行電信五眼會議，聚焦 AI 及 6G 標準 - TechNews 科技新報,https://news.google.com/rss/articles/CBMiZkFVX3lxTFBsR1BBUkFMYjR6QXdWOEdRNFY4dHlqMTBTMU5PcTlNODRWM1c4dy1lMGVmQm1VLTJRdGFMdUR2NmR2eXVKX3FxdUxXNUo4aEFBelNIVVBMX3hDaHBBVkF5UFdUWmFfQQ?oc=5,2025-12-08 08:00:00,TechNews 科技新報,Taiwan,TW
從地面基地台到太空衛星 解鎖B5G到6G全域連結藍圖 - 電子工程專輯,https://news.google.com/rss/articles/CBMiW0FVX3lxTE9STzFlTXJRVUU4TEhmQUpqUnlGMFo0Y3ExeE1LZE12UTBXVzI4bl9rOGpaRDFObGswU2pDbk9jSjJwSnlKdUE3cGRLWXFPZk44MFJ2TFJFa2hSajA?oc=5,2025-12-22 08:00:00,電子工程專輯,Taiwan,TW
聯發科與空中巴士等大廠簽署5G/6G衛星通訊MOU 推動新世代衛星通訊技術創新 - 知新聞,https://news.google.com/rss/articles/CBMib0FVX3lxTE9IQUhuQkdFTjVCQk5qWGxlMHZhZ2pvc3U0WmgxbGdaVVR3MGthRkNPNjQ3RVRERmdpcGpLc1ZRUFNMYTFvcWNZb0NfSk02dkhWV054Qk1iQ1dKU1FHdWV0TEoyUkJGTl9tTmVCVEliQQ?oc=5,2026-02-09 06:39:00,知新聞,Taiwan,TW
臺灣次世代通訊產業聯盟成立 啟動 6G 與衛星戰略布局 - tca.org.tw,https://news.google.com/rss/articles/CBMiVkFVX3lxTFAxcWx5TjB4Z3M4YnJxT1hXSDZSR19YVDhqUmpQdlpvbDNTdjhmV3RYUUVyQm8yclYwUEdTQllmUWJ4R0EtMFBpQmhuazMtbUtEMlBIWE1R?oc=5,2025-12-02 08:00:00,tca.org.tw,Taiwan,TW
"IEEE GLOBECOM匯聚全球6G專家工研院首展自製6G基地台天線系統:6G,經濟部 - CTIMES",https://news.google.com/rss/articles/CBMijwFBVV95cUxPNzBTRldVYW5TSjVqM2tSOFhCdUJucG50OE02N3VSUXNwSjdadFpDTlVxYnd3bjZVR29NN1JSUGdPYlhMRWlNREo4M0JsTGZkdjRidWx0ZmIzMVZoWnNZbDdHLVhYN29BWG5tUFVOWjFXVkotbzlOOE5qV3lIbWIzbGdWcVI2OU43ckF4X0JsTQ?oc=5,2025-12-09 08:00:00,CTIMES,Taiwan,TW
高通十週年峰會里程碑：AI六大趨勢引領未來，2028年6G預商用設備搶佔制高點｜產業熱話｜豐雲學堂2026 年 02 月 - sinotrade.com.tw,https://news.google.com/rss/articles/CBMilwRBVV95cUxQZWlkYlR0cW04Sk8tT2JHSnpwY3Bkc0s3eHhkeWt5WEJnUTB4bmlqbWFodTh5VXlURlRwLVEzMDFxWHlxeTJEcUFDZ05VR2hOTmxxTDhjRmVRQlA3dngwSHBHX2o3VzNRZ2c1U0YyME13WVVWOFFlVV9qek9LN3JaUWtOc2FBTlE4RnAxZGFDTXNLVjdoQXktNkswNEZ6V2JWekRBTG1JMndwMm40YjVGMFlQTFpIUEhlTU4zRThENHpJMFliT1lwdF9xVFNQc3FqVUpjZVQ3YVRvYlY3X2RvTWpOTzZiV1lYbU45UmxIQlpGNkJfSjFIZ2JUMWhYWkxURlpOVFdfNGl1THVvMFoyMThuSkcxam1Lcy04THRGTTMtYmhVQUxhTjhtcE8ybUlDeW9DZXBpc1hYTU82c2RGb09CaUthcXg4R0JKOEhjT0pLN1hucnM2UTZWUjVwc2hFZzI3OUF0VEY0c2diY3MxWGFxRUZlWXkzOFpWZDVKOEtsQlJvUW9nSnczNDM2c3RtWnRkZGN4VDU4dThpck12d2NVTlF5RHYwSjBmUUdaX2xkS3plcWxjaVEzTEZoODZXMFdlaW1tUWg3d2hFd2NmM2J0RUwwOHJIcWJUT3Y1a1BzY1UxTmtLU0lfcTJSVGItVktYQ1RtcC0wWkk0R1B5bnpzRldIWk5VN3czTzBmTWFRRTcwVGJF?oc=5,2025-09-24 08:00:00,sinotrade.com.tw,Taiwan,TW
IEEE 大會 台廠拚 6G 秀肌肉 聯發科、中華電等展出最新技術 - 經濟日報,https://news.google.com/rss/articles/CBMiW0FVX3lxTFBWVkkxSVRIdWZDOFJhd1BaejBLN1dYek5GcktMbkZZVjB0VmxrS202TldFTC1jVmZpbHJmWTJyOEhMLUdkSlpyMHZTa09UWG1CNXZ0TUJhRzdkUVHSAWBBVV95cUxOZUtkTmxacDBwODZHM2R6R2tjckI4LWF4b0xTR01xUGpXNjBKMzZwdXZ1elRodkxKWnZxUlM3N1hYMHVnNnVsOTJURWZkTGRBWGtGTU53UU0yWHpFX21vano?oc=5,2025-12-07 08:00:00,經濟日報,Taiwan,TW
聯發科組團攻「太空基地台」 手機直連衛星時間點曝光 - 民報,https://news.google.com/rss/articles/CBMiZEFVX3lxTE9lalN2cGN1enlhQ0xOSnhLc1M4OU5sN0JrOWlwOUxHUDc3bW1VUnNDRXQ0elowRjFjVEYzYUpRTTJUcDBXV2hpSkdsaDZRSVBfSHFBdnFnbWxIc3N0d1ZjcnpHNjk?oc=5,2026-02-09 07:54:20,民報,Taiwan,TW
經濟部推動6G研發國際合作 工研院攜手歐盟啟動境外首座6G-SANDBOX實驗平台|科技 - 僑務電子報,https://news.google.com/rss/articles/CBMiS0FVX3lxTE5rLTg2RGJZTklWZHJJV2RhQWR1SURXTGRSdlA5LXMtVmJnZzEyLVdPWE9Ndkh3eWwySHM3c21iU3dLV1FQUVR2MjBUNA?oc=5,2025-10-07 08:00:00,僑務電子報,Taiwan,TW
東京理科大學以摺紙概念開發小型6G衛星，結合柔性薄膜技術升空後再展開天線#低軌衛星(246119) - Cool3c,https://news.google.com/rss/articles/CBMiTkFVX3lxTE9TWG5fTWVUMm5EbFJnZmFZVTRBbmMwM1VnaGMyOW1RSE9QUWVtMkVHRVFmN3FHeU1ydnFuellhVFFodjN6R3BaRXhIV0F5dw?oc=5,2026-01-29 08:00:00,Cool3c,Taiwan,TW
川普向官員發布「贏得 6G 競賽」備忘錄 但他本人可能搞不清何謂 6G - 經濟日報,https://news.google.com/rss/articles/CBMiWkFVX3lxTE5GWlkxNEVveDUzcXVmcWxSbHlySGpiZnB4aXdBdDY0al9zTkJEUGhWWXRHaWhGSHp6MmNoUWw5dnVPNWxqRGJ2VjlobldZZnFSNWVuSGUwdlcyQdIBX0FVX3lxTE5OcWFjeERrYmtWcUxMTzhEWXhjcm9iVFhfeHVuTTh4bmU0al9NOG9jczZDVzlrOTNaaFhEYVN5SzNhSDZFV0ZJVml3QjFGZmdDc1J3MnVIUnZNQkR1RVNJ?oc=5,2025-12-20 08:00:00,經濟日報,Taiwan,TW
6G競賽開跑》在大巨蛋開4K直播 台灣5G還缺這功能 - 新新聞,https://news.google.com/rss/articles/CBMiTkFVX3lxTE9tci1Ca2Fsa2VDZXhWeXgyRmlDOFNDQUxuTGFKQVRkRnZzeDdXVEt1bC01N2FublN1UVd4WUUwZ1Z1MmRsQjZFT1VMem5VZw?oc=5,2026-01-16 08:00:00,新新聞,Taiwan,TW
三星電子與KT Corporation成功驗證商用網路AI-RAN， 加速推動6G發展 - samsung.com,https://news.google.com/rss/articles/CBMixAJBVV95cUxNRklOcVlFYWpjX1kyVHZuRnRsTTNUTVpFeXNIdTZqeVdIN245QWxMeTh6TGlxeksxdFNqdHJzd0dsc0Rjem9FM3hQR09WcGlmS09ZWWF2MU5XdE92cUVDM0JadkZIWTdiYlVkVWZGVS1fa09rUUppUzZ2ZlB1MnEtaGs4Q0hjd2ZOemhnbWlsMkViUUNhR0N6WlhIaDdVNmF0M0xCQ2xlbVF0dU4zOUhOOG9QODFXN1puYnAwV1ZWVkVIbmtYS1RuOTRXSXZWb0tCSnJsa0ZiUHNwRzlxVXJDcVJkbFl6aVZnVGE1RVFOQW4teFR5UG1uYS1xQkFpVDNsTEY4SzJackFES3VQMW9hcGk4X3ROZE12NjdNVkRmZEFMOVBGRnZScGNZcEQ0NG5VMzQ0Rk9ISnNXVTNQVjdGUFZIUUw?oc=5,2025-12-19 08:00:00,samsung.com,Taiwan,TW
應對AI、6G時代 南韓政府強制要求電信商導入5G SA - DIGITIMES,https://news.google.com/rss/articles/CBMijgFBVV95cUxNb25Nd09Ka1NyWWV3S0NPRU1KRVc3elhVdEhXa2VlU2Y0OWtQRzVWWmJqVzNpMzBQcDlaZkRMMDJSY0p6eEgzd1NfWDEwdGRCRjItYUNEck1LSEQ2RVBQaGtXM0RKNEx6NmZaZlBHclVYdk1sN3I1dWhfR3ktUWUzNUNZSjNOYko5eTdUM2tB?oc=5,2025-12-15 08:00:00,DIGITIMES,Taiwan,TW
晶片、網通廠搶6G 先機 - 經濟日報,https://news.google.com/rss/articles/CBMiWkFVX3lxTFBmeENGLUk3SkFRaTRsSEFqaEItSjdfVWpPRjlTaUpMdnVBX3dtT24ycFM4ZThvRHJzZGtRRG5saGNCUVZLLXdfWk9Jd202Umw4N0JtRXJkTWVFZ9IBX0FVX3lxTE11OGJ0UVItdk80dFI1SURGM1BzSkVKWVgxcUFJZGFjTWZLb3Fuc0V0OFFZZHNRYU5QUHAySlBva3F0MXNXT1JCMUYwRlZLSTFXUzg3aU1aYUFnNk5QSEJr?oc=5,2025-12-30 08:00:00,經濟日報,Taiwan,TW
次世代通訊國家隊進擊 6G 中華電、遠傳、和碩等組新聯盟 - 經濟日報,https://news.google.com/rss/articles/CBMiW0FVX3lxTE9VQWxsak1WbkNtN0lnVXJhejBPV3VnRG53T3pXMVZyVnlmRlR6R3V2MUlRQWpOQW03RjVvSXU3Mm13ZWFiM0Y1eklITnh2OU5VYTF1SDc4TnJZSGPSAWBBVV95cUxNSVNTS0pVVGllcVphNmlyc0d4dmhqNHEzdE52d1hvVjBDY2hnQWZ6anBoVURlTTBFZTJnVGoxYkVBQzZWUEhOZTY2WFEwODFUa3pJQjhSejRPM0pVRThZTkc?oc=5,2025-12-02 08:00:00,經濟日報,Taiwan,TW
布局全球6G、衛星、HAPS次世代通訊供應鏈市場，臺灣次世代通訊產業聯盟成立 - iThome,https://news.google.com/rss/articles/CBMiTkFVX3lxTFBnVVFHY1NEb3RRcXRVVkRxQVZ3UEs2ZVpacGNUdWxSYTJtUmVOUDN3OHFZWFJwbVJDS2IwN0lqcWRSZEw0LS13SmstVVFXQQ?oc=5,2025-12-01 08:00:00,iThome,Taiwan,TW
5G-Advanced為6G鋪路：無線網路的下一步？ - 電子工程專輯,https://news.google.com/rss/articles/CBMilgFBVV95cUxQelFRbzBOMzNZWXF1eElMQmNReGxLS1RKWVNwa0duQmpoblgwc2RwZ1lGTnBmV19PWWdfMklUdzVHWGxWa3JWb2NQeFh3Snp6V0QtVWdScnJ3azNVZW02WVB4cEY5OTZ3V1ZLbDQ0cS1mNjhDQzcwX0U4Y3FfcDZsR0hwY3JkbW1GS0h3dzd3c1V6NmR4TkE?oc=5,2025-11-07 08:00:00,電子工程專輯,Taiwan,TW
德國出手了！封殺華為參與6G網路建設 - 自由財經,https://news.google.com/rss/articles/CBMiX0FVX3lxTE5RSFc4djJjQ0hFZUJSM04zd2hQYVc4eENzZ0FoODNJT05HSXRTd1k3Ym5hdU1WdWowdS1pSG0wcmQ3WDhXLXkxbnhWMUVTYmE5QW44NE9rQUdPcnhPckFJ0gFkQVVfeXFMTm9mX2hNRnhvNFNGdDBRU2ZqNkxMbkFDU0w0Tm5CY3p4LUkyU21jdDQ4Q3YweWN0dlZ2cUZyZGZ1SExyeFpGWDhCNjB6UGxtNkJ0SmRZYUlGQy1tZFQyUFZEUzRQcA?oc=5,2025-11-14 08:00:00,自由財經,Taiwan,TW
經部發布台灣首套 6G 基地台天線 系統自主技術邁入新里程碑 - 經濟日報,https://news.google.com/rss/articles/CBMiWkFVX3lxTE90VGVWSjlBZVVNWHZ1RVpPYUdiMFZoUk1jUDc2UjVra3ZwWVFENDVHbW8tSHJfTS0tQzRrTU9manZsSlBET0RUV3h6a3RMOWhVNDBQTmdNUHkyUdIBX0FVX3lxTFBhV21JYWQ2TWxJVUpFemgtcUdoOGxSREZHdl91Q3Q1TjBtbmM3YzVPNzNtTWJtZVRyVFJmT0FDTVdjZGJQWm9XM0NQZzV3NGEySGpwTDA3TmZDZ1NvLTN3?oc=5,2025-12-10 08:00:00,經濟日報,Taiwan,TW
大陸6G技術試驗驚艷西方 未來世界會是什麼樣子？ - 聯合報數位版,https://news.google.com/rss/articles/CBMiV0FVX3lxTE1EZ3I3endFWjFFYlJZVVROcDcwUFBtRHhuOXZPb1JiWkw3TmFhZko2MFZ0LTVnU3ZaaDhLS0ZJV1pLUmNCQmx1R045dUpZNm9wQXhadE9nSQ?oc=5,2025-11-22 08:00:00,聯合報數位版,Taiwan,TW
6G標準化啟動 2026年成關鍵分水嶺 - DIGITIMES,https://news.google.com/rss/articles/CBMijgFBVV95cUxOclJkWjRJQUVLQ19hZ2o1bFBxMHJQbXlKaldIenNBZEczZGxUZllmcnpIQkc5RExfOTZUQXhwSEd5di1Sbi1sTkl5ZG03MjhoNGY4QkxyXy1LV2dxSG5qdjdHa21Ib2tUOTQ2V2R5UjJLa1NVMFlvWElUSWtUamRVWlkyNERyeDFWc3cxc0Jn?oc=5,2026-01-16 08:00:00,DIGITIMES,Taiwan,TW
6G來了？！結合AI與低軌衛星 全球通訊產業鏈迎來十年大洗牌 盤點「6G概念股」！ - Yahoo股市,https://news.google.com/rss/articles/CBMi8gNBVV95cUxNcXBCN2RsZ0IwaXhlaWR1SC00NlBfazJoX0ZHMlFPc2pGU3pUWXdKYVZZZ25MRjdqQTcxQXRSSTdfejBQbVREYmpCclY0aXY5Z1VxUXdxdzFXYWNXVmVscEVKWWhOaE5tRVFtcjRId2NqOHI2ZzFJZXFXMFJUZGRjR1g5RDR6VkttWGJrQk5SUnQxQ21ublRuUUlHZTNKVlFNZWNjdVVsOElqSktsUXMxVjRaODBYcEdRN3QtMmppclpINlRKdkYxTmRFZVAyTVhWQnNOYlN4cG9MRUpQa3p4ZklKMi1aTDJOWWRJeXdZMzRuQ0pUZTZLZjFSTU9mbG8tMmF1M2NxanJYRWJkcmd4SVp5a3B1ejRMb1RNOFpuYjZyaWZhMDhkU0NQRVZURXBZdGwxNWV6UnVMR0ZiTFRwV1IyNEsxeEF2SGZkYXc2NWdXTXdZOXVHd3NxU284Y21PUVk1ZVlDY3B1c2lZNTktOUNxaHVaeDE3enBpSWxvNjlyZ0FOclF1YUp4S0p1eHlqSFJhNWtKaC1OLUZ1LTFibTBlUVlmX3JqMjUzMmZ5VGNDVmVsbWwyZEg4YnZXT1NqOE54cGE5dFp6OTdzc0t5MmhmVWhIN3BDNURaWU15alM1S21oYlhtVWtvUzJmbmpRZGc?oc=5,2025-12-09 08:00:00,Yahoo股市,Taiwan,TW
中國6G研發已完成第一階段技術試驗 - 星島頭條,https://news.google.com/rss/articles/CBMilgJBVV95cUxQaEFqYnpNbzVvaGpqek9ZRHUzeGV0Y2UzdGNkVkxYMzgxS2g5NlA1cFlaUnJiU253QlJWWmxHUldUWVFFR0NEWFhsS3VwdHJpYVZOWlphR3ZBb3lBRW0yU01QOVZCM0pidzExSVVMMEdFSmJ5ZmNBZ0JSYk54T0tUcHdQazNxc3lfQWI1YlJ6RkhPbnI3cFNxUmJGb1lmUWF3QXFxZmxwVFpwZ0U0UzN5bnpxMXVoaWtMSlRzNnZBeUZiSzFIM2owelEwQjZVWjRXNkRHczdtc2RaM2k2a0RwVUhQZkVhVldDQ2FHdDJucHBhalRLZEZyU191NGt4WGQ1ZFFIaUVya3g4TVFrcjJHME15TjNhdw?oc=5,2026-01-22 08:00:00,星島頭條,Taiwan,TW
6G 商用服務預計 2030 問世 AI-RAN 重塑智慧網路啟動 6G 標準化 - CIO Taiwan,https://news.google.com/rss/articles/CBMiREFVX3lxTFB6bW41eHhUajFrNDVlWXJkSmtVN1FEcHJDSzBGaWljRkd4WHM5YUZ2QTFzS0NOVWJJWkxWM0RtMFVTd3U3?oc=5,2025-12-31 08:00:00,CIO Taiwan,Taiwan,TW
陸完成第一階段6G技術試驗 聲稱掌握300項關鍵技術 - 聯合新聞網,https://news.google.com/rss/articles/CBMiUEFVX3lxTE1fSXJ3ODBWUTIwZEJnM3lVcFdQQ21KbGMtRkgyT3YxSGJVMmxmTmFaTWM2d0dQV2c0NXZkbWxZOE9VNlN4Q1oydDBsdzM4bVRr0gFWQVVfeXFMUHRRR1h1QTBTMmw4QmZsel91REtkZXo2RzFQTHR6UDFaZm5SMGx0NHRMTXNzNUxvNkZDMy1VcDQ3NkZSbFB5U2ViNDQwalBzTG5pMHlfWlE?oc=5,2025-11-30 08:00:00,聯合新聞網,Taiwan,TW
迎接AI、6G 中華電信打造「新三大百億」業務 聚焦雲端、資安、Pre-6G - 經濟日報,https://news.google.com/rss/articles/CBMiWkFVX3lxTE1KeFdka2F2WUROaDZlWGZ1eUdCX08xRm40VUkyVEd6SWUzQ283aG9Od3ZITTlOSE9GbzlmOUdVUlBEV0hOd1BTMzQwSk1idkpJVzM5ZXE0V3Ezd9IBX0FVX3lxTFAwVkdYV2hfU1V2b3hxUEtsLXZ0TWc1UXUzdl82VHhwS1NpVUphLU1GLW0zVWJtRFowTTVpZ1phZDVTaXI4cENfcHpsbTl5cUYxbVVqSGlwVExTcVhVZ2pZ?oc=5,2026-01-23 08:00:00,經濟日報,Taiwan,TW
工研院攜手歐盟加速研發 啟動境外首座6G-SANDBOX平台 - CTIMES,https://news.google.com/rss/articles/CBMiiwFBVV95cUxPZ0w4YW1sa041Q2d2dXZDNWRGZmpfSmF3Rkl5YjZ3RkV0elF3LUs5VlJnd2JoV29vQXBfV2ZhN3RUdWZGU21kcnF3RlVHeUJwWkIxc1haZ0lXenQzYThESkpuMzJNRHlmZ2kxSGU2Zkt2WEU2emdsMjhmQkNvQ3FhRlRiUVJvVlRLUDBB?oc=5,2025-10-07 08:00:00,CTIMES,Taiwan,TW
3GPP標準持續推進 6G網路雛形浮現 - mem.com.tw,https://news.google.com/rss/articles/CBMi4AFBVV95cUxOTmU5dGxQX1JQcVktQ3ROYzVVbXdZci1WVG1qS1NKTkhXcHZnZXFJejVkc3Fma2d4YlA3WlFvejJTRklJRy1zdnQwQlp2NEp1WTFlY2J5bzRvZzcybndyRmZoRkRyUUxHcHFSbUQ0QXlERmJCRE9RVmNab1NHdk82VkdURmFUb1BfRUtmZUhVUW9CZWlCTk45b2FEdEE1am9sSkFrOEVmUGZzU2FuYTBkUTRDaU9DaW1tMFdLcy1hNFpJT05Gb2ZhUms2V3RqN3BFQTNUalA1NThxbnE0aHFOcw?oc=5,2025-08-29 08:00:00,mem.com.tw,Taiwan,TW
搭飛機也逃不過老闆Line！一支6G手機直通陸海空，聯發科、中華電參戰衛星通訊 - 天下雜誌,https://news.google.com/rss/articles/CBMiTkFVX3lxTE5wTXZBVF95bUFYQzFBX2doNEpQXzl2NVhhTWItb1FRVnBTcURicHhkbTZwdnNBWFpGeXpNcGM1VWtVa3ZjbjRYZzJ0RjVZQQ?oc=5,2025-11-11 08:00:00,天下雜誌,Taiwan,TW
工研院赴歐開啟6G國際合作 布局次世代通訊生態系 - CTIMES,https://news.google.com/rss/articles/CBMijwFBVV95cUxNNkJoVjU0aU1OSnBuaDloUzRZeHQ5MmFQVV9rZFZwb3NFQW5JRzlraXl2a3p4Smt6ajBoRlVjQ1ZNTnFmWXRrNzJRQXpYbU5EQzJUTllyS2VGS0EyUFZOUUJUUmk0TEZUcHptd1lRNElNTEVBekJxLVNZem9Idkw0T1RvbFQ2VGNPNjVGWnU2Yw?oc=5,2025-07-09 08:00:00,CTIMES,Taiwan,TW
是德科技攜聯發科推進Pre-6G整合感測與通訊技術 - 經濟日報,https://news.google.com/rss/articles/CBMiWkFVX3lxTE93Vmk1U3JPRG9SQjFoMDZTV20ySU1OUlBjRnI3VUFFTFhvS0VGUVlMb3hJLWtmY1RhNXUxOUk0X0liT1ZzUVBhVUtDXzZTVHdPenpVSGdIR2Jvd9IBX0FVX3lxTE5NVXFXVUNzcVF0Mi0tVEpoRnJXMGFtdl95elRYU1hsT1lGd3FzQlAwTUZjRnh4NFZFaFFZSEt3N0RtV3NwUjMzVkktU0dvdjF1SktSLU10ejhMRERiN0s0?oc=5,2025-11-17 08:00:00,經濟日報,Taiwan,TW
布局6G前瞻技術數發部：打造創新安全韌性通訊生態系| 產經 - 中央社 CNA,https://news.google.com/rss/articles/CBMiXkFVX3lxTE5kekF3T29TV2ExcUVwRXZ5TTZRVFItMHVUTnkyc2VhdVhVZW9NcmdKMUdQVzlaZUJsaEJTbXptVmFXeVFMYXZyaWxJMDJSRWo1dGtkTmdRLXI4WDlXc1E?oc=5,2025-09-17 08:00:00,中央社 CNA,Taiwan,TW
6G 國家隊的低價黑馬？華電網。從「系統整合」 看見股價翻倍的底層邏輯 - 理財周刊,https://news.google.com/rss/articles/CBMib0FVX3lxTE9tYU1icks1T3JZTzRBTjU5dUowQzRmMEtwd19NWVlQZktobG13TG1yWUtlckthMmtMaUtuSUhLMF80TXRqa1lWOXJBTGp4Y3hPVkwwaXdjb2J5c2ZPcktFcjBiTU5xNFBvaG5IcjA1bw?oc=5,2025-12-02 08:00:00,理財周刊,Taiwan,TW
市場報導： 6G 藍圖於2026年底將變得更加清晰，AI將融入標準制定工作中 - 科技產業資訊室,https://news.google.com/rss/articles/CBMiakFVX3lxTE9oTldZNzNCaW9RWk95aXMyajlsRm14SmtYRUVxN2h6MVo4MkEzV2Q4dXN0OXBxRTlkU2M1a2JrbEhFZkhoTjU3ZUU5SkVVYVU1ZEExdGFSSU9TQ2U1TFkwc1hpTFdtMTVZaHc?oc=5,2026-01-13 08:00:00,科技產業資訊室,Taiwan,TW
高通Cristiano Amon預告首款6G準商用裝置2028年推出 #5G (243257) - Cool3c,https://news.google.com/rss/articles/CBMiTkFVX3lxTE9zUmNKQmdQOWo2a0h1R0Y2RlFkR0FNZnVoWGFoVEtPN0hpd25GeXVvZUF4alo1MHlsQ2ltdUJEa19XMXVtdTdPYlR1NkJIZw?oc=5,2025-09-24 08:00:00,Cool3c,Taiwan,TW
Verizon 領軍組 6G 聯盟 攜手三星、愛立信加速商轉 - TechNews 科技新報,https://news.google.com/rss/articles/CBMiiwFBVV95cUxNamhhTUs1YjNEYmprQzlkcTFMa0RvUFRMa0dYYURqemFiazNRRjFvWmZzT3BHOWNEUFJyV3J6NTRBMnNBd1U4Yk1VZ01QZ3dXbnM2SEhLMnluakpHSVpWN0ZxQkt4RU1DZk9DRzdnNGJCVWtHdHpLNjFnVjVOZ01DSk4zMmdoVVd6RUs4?oc=5,2025-09-23 08:00:00,TechNews 科技新報,Taiwan,TW
中國成功研製全球首顆全頻段6G晶片！引領通訊技術新突破 - news.cnyes.com,https://news.google.com/rss/articles/CBMiT0FVX3lxTE9UQm5KS2RZdi0xOXNGTGU4VlAzWTVhdktiY0tEaTIyb01KbTVsZzBKcHlXVTAzcWZsOXFSaGp5elZwLUpoV2tTOVR2VVBMbnc?oc=5,2025-08-31 08:00:00,news.cnyes.com,Taiwan,TW
6G投資卡位期來了！專家點名2026啟動新循環 台灣概念股一次看 - Yahoo新聞,https://news.google.com/rss/articles/CBMi8wJBVV95cUxQU3h3MXRSLUhyeVZzMkw3RE5Fb2xEZmlZYXdESUl3WVhZWGpXODBoWkJ4NGRCRXhmSE16ZVB6ekVzLWtrNkFhd01pUFlwTVNpeExfN1NmUkk1NWFrbXhtbXg2U1Awc211ckFsRzRKbFp3dE94RHJ1M2ZsTkIydlRoZnVZRTlhQWtCQk53bnB1MWxhSlctc2RHQkUyNkJTcmFWZUVUY21ONzVDT0szZGpiOXV4cVRHT3lCNnpvS2Nkb1FDWVhpTWQ3SWJ1WGlTMGdPQy1UNUhQcFViTEExWDQtQnhrTm9XQ0NOU3BhSVJRSHdVMUlCVDctMVpHUTdRWVpMT3dYWWxGTEx4d05PTHBjVHpDS0lsOVdfUDZGUzBZRGtYYW1zOTBmdndjcl9oMEtjMV9Sa0pYRnZYZHZIUzNzWERQS2JpaXFUby1rdE5iTHFrNWNPQ0hlX0E0cmx5UjBKVmphZ2c1VjBGcEEwOTI1akZRUQ?oc=5,2026-01-18 08:00:00,Yahoo新聞,Taiwan,TW
6G 網速衝上 100Gbps， 天線設計難度也跟著暴增 - T客邦,https://news.google.com/rss/articles/CBMie0FVX3lxTE93Y0FudWw1OGF5WU9wM0Z0NjBGSGk2cVM0c2VJLVlIQUk4RUJQcFI4bjl3dURJcDJNSDRjc2M3RTU1X24zYTlRY1RpX3V2OTJsMmV2RzVQR2tadzZqUUpiZFR1RjM0WVVVekFHQmh2MnBvSWM0R1BKaUVIMA?oc=5,2025-09-21 08:00:00,T客邦,Taiwan,TW
陸6G技術重大進展！2035年或實現規模化商用 - Yahoo新聞,https://news.google.com/rss/articles/CBMinAJBVV95cUxPSkl6VHhhTTB1LTNQU092VFZlWS1pUkJHdmFYYWIzcDE1eG9nZjJ1X3ZBV1NmSEh6UDk0ejNSTzBhOG1UVzk5c2JXcHJTcHg0RDVKU2Q0U0dlU1ZMbzBpQlhHVVZtZGJpOWVjUXhTZ3VNSXlsQXZKS2FNM09wYWdPMUFuc1ZUTmZPblRpSld4Zzg4MUo0bGhmdEtIUVBSMkhmUlc5NkRtQy1nb2s2cDVsWUlEQzcwZzFBbFhXUmF4ZV84TVl6LWQ1TUlfMjFOSXFzM1NCdFh5Nmx2STQtaDVuTHc4RDVZbEhBV21xekJpWk45SXRMa0ZqaEdRN1E0TXJtaFk1WXZ1QTNhUVA5WVFzWEdiVlZVLWZjc3owMQ?oc=5,2025-11-30 08:00:00,Yahoo新聞,Taiwan,TW
臺灣6G技術拓展團赴歐開啟6G國際合作| 雜誌 - 聯合新聞網,https://news.google.com/rss/articles/CBMiUEFVX3lxTE1MYm53TjctNEZsNGFaTHRLcEFPOHM0Q19oVlRvUnZWQ001cHE3Vlp0SDlLc1pGSzd1aXg2SmZjZHRkY21QSHlHYjIxejFQODAx?oc=5,2025-08-31 08:00:00,聯合新聞網,Taiwan,TW
中華電評估投資衛星終端設備商，董座：6G 時代關鍵通訊媒介 - TechNews 科技新報,https://news.google.com/rss/articles/CBMiX0FVX3lxTE9tSzVPVWJmRzhDcUtIbnZFRVRfdk50Q1BnektnVE5RRG1pMEZqXzliLXlyNXhuU2g2b3p2SnlaaHprMVpaRWZZRm52WEpkZGJBMkhuLVEtZk9TUDFfbUNR?oc=5,2025-11-27 08:00:00,TechNews 科技新報,Taiwan,TW
市場報導： 6G帶來創新革命，但也隱藏許多危機與挑戰 - 科技產業資訊室,https://news.google.com/rss/articles/CBMiakFVX3lxTE1reUZLMXFJbTl4YkpXSjFzQWtrV3NSX1VXbFVfTWV2cEF6WW5ObUZYX0lNRHkxaW91U0VzY0FIM21LbWlxM25KMUVkRno5emJtNzdNdzZjYlhXQUlnYlpKVi02M29PY0h0bGc?oc=5,2025-05-04 08:16:15,科技產業資訊室,Taiwan,TW
三星攜手SK Telecom以AI-RAN技術引領6G新世代 - samsung.com,https://news.google.com/rss/articles/CBMi6gFBVV95cUxOYVo4RDFRbXJ6VFNxNjZrWlM2bDlCNTNrbEV0TFdPRTVkYWFwXzBPZWpheDB5ZHJXTDBLZjlsM0Zsc1UwNHg5ZFExS2ZpS19hX25kdUw0T1lzZEtiRzN1UFVQdVBKTjZLa1RxcnM1Qmx0c3dkTXJqVGlaWTB5eDhMVklUd08zcnNmQ0cxeUZWbkRVQWxQSWVDX1labmxBSHk5Q2RZZzVNeDh0NEpuejdOMW85dXFKYVkyZkNTUDFJSUpjQjVXNmVZWncwc2l2T1dnOUoyNmpRNDlUTjRTWExjQTZrX2NaMzhjVVE?oc=5,2025-12-10 08:00:00,samsung.com,Taiwan,TW
IEEE會議在台舉辦 中華電：加速邁向6G、AI時代|經貿 - 僑務電子報,https://news.google.com/rss/articles/CBMiS0FVX3lxTE5hbnJUcHlRUC05NXprTmZZZWRCZlh5S0JWaWpaaE9yRXBUTzI2TmQyaTlic1g2c3ZzNkQyMzUxV2FKaldOOEpqb1hxaw?oc=5,2025-12-11 08:00:00,僑務電子報,Taiwan,TW
為何邊緣運算和6G智慧將繼續成為「願望」 - 電子工程專輯,https://news.google.com/rss/articles/CBMirwFBVV95cUxPNm5PYi1scEJ6ck11ZlI4UUEzZ0x6eDZRUVZkREZVMTZFeVdtNlkxbU53S2pHbXdyeTVHX2otSVhUQi1EMERzMEVyMVpURDFCRlQwQW9XOXBILXloemtOUzZmN1hBZFA0SDVOREUzN2J5T0ZIWUszRndHR3JKOVgtMkNMZldPWkI2ckpTMkozWXdhUXp0LXcwRDR3QWFnWGdXYjBkTS00aEctVUQwVkJ3?oc=5,2025-10-30 07:00:00,電子工程專輯,Taiwan,TW
NVIDIA 與 Nokia 開創 6G AI 平台，驅動美國重返電信領導地位 - iThome,https://news.google.com/rss/articles/CBMiS0FVX3lxTE1CdzU3SFFEVXh1VTdlN3JGdEpZQVluR0pJUzc0QzdpQzNJNlRzVjl2aDUyS0FtRGg4OU14dW9RSXpad3JnNmZIczhRZw?oc=5,2025-11-03 08:00:00,iThome,Taiwan,TW
6G 快來了！愛立信：2030年6G 商用服務成真 - 經濟日報,https://news.google.com/rss/articles/CBMiWkFVX3lxTE9wamVKUDBuckRtMUJ4ZGpIOEFmNlpzeUx5WlEwSjdBSWFWRTdLdVZvR0Vjend0U3RUdllHQ2R5Z25nQW9OQzV4eG9NMHV0ZnU1NEtzd0RrWG1LQdIBX0FVX3lxTFBxSGxxZDVtcXJ0T3R6X09GQUNVOGViT1Z5R0VET1NLRVpzYmNJMm5Rb0JPamZsSzhBeTRadDgtTFVISzF3SDAyOWNVaHZDdkRsRndtLURsR3JNcU1xVFIw?oc=5,2025-12-30 08:00:00,經濟日報,Taiwan,TW
標準戰開打！高通2028推6G預商用設備仁寶等台廠關鍵技術曝光- 日報 - 工商時報,https://news.google.com/rss/articles/CBMiX0FVX3lxTE9RUkhZWVQ2OWJRQXROX1YwUFJTWExMTU50OE9iQURVLU5EZnh2WGRGZkNqM1VJZGFTWDU5bV9vZFlGc2V0T3ZUMzBQZTVnUS1MUlZ1VmRWMWhMQWRlM29B?oc=5,2025-09-25 08:00:00,工商時報,Taiwan,TW
是德攜手聯發科 推進Pre-6G整合技術 - news.cnyes.com,https://news.google.com/rss/articles/CBMiT0FVX3lxTE9aRVdYN0NtZ2pzR01oa2VXa3dSdmpMTEs4YXFPVVQydW5vUHB1akVIM3RoTHZQQjBaNVF2ZlBDbkJlVFhlU2NiRW5UVFJUUlU?oc=5,2025-11-17 08:00:00,news.cnyes.com,Taiwan,TW
經濟部發表我國首套6G 基地台天線系統展實力 - 經濟日報,https://news.google.com/rss/articles/CBMiWkFVX3lxTE5FSF9semZOYW5vdTZfVHV1R0pjOWZTNEt2YnJIRWNJbXVZVTJUQkhBQ1h2dVlNaEgtUHUyWXhJZW40ZW5rM2pRdm5mdGYwOXlHMXBmZ2l4MjlxZ9IBX0FVX3lxTFBvQ0tYaE5Ja2dfZ3hSRzFxdU56dzNGbXRBVFRkdUtyWEdOSHk5MG90WVlOclQ0MU1wSmpzY3hGS0VJWk1ZVGJXUFNYRjFBRkxJWFoxT1I0NGhpeEFGQlVB?oc=5,2025-12-09 08:00:00,經濟日報,Taiwan,TW
Qualcomm 搶佔 6G 先機：2028 年先推商用裝置 通訊能力較 5G 提升十倍 - UNWIRE.PRO 香港 - UNWIRE.PRO,https://news.google.com/rss/articles/CBMieEFVX3lxTE9CbXJKcDlXUDZ0aVN5Nzk2aFlLWDlHVG9hRWJZWkxFa2ZnTlJxWFBZMk8wblZoQk8wbG5naUJibzRibmN4RkRKdjNkY0dDWlMxNHZ1WGwtbkVOTHJZMkVxMDBhYTlPVHFBeDMtUDRzeWNtVFB4VWE5RtIBfkFVX3lxTFB6c0J6RzdpMzBJWHEycTVBR2ZPY0FFdDJaRmVNXzZXV3BsbkVXRm1laHBVaW1ucm1XRzVVRDhHZlhVYzg3X1RlVlBuTEtxdjZVN0tHMWhaeFkyeUlFSTN5VzlFNjVTMFN6Z0dVR05JdWlQdVdER0ZUTmhyMDJ5dw?oc=5,2025-09-24 08:00:00,UNWIRE.PRO,Taiwan,TW
5G處於轉變十字路口 AI驅動全球加速邁向6G - 電子工程專輯,https://news.google.com/rss/articles/CBMijAFBVV95cUxOUkYtbGp6Zk1XTkVVQzFCN2loZW5xdmw1WW5ydVd6X0RieTFqeENqYTh1aDFyWlk3UlBtZFdwZFRxUlR2RE8zWXMzYUE5eDQ5TmlNbzFkY2Z2TW84N1dEQV9kbkVqbkxGM0RGT28td1MxeUs5cEMyQUZhYlJXNWt0RG4wR0Y4Q043MUROVQ?oc=5,2025-09-02 08:00:00,電子工程專輯,Taiwan,TW
陸開啟第二階段6G技術試驗 研發原型樣機 - 中時新聞網,https://news.google.com/rss/articles/CBMibkFVX3lxTFBrS1J6elBVOXNyeFpBOExiWHZIZHB6M0JDb2phMGNOTnNzLW9IbmtMcFBkcGxnV0E0LWhTdGdhZDhGelRhdVJwWDNlNU1rNmZuSTZtMWozbzlTa0JhcFRIQzdOLVMtZjc0TWJGM2xB?oc=5,2026-01-23 08:00:00,中時新聞網,Taiwan,TW
突破壟斷繁晶科技推動5G及6G 普及化- 商情 - 工商時報,https://news.google.com/rss/articles/CBMiX0FVX3lxTE02Sm90MXZLc1FXNmU5dmlwMGpNWGxvSGRYTmduSG54MEdLd2p0SWt1eFRIMjMzWnRWVWl4cUNHRDRKNkZ4QjUwTFg4eWMxTGttWVpOZHNCa1hkeEpqWHA0?oc=5,2025-11-07 08:00:00,工商時報,Taiwan,TW
Verizon領軍組6G聯盟攜手三星.愛立信加速商轉- 新聞 - MoneyDJ理財網,https://news.google.com/rss/articles/CBMikgFBVV95cUxPY2ZMMnJIdGhHeE1ESlNDbV9CaVhQa0I1aDhUa3dVOFVsNHpLMnRlMjkwa2hRRUY5SUFpR3hZZDVMMGRIQzZ4SG4zcjMtU25zeHpzUGlkcDhldXhtMElVdG1FNFd0UXI2czFFT0hzSXJrRW5oSzVmMVNjbWxqYnppSUt5WlY3UkZpNmpZdlVqZFNYZw?oc=5,2025-09-23 08:00:00,MoneyDJ理財網,Taiwan,TW
多軌並進 中華電超前部署6G商機 - Yahoo股市,https://news.google.com/rss/articles/CBMi-wFBVV95cUxQUUVaR1pOQnJhcHdCclJCOEE1eWFxbjFsV0VmaDVmTzA1WGpOLXRlS2s2OTlFZ2ZHZGpqalZSd0tPdTA5QVNtNHhFUHJEeTdMbnZxNHNySmo0Wk9QY1oyX29JNDVQT0hhZ3FZVV9ZVFFJSzJvZl9QNEpySEtMbl96T0kzbzlTa1ctZE40N2NsWEI5M192RmR1WnpoN1hvTGVNNE9RSnNqN2huSW1jMHgxSXFDMWN1UnBRbm9INnlvYXVWX1ZpVjNicTNSTERXMU1DM1MwX2Q2SEY0VUdZbjBFaTktV1l0NWJ4ay1LMERhQl9rUHJ0aS1OSlA3QQ?oc=5,2025-08-03 08:00:00,Yahoo股市,Taiwan,TW
愛立信：6G全商轉 最快2029年 - 工商時報,https://news.google.com/rss/articles/CBMiX0FVX3lxTE1oYmlqS2c5VHNKc1hSaWJSS3NUTXhQMnJlRU5waWpyODdMVkdNUHFuemswQUstbFBNVWRvWkg4cklNYTdNUUVva2lWelNmb0thZXB1dmZwR1dIemRCbDhJ?oc=5,2025-12-31 08:00:00,工商時報,Taiwan,TW
政院拍板6年270億元推次世代通訊布局6G商用化| 政治 - 中央社 CNA,https://news.google.com/rss/articles/CBMiX0FVX3lxTE5GcV9vNGFwS0R5S1BNM1UyYmMzOFVMa0hROFJLM2xNQUVldHduU1l3dkxONHNmMmpCS1JmUzJ1SGpxVThTQTFwNUlFMXpXeEdWcDVpMUJNazI4TjR3R3A0?oc=5,2025-07-10 08:00:00,中央社 CNA,Taiwan,TW
AI算力與5G/6G加速 台廠供應鏈強勢回升！ - Yahoo新聞,https://news.google.com/rss/articles/CBMihgJBVV95cUxNcTRsWWNTSTdnSml4VkprSEpJdmIwNnlIeWJicTRWV0g1SnE3ZEplRDVxeENXUUhFZUVNR1FHQWRSTVFtZUJrNWJkSTRaclpNblhtZFhrMV81WFVycVBfc3E1bm5OUmJxX0ZWZWRmTV9mZ0pwYUhTd2pPVGg1MWdHOEEzd2I3SmVBSWFGeUhvN19wUGlmLUJfVGJFSDdSR2c3OGhVRm1GVEhvNmtsRmxpRVdGV2RhRzJFelVJUWpBbmgzajNXT2ZOaU1CZzRzdVBKdWtVdVBpaWFoRlZZUUlMb3hueThlTWM3enFGSmJwWlJoM3hkaWF0WWdmdUx2bERldVF0Z2tR?oc=5,2025-11-06 08:00:00,Yahoo新聞,Taiwan,TW
《NextGen 融合驅動標準領航》6G 無線通訊標準化產業趨勢論壇，掌握3GPP 標準脈動，搶進下世代通訊新商機 - inside.com.tw,https://news.google.com/rss/articles/CBMiW0FVX3lxTFBEdEtOQ3pFZE1HcnJCMk8zUmZrYUNaTHY0b1oxanYyOVRYVmh6a012TnBQam1EMmNCMlFEUWYtWEljWnZpbzQtQXhVRzk0b1pwZzBZUlBYNFZ3aTQ?oc=5,2025-08-18 08:00:00,inside.com.tw,Taiwan,TW
6G｜工業和信息化部：中國已完成第一階段6G技術試驗 - 香港01,https://news.google.com/rss/articles/CBMi7gJBVV95cUxNNHZOclhuVl9KNl81UUtYMzB4UTFOQ3NnQkNnNGxkal9kY0NGajNSZDZuR0xoNlRUSkhmMFVBNHZYUkg5QjdubXpSR1FyWEpxbk45bGxmOEd0eU5xMlJoSUZLM0Q1SkZHbmdlcnZkUml3eTVGeHlDU2RFM2tpZm82cmtpeUd0ejhwS3lQcTBVd3dZV19sZ0NwMDhzUWZwWGxmQ0ppWmd2VUlQaElGMUt6ak9ldjhTT0xDbTNUbHNkaDFTNzd3NHhtSnROdHhWaU5oZmY1LXJteFpudVlzWlNESXk0RnNNSEx6ZnFwX1FqM2N4clVvZWtRQVVyM3JpRnlPUnFBSFBsQUpROHIwa1cwSHUxTGlxYkNwUU9GS1lJSGpvM0xyNkhNby01dGZDbG1JN1dkamZsYnAxano4azlYSFI0Zlh5OGJJQmQxcGZBTWVULXViOEpXeTgzTU43QnJfVXBfNkkwWkxaM0U5MkE?oc=5,2025-11-13 08:00:00,香港01,Taiwan,TW
備戰6G！稜研布局 NTN 與「多軌道衛星」新品年底前推出 - 經濟日報,https://news.google.com/rss/articles/CBMiWkFVX3lxTE1WUUt5VWhiZ0gzYldObTlGcllCWXpIdFFSS0dsOHM5NWFJWkRoSDAwQzNWc2lxaUtiYThNYlYwc0JhbVlaMVNwbTdtTGVQNWdJZTkxM3d0ZTE3UdIBX0FVX3lxTE9RRWZrVmd4Q2k2b3J0aklycnNQWndVWEdUZjBCaWxJaUFxRF8zY2N5VXhQLWlkVzJYdWpGMVlxdS1aRC1pckZvd21XVEtsYUUtVnY2Sk5oSzI3dGI0Z0lR?oc=5,2025-08-14 08:00:00,經濟日報,Taiwan,TW
Nokia與NVIDIA共建6G AI RAN平台 協助美國取得6G技術領導地位 #AI-RAN (244017) - Cool3c,https://news.google.com/rss/articles/CBMiTkFVX3lxTE9TaVQ2S0FHSmYtUGtscmFHRk00SDFXRGNVdnZGUmtXLXJ2dzNxRDZCaWNGSmVpSzNudUNQT0xUWmZQcFBPOThPeHdndk9hUQ?oc=5,2025-10-29 07:00:00,Cool3c,Taiwan,TW
"打造6G次世代通訊產業鏈行政院6年270億元布局商用化:6G,國科會 - CTIMES",https://news.google.com/rss/articles/CBMikAFBVV95cUxQM2dWOHpZeXFwY3pqYXNoY3lXRS1vd1lpcV9qNzktdzlRcW5INkFxcS1RT1VhZEhDQlB0Z2NBUHhNQXBXZ0pFbnV2N0cxUTd5eHBTQU42dGNrV1J0VzVyQmZCTWRPdG1yQ3JkZUxlUkotVnpBVHctOWZua3ZFV0tQY2dmRDBVYTYyVjZaNlVxeWQ?oc=5,2025-07-10 08:00:00,CTIMES,Taiwan,TW
中國6G技術取得重要進展：第一階段試驗完成 - news.cnyes.com,https://news.google.com/rss/articles/CBMiT0FVX3lxTE9yaE1LNGlqOGg1bTdWM3ZSRWpIa29Feld2SllJelpUZWgyOVp2aVpYTHAwdXFXM0tZQThSTTF6MHZ0bnFueHZhTWZRWXBOYW8?oc=5,2025-11-14 08:00:00,news.cnyes.com,Taiwan,TW
6G近在眼前 業者應及早做好準備 - 電子工程專輯,https://news.google.com/rss/articles/CBMirwFBVV95cUxPZFQtMy1ZT2RRQWZsV2FreThQUHdLYVgxVU5fWUN2dklqVGRlN2dDd3R6S2lPV3M5dnk5WjJmNUg0end3N1BHM0FfWU1uNWtvM0VQVWFVcFFRR0RkZnRnS0Vfb3VHaEZ0RVJuZ2JCVExFSVVhcTdGOHg2X09kS1RSTHhpY1R6TFRfT1o1WlRGTW9IN3poS3NOMzFFWUtQNHNjMEUwWDA4aXlIZGdqNkFJ?oc=5,2026-01-05 08:00:00,電子工程專輯,Taiwan,TW
工業和信息化部：中國已啟動第二階段6G技術試驗 - 香港01,https://news.google.com/rss/articles/CBMi6gJBVV95cUxQOVRTZzRwMEZvUEQtdkxJMXdaaGk4eGFaeS1TSlYtSFN4WVpKa3drMm5wNjJJd0pjUzFsR0VFZ2RqYkNmUFRWVFcwZXpYZ2UyRUtmdU5KVHFXTVhTWDI0TjBINV9VSk55ZlBBMlRtVE51Z0pzY2FOSklXYWF0WkRFcEF3QzVtWmJucHdkRXE3ZmlWR3ZReldkM0hwQ281bkFfR1VDUldUWVVneFA3emdmTEhsN3IzRVpJVno2bWNMUXpocm4wb29fTk05VnJnZzdvNlBuMnRPUVc0eUFheWM2TVd1ZjZCLVhHRHFyTjNvSFA3VEMyX1YwMWhRWTMtQlFUTFk3N2owODNqREdoWGdvVkVGZUdPWEhMM2pzWDdQQjVPVlhoM3JIUUhFSldjekwtbVVjeXloVHZXVklaMnRScUtKTzYtUW5mRE9keXlUaGlUQ1V1ZXpaX0FWWkthMHNaeDhwZm5jR0VSQQ?oc=5,2026-01-21 08:00:00,香港01,Taiwan,TW
AI 教父押 6G 翻轉電信業 - 經濟日報,https://news.google.com/rss/articles/CBMiWkFVX3lxTE9RRGJsOFZfVG5nZW1OVlNlaVh2UXBBZ1NPQnVXeVA3aTl0VXB6YkFPR2RUQWhabjM1LXVhSTNMSWh5eUZES0d3OTRwWGdycTlfeWRLdGtQOWFIUdIBX0FVX3lxTE5uemRwSjZpY281ZEo3N0lrLWVNOEc4U0FIa0R2YjlWWjVBQ3Rzc0N0VTRfZ193eXctNndtZnpaaWl0c29uSXN1cnVIeGoxSkQwYkxsMU8tYTlJOFZkWDNV?oc=5,2025-11-03 08:00:00,經濟日報,Taiwan,TW
次世代通訊將結合衛星 感測系統、原生AI晉升基建 爭6G話語權 台灣應組團強化競爭力 - 今周刊,https://news.google.com/rss/articles/CBMigAFBVV95cUxOclJsQlBhUHh5TGZkQmk3VVhTV2FoMkJ5OFpwWXpsUFFLa3lsX2FKWGVab1JGaWZrNEVkenZWNjRjeWZCNXpPWGZkMkdDaWY3R3htQ0FQY2lNc2VycURnYnRQUi1Na19NNUVfZk00NEdBYXlaTERJV0pwN0lHNEdQZg?oc=5,2025-12-03 08:00:00,今周刊,Taiwan,TW
6G最快5年後商轉 供應鏈去紅 - 自由時報,https://news.google.com/rss/articles/CBMiW0FVX3lxTE1xT1MwT0xrRlVBTGZUMGhWVnBfM3hzdkd5N0loNFl5TUs1aE8yRlRuMER6UzBXdHplOFU3dVljdXpXNV9zdzJwdHZTUXlfS2hEQmpYV2ZjZDJ1YnfSAWBBVV95cUxPVm12dlRHNnUtTlhpM3FaUlVHS1BPQWlqN3NVbzdIN3p4dDFoR1hxZ0luUEhLSXJPTHZteXR6dGVUZ1JvTWxyQU9udWpIYS1oMWJXYTNLVjVURE50Vkp0N3Y?oc=5,2025-07-27 08:00:00,自由時報,Taiwan,TW
高通執行長艾蒙：6G預商用 2028上秀 外界解讀展現搶當領頭羊的旺盛企圖心 - 經濟日報,https://news.google.com/rss/articles/CBMiW0FVX3lxTE5vdzRqSDA3Ti1jdXdXZVZ4ZnpQbmV0Yl82ZXAyVVM4aFRFbVhfa3EyR1R2OHp1UGtZUzEwQXJ6eVFMRFVXTHVBaVdkQzAyaWtSRVlIMEJTZVQ0WmPSAWBBVV95cUxQQTVRd0xNSzBsWU5MWnQzanVwY3F5ZVZZN3FGaDJYcURJNWhZbTNBU0ZEQUpETm82WER5TzFQNnhPT2ZjdENqb1VPR3E2NnNHNGxoUG5yeXVMLTVDcUoyN2U?oc=5,2025-09-24 08:00:00,經濟日報,Taiwan,TW
"마치 김병지 처럼…6G 5골 맨유 비밀병기 깜짝 고백! ""어렸을 땐 골키퍼였다, 종종 혼자 몰고 가 골 넣곤 했어"" - 네이트 스포츠",https://news.google.com/rss/articles/CBMiXEFVX3lxTE1XVmsyUzYzdGJqQVBZbEwza3VfNEpfQVJmNDJfTnNVMTNxdjMzdHZsMVQ2Q0tMeGVPaUZCR0hmR0FDdFR1TU5pU2g1UlV1Ukl0ZHdzOEZxSHVac1lv?oc=5,2026-02-14 12:14:00,네이트 스포츠,Korea,KR
"라디오 중계에서 6G까지···중앙과학관, ICT 70년 특별전 개최 - 헬로디디",https://news.google.com/rss/articles/CBMiakFVX3lxTE5NTVRCd1J1czFWTnN3YUt1bUxmNGFBeEVmTGdxczAyQnRLQ1dodlpoMWdodXdSckFmVmFVUndvZ3lhaFgxLWVEYTVSa2xkZmk1Wnc4X3Q2RDI2dkdhSmxlWkJhU1RPTUhIRHc?oc=5,2026-02-10 08:00:00,헬로디디,Korea,KR
6G 시대 눈앞… 완전 자율주행·에어택시 경쟁 본격화 - 조선일보,https://news.google.com/rss/articles/CBMigwFBVV95cUxQLUE0akVpT2l1TzJxcXNqbkRfSThsa2N4U1htbFlsYlZuWl9oX2VaR3QwVWtJMU55VjBLNDM2blY2SGxVcy1nNXdxYldTZkdIWU1TT0NtaVRRTl9LZFpfazZSTkNfd3EwNFJDdWdvdXFFSkxKM2hsZUM1VWVhS0plb2pjY9IBlwFBVV95cUxNaGlHbkZBTXg3SkJhdFdFWmtwdFNuaHp3c2hoclRLSmtQMlRrS0JPcWYwRXBUZXJEUmFVMmdUM1publ9KWmc2bWltUkg5NkdqUGkyZXZBdk9hTGItLWtTanFnU0xVdUw3blVvMjVqMkRvTExOYzZDdFpjRXVhR0R1eEZXOTd4NTN6TVBaN0tyamFHMVVUbUww?oc=5,2025-12-04 08:00:00,조선일보,Korea,KR
"KT, AI로 무선망 성능 끌어올렸다…6G 향한 차세대 송수신 기술 시연 성공 - mstoday.co.kr",https://news.google.com/rss/articles/CBMibEFVX3lxTFB5WGs1bHh5T3lDWnFSTFRBcHIwYVRraWFzYW5HRTVyMUkzMnVIenZnRkJFZVhQRFp3b3JLWmRQcm9LZk15dFpWV08wdThmTzY3N24zUEJUSmZqNWpBVGdUWU1XcW0tVndhR0xMNg?oc=5,2026-02-11 02:35:45,mstoday.co.kr,Korea,KR
엇갈린 통신3사 작년 실적…6G 앞두고 CAPEX는 ‘안갯속’ - 디지털데일리,https://news.google.com/rss/articles/CBMiZEFVX3lxTE1NWGkxYWxleXNMcjhTWnc1RS1BYkRVNmFSemg5WG9rZ1NUN0lNNV9aXzJTMGlmWlR2eWNBYV8tUlFzRWtOSl8zWVNtV2F1QXhtTlFfMG5rMFpaUjVvWmZOU0RPcXo?oc=5,2026-02-11 02:54:14,디지털데일리,Korea,KR
"6G 앞둔 AI 무선 경쟁 본격화…KT, 글로벌 협력으로 성능 개선 입증 - 위키리크스한국",https://news.google.com/rss/articles/CBMib0FVX3lxTE0zRUZDbUM1d044SUFYaGVJWnpNVURBUC1rMWFMUmFUbG9BYWhaeDFWVjZkQ1l0VnNKSHM0V1Z2cmtVYlpVQ2V5YzVxMldScFFJYkpxajQyWHBXUTltSF9aNmNzM3JRaFRQUmtmOHpIWQ?oc=5,2026-02-12 03:07:00,위키리크스한국,Korea,KR
"KT, 6G 시대 지능형 네트워크로의 진화 위한 글로벌 협력 강화 - elec4",https://news.google.com/rss/articles/CBMibkFVX3lxTFBOLV9ubFJrYTJjMUdHSUJBYnRrS2lpLXNKNTZSc2JTNHp1RWpQTWFZVHhOcFFOTFNwYUhqM0ZOaGlDczFGWjFZVFYxUDVUMjVlWWRYdzl2U0hZQ21ORTVTZzJqZXkzSTBrQzhzRXZ3?oc=5,2026-02-11 02:14:12,elec4,Korea,KR
"1군 경기 없는 월요일, 퓨처스 6G 열린다...'울산 웨일스 가세' 퓨처스 12팀 체제 완성 - spochoo.com",https://news.google.com/rss/articles/CBMiaEFVX3lxTE92VDZRSXYxQ3EwTUJETV8tSV81SVhNRU9obTA5T0tNcWVyUXFMMjh2cWU1QXV6bUVrU2NyUmZWNnB5c3pjZUJlVGd1a21hcmtQZW9YcUgyeHpTcVd5cFBNODdjRkh3akFP0gFsQVVfeXFMUFhmN0RDYnBKcnhnQjV3MEFGQUZ0eVBVQll0OVNXdnVGb0NIMHZuZ19RaU1JZUFoMmMyYTVoSUthWm0xR3ZhZFc2eThMZGlHZzM1THdzNnpsUi1tRkdya2NKUXdZQnpUWVRNSFNT?oc=5,2026-02-14 05:30:50,spochoo.com,Korea,KR
[Inside T] AI로 그리는 차세대 통신 시대를 준비하다 – SKT 6G Tech팀 - SK텔레콤 뉴스룸,https://news.google.com/rss/articles/CBMiSEFVX3lxTE84UUQ4ZEpKSEk1YVJZSkg0N1lKalRBTFpKMWMwTWxqQkU4NlItdTEyZjBZSmtPcUVKYndDcHNlNGNZSVUta1h6bQ?oc=5,2026-01-19 23:30:49,SK텔레콤 뉴스룸,Korea,KR
"[차세대 통신 리더십 인터뷰] ③ “AI와 통신의 만남, 6G의 가능성을 넓히다” 6G연구팀 찰리 장 상무 - samsung.com",https://news.google.com/rss/articles/CBMitgJBVV95cUxNT2ZlR21GdkpSR3NJR3RfZWp2bWx3amJTb1FQRV81WFhtTnQtbms1dFlCSHZKRElrTm1LOVJnOXZ6M2trT2xRZDFLNGdvNHEyUzRxUmtlLVhfdWpjRVVjQVAxSGxUd00yLWhOOWxoclpqbGZzYXNiWkotME1hN1Y2cnR2ZVBzUGZCdFROczlVSi1ia3dhRUZSUlRERFpxS2k4WHBmTWFhd2l6M2t1MjNtYWpTWHlvMXdGUHViWmZRUnp3YWZrRnU3QXlvcU5Vb3pWTmpDYVNYNkhwenhyN1labWh5RklpalhXSGNFUktIcGJtNlZLbENrZ1lnUzZjTlV6N0RDLUdjSElpT3VHQmFXSU5DSlo1ZjhOQUFKSXBvZ010MjJOVGhuMGZwVDQxRFUzX3FBYnhR?oc=5,2025-09-17 08:00:00,samsung.com,Korea,KR
"[Biz 포커스] KT, 글로벌 빅테크와 ‘6G 시대 주도권’ 선점…속도 넘어 ‘지능형 진화’로 - 뉴시안",https://news.google.com/rss/articles/CBMiakFVX3lxTFBBakk2emZmclJFVFlzS3BQMzdnNTJRYzhlMGc5WnNSM3hib2dNLWhGamRYcTg3QkhyZXRUXzNnQ0IwSTlWY2pDei15c1lFYXJ0SWR0RmQwYWNOaHhhMXRON0h3ZXQxcUdra1HSAW5BVV95cUxObjhSSm0xYm5kZHE0N2VQM1BIa04tR2FoRDNQNXhoeUUzR0xuMTVqbjVvc2lvVEhFcTZpaDktOHFqVl93eWpXSEpyZFR5LThVY2VIdHhuOXRrNS1Td3Y4T0RJQ25pVm1CQXVKYzhMUQ?oc=5,2026-02-09 08:00:00,뉴시안,Korea,KR
'AI 고속도로' 깐다…6G 상용화·해저케이블 확충 등 국가망 고도화 - 대한민국 정책브리핑,https://news.google.com/rss/articles/CBMibEFVX3lxTE1fSHBuM0NtYk42TEI5QnFDaVFDbXRLa2RSUGhyRjBtZGVfLXFiWDJYQjhkSHZJRHJVVTRHVTZtUjRqR004b2JCVlMxdEw3NnlyMVYwc1JxdDVfT0U5bGw5Tm1SR0ZXbXE2WFkwRA?oc=5,2025-12-18 08:00:00,대한민국 정책브리핑,Korea,KR
"KT, 퀄컴·로데슈바르즈와 AI 무선 기술 시연…6G 주도권 경쟁 가속화 - 이지경제",https://news.google.com/rss/articles/CBMibkFVX3lxTE9KUDdHR05nQlVaTDlFTjhQVW5RSkp5WjNjR2s2aVNTdFlqU2J1NGNfQl9TenlQcDJxOFp4cHFQYlJDajBVby1JcTNBaVRCeE0yUHZUSGFJLURRcWxfUV9faUliMWNDN3NTNjNSRkJn?oc=5,2026-02-11 02:25:47,이지경제,Korea,KR
"KT, 퀄컴·로데슈바르즈와 AI 무선 기술 시연…6G 경쟁력 강화 - ebn.co.kr",https://news.google.com/rss/articles/CBMiaEFVX3lxTE9zX2tQZHUxSG5JeXVUXzdkSUdTdHFqNTJnX3prN2V6S2IwTlZLc0JTOC1tdE50cG5iU0tNYnFsVVl1UnNtd2t1UlViSm1KWnNILWhKOC1DMmhiRS1mV3lQZ3VDeFVyQjFI?oc=5,2026-02-11 00:51:10,ebn.co.kr,Korea,KR
"BRIN, 휴대폰에서 6G 기술을위한 마이크로스트립 안테나 개발 - VOI.id",https://news.google.com/rss/articles/CBMiS0FVX3lxTE41UUNzOEM2djN4M1BaR3RxMl8zMi1NendFV2ZIOVU4Z0xkYnhmeDN3V2RHY2xhb0N2OGZwQkxnRExmSjlYb0VQWTFjb9IBQkFVX3lxTE1ZRU5kcnNPdDdPU1ZDQ0g3T2tpaDVoX0JHYlpvU0otaTMxNWdaUmw0T25Yei00Um5xcDRFY0E2aDRwdw?oc=5,2026-02-14 00:45:00,VOI.id,Korea,KR
"""6G 진화 속도"" KT, AI 기반 차세대 무선 송수신 기술 시연 성공 - fnnews.com",https://news.google.com/rss/articles/CBMiWkFVX3lxTE5YeDlTaS12dmx1emREbE1rSDJjT2I0SHhWclFwTG9LbkdLZVZGTUVxTVdnTWFQc1NaVTFoTUM5WElXWERCaVlBQTNCSU9LTkhSZFBEMVczYWxvd9IBXkFVX3lxTE1IUi1wSEVOUjk3ZDFxQkRIV0pEWVFIc3dxZ2NnZ2RoeFRPYW5TV2QxenFWdG03Yl8tYmF4T1F6WHR6VkRPR3RxUnFfTEpqRFNQcGpyZWNCa0o2Umk4dkE?oc=5,2026-02-11 00:28:31,fnnews.com,Korea,KR
"KT, 퀄컴·로데슈바르즈와 6G 겨냥 AI 무선기술 시연… 다운링크 성능 50% 개선 - 조선비즈 - Chosunbiz",https://news.google.com/rss/articles/CBMiggFBVV95cUxOVGsta29vQllEcEl3S3hHZHg4VDVPWlFqNVEwRDA3R1BRRlNfenA3N3Q5eGlDb2MtdWN6LXZmMUtKT1FoeXNaaDZ1emFCdy1aZ21SaEFMOEZDU09pQkU2Y0xuZExCZ3BQU3c1cGN0NjBOeG9YUTJZTUxUZ0IzWHlHdnlB0gGWAUFVX3lxTE1yOC03TUZwNHY2SkgzTXgySnFnNDhpVjBEVGdaX2xpTXJDUXZhS0RSWE1Jd3Ntd182STAxRjdHU3pwSG52NHFvQzJSaGxCbXRTbUtVYUJWQmJ2LVZWUzJwSjlmOHBZMWN5OWJ3SktWQWVybUdiQTAtMkNqQ3lUN2FJcTZRZXNickpFbF8zblBId0ZDVmdJQQ?oc=5,2026-02-11 00:40:00,Chosunbiz,Korea,KR
"삼성전자, 6G 기술 선점 및 상용화 위해 글로벌 컨소시엄 참여 - samsung.com",https://news.google.com/rss/articles/CBMiywJBVV95cUxQT05MQjFBaVl4VmpKZFB0SzVsaXVnNUVrNFk2OThjM2s5M19xbmhURThzQ1lJWHl2TUYtZEN2c1lSUlFCWkhZaGNxalFMZlNlME5GWGxUZGlMMjJndmpqbnc5TG05dlZtS04tc014N3JISkRYbVpVbHNvMVVOU0NraG5XMDdYelhWc1NSYzgyaG01WTBrQ0czajlZYzhsallKQzlnV0xHTUYtZkJLMmRlQ1lCdTdsR3dibnYyaU1WRm9VRXdKNXBac1UzelgzaFU5R0M4SDZYSjMwNkZuQVZ5MVV2bkxxX3hpdFJSMFJMMnVoWmIxeHVScnZHVzZXeDZQOWxuVWxBVFVvVjByYVZsck5yZ2oyQkxiYVNYSndVNDNrNTFfUnFnZlF5UjRGYWVsdGpZVkpPbC1BQldvUU44TkZxNV9RVjlNbjg4?oc=5,2025-09-23 08:00:00,samsung.com,Korea,KR
"[차이나급보]위성, 6G, 그리고 ITU 사무총장 - 헬로디디",https://news.google.com/rss/articles/CBMiakFVX3lxTE5fakRDQVdSRXgybkdJbzZLX3BzVkUyTWdxajBHSVZ1NHJBLWViX2J2SGRpOEZuS21VbTRzclIwaU5NWFdZNlp6ODVSWEpvVTQxWl9ZZ2d1RFp6YmlkbzRpSkFHVmxFTW9zVUE?oc=5,2026-01-25 08:00:00,헬로디디,Korea,KR
"삼성전자-KT, 상용망에서 AI-RAN 기술 검증 성공… 6G 핵심 기술 확보 가속화 - samsung.com",https://news.google.com/rss/articles/CBMivwJBVV95cUxQaXpTYWw3eTA5cXJiVTFVd1VjOV9nNTZuRmFzT3hMUGxqRWNXbW1TM0NVNVhGUFhLZ3NRRDh2RDEtM010U3ROZ0VrUlQzR0dzaDJxRUNxUFpnUW03MktNN2E2cmEzSUlmR2RuMFlwV1FvVXVrb3I1Z3pDc1BNWjZUbldkU2FiVTZLNFhWMF82bWZjV1BGTVZUSVMxOGp3MXhyaDZHQmo4T1F1NjFXZS1QSHpCZ1lfLUZneER4LVh5QnFDOGgtTDREWW1fTjZSLXNBLW5KVFZTLXRCcDdFS1Y2SWVBbUhhU2lrSUZ2a1IxMmI4Ni1EVHhqMkVyUS1WZE82cE5vVi1Ja2hhMWNHN0RBQy1pOE1vMnNHZ0ZaZm1fVG12S2hvZlAxdS02WFpSVFZJdXhVbW40WGFIZmgwYkk4?oc=5,2025-12-11 08:00:00,samsung.com,Korea,KR
"KT, AI로 무선 효율 높였다…6G 핵심 기술 실증 - 뉴스핌",https://news.google.com/rss/articles/CBMiXEFVX3lxTFAtalhpM3lCVG52REIzQVFobTB0Nko1MGU3Q3dTT0tzUmttZENxcHFKTU1OTDBJdDRsMjdqcktYdV9hSGFDaXEyZC02Sy1zSDR6R25NdmU3QU9Nc2g0?oc=5,2026-02-11 01:43:00,뉴스핌,Korea,KR
"""AI로 다운링크 성능 50% 개선""...KT, 차세대 무선 기술 시연 - 지디넷코리아",https://news.google.com/rss/articles/CBMiVkFVX3lxTE4zRWVWME1fc0VaRW8tRUs4OTBDMWFJVHkybm5PUDdkbl9Xa3hSN0xVdHh4X1BlWFVXUkYzT2RHWnFQMmVqaExGaWxBREdqM3VxdW1iU2lR?oc=5,2026-02-11 00:18:38,지디넷코리아,Korea,KR
"""AI가 무선망 흐름 뚫어주니 속도 50% 빨라졌다"" KT가 퀄컴과 손잡고 그린 6G 청사진은? - econovill.com",https://news.google.com/rss/articles/CBMibEFVX3lxTE96OHlROUFGLWJvWlNZUEk3QmI1YzNFTjdjeWhldE9Rd2JCOXNGMDFTdUNxRnY4ZXY5Q2RvYVkwdC1fVEJEbE9JejB4ekxBalltQklXSEppTDkwb19oSFJwd3Etem9ISU5JN2tFZg?oc=5,2026-02-11 00:03:24,econovill.com,Korea,KR
"'AI·6G 핵심' 저궤도 위성통신…""한국판 스타링크 필요"" - MTN 머니투데이방송",https://news.google.com/rss/articles/CBMiZEFVX3lxTE1lakh3eEpoM3ppbk1tN1ZQbkZ0UGxCZXQ4bnZLekc1LUYtTk1pOUZNeWZldnpiZWhxQ2RYMkFhdzhaTE5lY0N2RThZOUtWa3gzdXFIQ2J2eU5lcXBkRkNXaGRiM3E?oc=5,2026-01-28 08:00:00,MTN 머니투데이방송,Korea,KR
"류지현호 오키나와 평가전 6G, 생중계로 본다...치지직, 유튜브, 케이블 채널로 라이브 중계 - spochoo.com",https://news.google.com/rss/articles/CBMiaEFVX3lxTFBIb2V1MW9yS3NwU0hFZjg2c3haUHZzS0o1WmpqMjNkNHlLQ1dnVUhBcWJRNGd2VEZaNlFCZWYxVGtvY2IwQkdsZE80TGJpSlluY3J4RndMOElFdXNiRnlVVjU2enpHa0950gFsQVVfeXFMTnBLWUJBeXVMZlF6Zy1COXQwWEVuSlpuSjBHZ0dSYTVKRzAwRHdkV3Fyb00xYVl1dmtrM3AxbWJybmRsYUdHdEMxUk5nNnpwaUFtdzB0QWdpbHkxemFSTlk4eEV3SHpYbXNFam5f?oc=5,2026-02-12 06:32:21,spochoo.com,Korea,KR
"KT·퀄컴, AI로 무선전송효율 50%↑…6G 핵심기술 시연 성공 - 네이트",https://news.google.com/rss/articles/CBMiU0FVX3lxTE1nQ2FnblVjX0lXWTcwQk5LWFZFb1ZfeDBKTzRNVjU4cWhHZU5LOTBIVHlrTTBzd09FaFdpM0ZnTmZIbmxuc2hPZEYxLW5JNVJwU20w?oc=5,2026-02-11 07:21:00,네이트,Korea,KR
"KT, 퀄컴·로데슈바르즈와 6G 핵심 AI 무선 기술 시연 - 아주경제",https://news.google.com/rss/articles/CBMiWkFVX3lxTE1LU0tzODg2OXBHRGRJNldUSnVVTWhkUHJtMmxaWDQ0VkVSMG1TSEJ6aFo0ZFlRM3pHckJTQnBqcFlHWFRiTWxYNk1yM1NGOTZraGtxVW56RkFKUdIBWEFVX3lxTE8tM012SHFBM3R4OTVIWjZTc2pMOHlkRkpmbEwybF95d2lfVFJXbXZSa2NKQmFpTFVOTjlmemhVcm1GR1BZLVVxODVyNFZ6MUlGSkdhOHJ2MjE?oc=5,2026-02-11 00:45:03,아주경제,Korea,KR
"제노코, 56억원 규모 6G 저궤도 통신위성 핵심 장비 수주 - 네이트",https://news.google.com/rss/articles/CBMiU0FVX3lxTE9GYXRTaHc0bjhMUDZ5SU5TWGtGQlFZT0UwM09ndlBiZTdidllsZWY0MksteWREUEc1Z0JvNWhrWEwyY2FQdjhQRW9RX1dCZmpmNEVF?oc=5,2026-02-11 08:22:00,네이트,Korea,KR
6G - samsung.com,https://news.google.com/rss/articles/CBMiREFVX3lxTE4xN3hyYXl3elRyTy0zdjNXNGxwd216Wms4MWFlRlhrYkRwal85Q3RQRENDY2xlYnQ1OGpvbklzSWFoa3NH?oc=5,2025-10-20 04:34:39,samsung.com,Korea,KR
"KT, AI 기반 무선 송수신 기술 개발…""6G 표준화 주도"" - 네이트",https://news.google.com/rss/articles/CBMiU0FVX3lxTE5HZWxXblRiaHI5cHgwY09idXgxdEhBWUY1V00xZHpEYy1KOEc3RGpFNkpmWUNZclcyUjJleVlmMWpGQV9lMUlMZHdIWTRqWGc5NUNV?oc=5,2026-02-11 00:39:00,네이트,Korea,KR
제노코 수주공시 - [위성통신]저궤도통신위성(6G) 탑재컴퓨터(OBC) 개발 56억원 (매출액대비 9.85 %) - 모바일한경,https://news.google.com/rss/articles/CBMihwFBVV95cUxPS3pXOTZvam5HWkpiRVYtQ09kVlhpUjNGVXVzd1NNVXdGeHZWY2NMcS1RN3V0RUhOcVEwYWtHRHhtWnFYYlhpUk94WmxTbk1mUGVNb2d0MWtCNnhwVFBIU016V2dSUThBVW96TEctVG1GSVE3SGZVdWtBRUJYaWR6Sm02aTBPQ0E?oc=5,2026-02-11 02:55:30,모바일한경,Korea,KR
"6G 관련주, 인공지능+6G 시대가 다가오며 수혜주는?? : 네이버 블로그 - Naver Blog",https://news.google.com/rss/articles/CBMiWkFVX3lxTFBsSC1DdTh6a1BFRXM2R2F3ajZvaTlTb2ZwYm5kc3liS0lBMk1Eamt6WE5pSkdqWWdEV2N6a0VaWTluUlZCbDlDbDZqS2RZQXVTdllaZnE3Vjhtdw?oc=5,2025-10-29 07:00:00,Naver Blog,Korea,KR
"AI가 무선 통신 성능 개선…KT ""6G 주도권 잡는다"" - 네이트",https://news.google.com/rss/articles/CBMiU0FVX3lxTE82ZWtCZy1CaEpXVkJlWUthUjhBT1RfRFc2V2JQZGdnbFpmTzRxRHJjdk9DN1E3MW13VVlxaDBYeUp6eWNZeGY4VmVmalNsaG9Jei1B?oc=5,2026-02-11 00:18:00,네이트,Korea,KR
"제노코, 56억 규모 6G 저궤도 통신위성 핵심 장비 수주 - 네이트",https://news.google.com/rss/articles/CBMiU0FVX3lxTE9wbk1WMUtIbDJ6RXZDMjlIdlFZXzQzMHJyX2ZXd2tPalZGdTg5ZlZ3dlpNeGFLekp5LVJZX0pCTjhLSlBSN3lFd3lhLUFDVXpzd2hV?oc=5,2026-02-11 04:55:00,네이트,Korea,KR
"와이파이8은 실내·현장…6G, 전세계 '커버' 통신 - 한국경제",https://news.google.com/rss/articles/CBMiWkFVX3lxTE52M0h0V1ZuSmplZ3NLSmdYaWhUMXNtOHQxdUZEcHJhSUxJRTQ4dUM5cEwyVVV1bGs2cW9WXzZtT2x1Rm85R0g3S0ZxazJaSnNlYXBuMVpoYUwyQdIBVEFVX3lxTE1yTlhrTGctRl9oOUJtaFhDdk90RFVJVk5QaEdtaGVySkctYjJvOGpDTmR0S25PSU5heUtqRnFod2pkRTN1UEdXRUJORXpya1VxVXhyRg?oc=5,2026-01-26 08:00:00,한국경제,Korea,KR
"6G 시대 임박!… 자율 주행, 스마트 팩토리 등 산업 지형 확 바뀐다 [한양경제] - v.daum.net",https://news.google.com/rss/articles/CBMiT0FVX3lxTE9zdWc0SDdNRVpHOVFpd0w1ZlJIbEM0b0NXblM1NHh5MGM4R2QzbkVQOUlEM0hvWGRCaU9jbTF0UjNzSTBacTN0aXFETXNXYmc?oc=5,2025-10-29 07:00:00,v.daum.net,Korea,KR
스타트업 - 스타트업데일리,https://news.google.com/rss/articles/CBMiX0FVX3lxTFAyZVEwZ0d1VUU4ZElsM3pqQ0pJakItOEotSWNOVnRMV01tbUR6U1hXQTdTa0R1Z0FlSEQ1WnRub0xPb24yTDFlRGhDZWg0dHBaX0taU2M0UjB4eUo4M2x3?oc=5,2026-02-11 08:20:00,스타트업데일리,Korea,KR
"통신장비 관련주, AI시대 속 6G 상용화 가속화!! - Naver Blog",https://news.google.com/rss/articles/CBMiWkFVX3lxTE5KVWlpWXhxSXoxVTBzemdUYkNZT0ZzOFdEa2laMWhuZ29pdEM1WGt1Y2NYZnFrc3d2d3oyWC15X0lPX3RZUXFVdGx0ZE5xQTNtYkFLSnhEalBnZw?oc=5,2025-10-07 08:00:00,Naver Blog,Korea,KR
"SKT·삼성전자, 6G AI-RAN 기술 공동 개발한다 - 전자신문",https://news.google.com/rss/articles/CBMiTkFVX3lxTFBNdkdpOTlqVFA5Y2ZzT09rdzdQQmJmb3dtekJHRk1kWXBLZ1dLd0NuRVNxM3huT2lTRkJZSEluR09wY3FpOGd0S2Z4ckxqQQ?oc=5,2025-11-26 08:00:00,전자신문,Korea,KR
한일 6G 통신 협력 가속화...AI-RAN 공동개발 - 지디넷코리아,https://news.google.com/rss/articles/CBMiVkFVX3lxTE9TeXp3V3FVa0dtZlpmYUd2a09HZGF4Nk1zbjBYd2thY1B2dGg4N3lCVER2OXBxZUxPUUxGVkF4RVFtb0k2NEkzdEVaM01nRW53YlFVZmd3?oc=5,2025-10-26 07:00:00,지디넷코리아,Korea,KR
"AI접목한 6G 무선 통신 기술, 이르면 내년 '5G어드밴스드'에 적용"" - 지디넷코리아",https://news.google.com/rss/articles/CBMiVkFVX3lxTFBWRXRpSDM0eDBQVHhNNXVpZkhwblVrTnVFdTRiclB5TWpwdWpzamkwVmhzZ1l5Mnk1NE9EQlQxcGREZFNCYW9TR1k2UzVHd3ZKX1hjbWl3?oc=5,2025-11-17 08:00:00,지디넷코리아,Korea,KR
"엔비디아, 美에너지부에 슈퍼컴 7대 구축…미국내 6G 통신 추진(종합) - 연합뉴스",https://news.google.com/rss/articles/CBMiW0FVX3lxTE01RWNfT0QxX2hEbmViN1I1ZkNPdTJWWEJaempMbXJadFUwS2Vkdkg3WmhRZlNWY09hY0xXS3J2NDB3elFTd283dEJqMlRlVVQ4REZZNGZJSkNNbU3SAWBBVV95cUxPejdHMXdNeGJ6eVduOW9TNGZoLTBuQ0RYR09XY1ZLQUQ5aklXS0YyZFFoazFycUxvVzNfU3dIV2NPVkVtZEw4cG5qS1ZCUXhFbEQ2NHZRcVlPWW5QR1FOSEk?oc=5,2025-10-29 07:00:00,연합뉴스,Korea,KR
"""AI가 데이터신호 전송·제어까지 수행""···ETRI, 6G 핵심 기술 개발 - 헬로디디",https://news.google.com/rss/articles/CBMiakFVX3lxTE1XMWJzN2dfQWJJbnhBdkdWb2hPMlE0RkFnMXhDRFFaWHR0WUpUMDhGWnRxSlJSbkJWVjFFLVQ0dXRQckd3V2JYWVpqOFFmQTg0eHFTMUk1NnVud0FDb3FwUmlLWS1NSUNYNXc?oc=5,2025-11-17 08:00:00,헬로디디,Korea,KR
"엔비디아, 노키아에 10억달러 투자…AI 네트워크·美 6G 통신 구축 - 전자신문",https://news.google.com/rss/articles/CBMiTkFVX3lxTE5ldExSYk9FaXUwa29LTW5nVlcyMXRSMUZCb2pxcHlxX1g2NjRheHU2ODRmQmxzY3FWX3pKaXFrWmJOLVVfLTRwRTB1WGo3UQ?oc=5,2025-10-29 07:00:00,전자신문,Korea,KR
"NVIDIA, 미국 최초 6G용 AI-RAN 스택으로 6G 인도하다 - NVIDIA Blog Korea",https://news.google.com/rss/articles/CBMibEFVX3lxTE1RM1RTU0hCdUpIYnA0QnhsNllsYmM3bXo4TGJxeXVxdmwwUS1vMDFXcG9ZNkFoRHREZXhkeElaZEMzRzFqZkhtRWp0Q2xsN05MNFBtd3pYWnNIeHVfLWpYMzJrN0UwX2JjVVY1aQ?oc=5,2025-11-03 17:50:45,NVIDIA Blog Korea,Korea,KR
"삼성전자·SK텔레콤, AI-RAN 기술로 손잡고 6G 선도 선언 - samsung.com",https://news.google.com/rss/articles/CBMiqwJBVV95cUxQb3VGVGxOa2I4V0lqUm81YWVWSWpialRvdFBvY0o1VnBkdUF3YnBBbFZxS3E2TWY4LXdqUlJPU29fOEsxNktHckJxcDJCd3ZDVjdyTmFCUFRqQmcyT2xCcjB3VUN0bkFZdnhlTXJORDBCR2w5NkNSbks5OXBKbVFZdFk0V2NlSXQ4NnBrRXo2NENZYV9RNjNpb0lMSzZGbGZBQzB0X2NfeGpXaFBGV0JmSEJQX3REYTJIQVhXVWtYeWY0bmdBWkJsOXhUZFRwUnB1ZHlhempIT3MtcVdLb1RwcVVnMmZDVGZPLTVWN0pISU8wY21qVEhOZWg4aGctRVd3R3dET0d1ODVyLU5JTUk3ZURJZzdiT3h3Nm10TjNCNlpWRmlBX1ZYODZoMA?oc=5,2025-11-26 08:00:00,samsung.com,Korea,KR
"KT, AI 기반 차세대 무선 송수신 기술 시연 성공 - 전자신문",https://news.google.com/rss/articles/CBMiTkFVX3lxTE1La3JfaXdHTTQ0LTc4c1dmby1oMFo4eWY4TEcyVnlKUnI3RDdDeGhKSFhyQ2tBdnowb2E4N1BkTlhEZzNwc0tiR3JUV1Bydw?oc=5,2026-02-11 00:26:58,전자신문,Korea,KR
중국 정부 5개년 계획 추진...'AI·6G·로봇' 핵심기술 육성한다 - Hellot.net,https://news.google.com/rss/articles/CBMiX0FVX3lxTE12QXlfbWctSnpscTlUNTRiVDFkQ0pPUEpHN2ZXeW5XeXRDTjY3dVMzb2JsT0g4TkUyZk1oNU5aZ0F0Uk1VS3c0OEtwVHFxb1lYbDZGRjU2cWoyRkxVZ0hB?oc=5,2026-01-22 08:00:00,Hellot.net,Korea,KR
"""AI가 직접 통신한다""… ETRI, 6G 핵심 'AI-RAN' 기술 개발 - 산업종합저널",https://news.google.com/rss/articles/CBMiU0FVX3lxTE1ybmhFZ0N0Z1VMeUwtRGRxTHJBbFBKNGVNUHRWSTlDSUNEMFVyRmxLbU1nQlFyLXdHUV9CMkVVVzBVdnZUenY5a1NGNzAyS3AtZ3lz?oc=5,2025-11-19 08:00:00,산업종합저널,Korea,KR
"""1954년 라디오 중계에서 2026년 6세대 이동통신(6G), 인공지능(AI)까지"" 국립중앙과학관, 말띠 해 월드컵으로 보는 세대공감 정보통신기술(ICT) 특별전 개최 - 서울Pn",https://news.google.com/rss/articles/CBMiYkFVX3lxTE81eHdRS3VoSEdONkV3MWFkeTY4T096SFZEQk1JdjA4RlNzbWJkWmg4Vm42SWJfWmR6X3AxQnN3MFJoNWlfakQ2QVd0bG9wTy1Hd2JhbWhqVGt6aXU2dnJUMi13?oc=5,2026-02-10 01:05:59,서울Pn,Korea,KR
[차세대 통신 리더십 인터뷰] ④ “AI와 글로벌 협력으로 여는 6G 시대” 삼성의 글로벌 파트너십 전략 - samsung.com,https://news.google.com/rss/articles/CBMivgJBVV95cUxPNDlUc3pJVjVWVVJWUXMwTEdmV0dEdExURnROYzdpZWVUeUwyRGZmRVJkTVRjRmlteUdMaFJWRXFiQktycDFpazIwbkRyeDM0Z2lNMThVTDZkVmVaMnNfSEhySjZoWGE4WUNjME03LXJpTkFIT2JBNXBSUGNJNXNuUWhCaVY3dG9ad2RGekRFVzMzeV9td092TlI4a2VsN05JeUFObGRHOFl1YVhGRU10Q1dwZHFqekZqeUJuUFhXWVU2SGpEblZyMjUwOFBhczNMd2VQbnJoeGZQVV9RVnVYNXJlYjlueTBHWTMwZzBZem9ib2RQQ0hvMnE0bVRvWWsxdEZPYTdIX2laSjVXekhsOV8wMFI5V0pwUGRNeGdXTEMydDhDbWU0TEozNmNUT244MElCZGE3TFBSdlVpQlE?oc=5,2025-10-28 07:00:00,samsung.com,Korea,KR
"AI가 이끄는 6G 시대…이통3사, 차세대 네트워크 전략 공개 - v.daum.net",https://news.google.com/rss/articles/CBMiT0FVX3lxTE8zaWhtZFU2QTg2cEpuLWxwaHQ1YXFGUkFLN194V2YtZ1pScnAxaGFuN2RuckNzNzQtX0pHQjc3NWtLZ1NoUDNvUWFrTHpLVWM?oc=5,2025-10-28 07:00:00,v.daum.net,Korea,KR
옵티코어 스타링크 한국 서비스 개시로 '6G·위성통신 경쟁 속' 기대감 - 전자신문,https://news.google.com/rss/articles/CBMiTkFVX3lxTFBvLUNJRHM4MmdlRTUzNmRjVDRmQXFYNGIzazJMaWFDYkNXbnF5RlpOcmw5UHhVS0RMMGV0RkZScGR1WDlnelYzcE1JWXJwdw?oc=5,2025-12-04 08:00:00,전자신문,Korea,KR
"中, 세계 최초 '6G' 통신 칩 개발…120Gbps 속도 구현 - 디지털투데이",https://news.google.com/rss/articles/CBMic0FVX3lxTE82Rm9JWjhnY3FjRExRMDhDYVBsNUlpazh5blRMMDY2T01NN3c5bm8yQzREZmFJYncwQmdRNFZiaUlSbHFBLVctSm11Ul9iemFZaFRUekx3TE1qR1l3Ynl3dGtSNXFXd2N1MUFyRTgzV1k4TjA?oc=5,2025-09-01 08:00:00,디지털투데이,Korea,KR
"[전파진흥주간] “우주시대, 6G 통신 핵심은 위성·AI 융합” - 전자신문",https://news.google.com/rss/articles/CBMiTkFVX3lxTE1DM2RhV1VISm1hMmNzY2JhSXhmMEpkeFRadkNUY252cnBMNFl1aENZWnQtRTJqd05sNXB4YzA2UUZMUy1QVG9SNzRGZm1QUQ?oc=5,2025-11-12 08:00:00,전자신문,Korea,KR
"국민대 유일선 교수, 6G·양자보안 국제표준 ‘키맨’으로 - 보안뉴스",https://news.google.com/rss/articles/CBMibkFVX3lxTE41MDUtUXpwZXBXWmt6WU1iSmZIZmtLUWtJcTNTXzJGMTBodC1mVHExRWNFbWY3andIcWZtMWJ6NUR3YWQzbUlQcEhEZENiczdYVURHVVBLMmxuWlBEc09LMHVIMU84NEFHeU5xUWN3?oc=5,2025-11-15 08:00:00,보안뉴스,Korea,KR
"6G 포럼, 모바일코리아 2025 성황리에 개최… 26년에는 6G R&D 전시와 함께 확대 추진 - v.daum.net",https://news.google.com/rss/articles/CBMiRkFVX3lxTFBiWW9Gdm00U3dkNHY0Zk5HckRCeTc4c1lJRGJvT0NXbUFqdFMzdGE5cmdGN055Zmdad1VrRUVHVUFobVl0NVE?oc=5,2025-11-05 08:00:00,v.daum.net,Korea,KR
"KT, AI 기반 무선 기술 시연 성공…다운링크 성능 50% 향상 - 이코노믹데일리",https://news.google.com/rss/articles/CBMiYEFVX3lxTE5UQXkzc2U3WlVFMk1la0NzNTZ6X2VHZXJQUFpyMWk2dGZNaFVxWTdKemNOa09lU3ZjS25STTBLekRKT2ZqRXItYjVQdktSdWNRMmpZX3NfazdNeDFEV3E2Z9IBXEFVX3lxTFByTk05UUdkT2lwQU00bzBPUmtpV3VVbnctU1NleDF4RFJsTHpaNF91YzFOeHpndC1EQjJlR0lJbWJueUpMNVdzazBmTjN4NXpkUDFIS0ZSOW1DaVc5?oc=5,2026-02-11 00:43:44,이코노믹데일리,Korea,KR
"국내 연구진, 6G 시대 앞당길 차세대 양자 소자 개발 - 사이언스타임즈",https://news.google.com/rss/articles/CBMijwFBVV95cUxNd0lFWkY2R25FeFN1WUQyemZUUV81cXBITFIwYmtsZHZoeVhJYllPU3dtSDhoS3h2QkJ0R3NNTXl5NmoxZW84NDhFdVdXRC1jZUotNTJaYkN1Rm1Ia2x4dzY5Mi1qOUZ6SndPdFBzQ2k0RDJtOFVxdXlXYVFVdjFPTV95Q2lWMmZnT3Jmd1Z0RQ?oc=5,2025-12-31 08:00:00,사이언스타임즈,Korea,KR
"삼성전자 송주연 연구원, 아태지역 6G 주파수 논의 이끈다 - samsung.com",https://news.google.com/rss/articles/CBMiyAJBVV95cUxPaklSUlhidDVFZ0pIUVNxU1YtbXJBSUhGWkdfOWdaN3hTMXh6c29IcEt3LXFqZ3JIdUlDMFlBSHhwN3B4VHRUaW9BLUdFVnB4azBuZWJjc0dOTUJ5YzNxN0JGTzhDZUdnejBlenRRMGpRdlh3cFFfN3dxeHlGUHFEZ1hUZTMtaGhQTnpCZzd2NDlMS0tPdmE0WXR0MXpoVjVQWmtuVUtSNmZMV1h4R05HVFI5cmVOdnN2WUNrVUxPYUItSmhGa1dOZVppZ1REMlM3MmtpWGIteGI5RWRVY0dyVTBOM2h0dElTa3ViR19SMENzbm52WldYbU5rT3FpRzczaFhabU9INWViRGlXLVBERlZIcmw4VTd0X1FSeXFQQVd6RWc2cmZhWXZ1LV9NWjBJZU0yMTdkc0hjM0NYUG5BdWVnaFdVeW5Y?oc=5,2025-07-29 08:00:00,samsung.com,Korea,KR
"""6G·AI-RAN·해저케이블까지""…정부, '하이퍼 AI 네트워크 전략' 발표 - v.daum.net",https://news.google.com/rss/articles/CBMiT0FVX3lxTFBlQWp6aVVfRzUzN3I3TnRneWJkWUJTV3VzM0k4RXF5MEdMNEpCVEktWUVEY1ZlZjkyam9XcUpRNnQza2VmMER2aEx4UHctYjg?oc=5,2025-12-18 08:00:00,v.daum.net,Korea,KR
"전남대 연구팀, 인공지능 융합 6G 통신 원천기술 개발 - 사이언스타임즈",https://news.google.com/rss/articles/CBMidkFVX3lxTE5vaXY2SHZ1UWhnR2pxUGtFNGJGTFpJbWJtMUNkX0RDWFl4ZXRTS0g5UWt1eFlZNHBab2VDSW1ENW1vYWpKbXNNTzBmWGZJWnFOQllXQXpmSkZoZVZIX29FOVhhUjBrUFowNDB6WFJpR0Z5QnljZHc?oc=5,2025-12-08 08:00:00,사이언스타임즈,Korea,KR
"[한국정보보호학회 칼럼] 5G 특화망과 양자 보안, 6G 시대의 교두보 - 보안뉴스",https://news.google.com/rss/articles/CBMiX0FVX3lxTE1sNl96Q3dBdUQyTWRiVGJHLWJTN1B5djNmR1U3LVIyaXNwWl9HODU4bzJZUGp2UkJialBrNXprZWhFYmlBN3A3N2tSQmZpbjVvYUE3VlZWbUd1VzgwYzZJ?oc=5,2025-11-14 08:00:00,보안뉴스,Korea,KR
"KT, 6G 연구 개발 및 표준화 협력 위해 LG전자와 손잡아 - elec4",https://news.google.com/rss/articles/CBMibkFVX3lxTE5na2FtOUF5VjJzdnozWkRjUENwN3VzSllxVldCZkJwdk1FUGJOc1VHcHhxUFp4Q3EweUswWHZHNkhLb1NQV3p1S2tZdk9BeGw2N0poN3VIVmY0aHpwclZRU1FYZ1dfMW1Bb3VQSk1R?oc=5,2026-01-20 09:32:06,elec4,Korea,KR
"[ETRI, 6G 기술개발 선도한다] 2028년 핵심기술 구현 목표...표준화 병행해 성과 키운다 - 전자신문",https://news.google.com/rss/articles/CBMiTkFVX3lxTE95bk54RGFnbUU2MGZRY0pqUzk1OGk5ZTY3RlVYMmFpQWtqWGVBMXBJc01LNWtKOG1oM1VHQndiT2RxMVpLeGhnTHhkbnd3dw?oc=5,2025-07-24 08:00:00,전자신문,Korea,KR
"KT, AI 기반 차세대 무선 송수신 기술 시연 성공 - 뉴스1",https://news.google.com/rss/articles/CBMiYEFVX3lxTE1ZcUY2bHN2RUE1aFdKUnFxcFMwdlFEQ2J3WFVBNDZpMkptNkVlUUUzQUFGX1N0MFl2Z2wxSldGdkxoUEpOOU1OSGEzbllycG1yMWZoUXQ2TUhSQ3FfTjhYLQ?oc=5,2026-02-11 00:56:41,뉴스1,Korea,KR
“AI 시대 필수” vs “6G로 바로 가야”...5G 단독망 두고 엇갈린 동상이몽 - 녹색경제신문,https://news.google.com/rss/articles/CBMiaEFVX3lxTFBoLWREajlIa1BKV08xQ1JvQW51WVlKcXllcDVzWTN5dUF3MF9vZWxhaDJTN3NzRlBxaU9xRGdmMmEyVmdILVgwVjQxOFBXNE91ZWtNRUZtVF9Qc3ZKVGljSGUwS1E2NXBV?oc=5,2025-11-26 08:00:00,녹색경제신문,Korea,KR
"SKT·삼성전자, 6G 기술 선점 나선다 - 한국경제",https://news.google.com/rss/articles/CBMiWkFVX3lxTFBnU2dPV0VNUWgtYmRxa2ZFV3JBdHluMVl4ZVM3WTl1dzlkUTNWUkZlaktqaGV5N3ZOTGpkMHh2N0ItamZaZmY3SlU3N2RHMVV2OGwzekt2NzFFQdIBVEFVX3lxTE5OUEpXRDFzcHBoYUNhWG1samVpenloLWV2M3N2QmNfcVJmT25EZ21VWlZYaGpyOW9NOEo1TmZONGVWYU56R04tTXFmVjZiM1JpSTRVQw?oc=5,2025-11-26 08:00:00,한국경제,Korea,KR
"KT·삼성전자, 상용망서 AI-RAN 검증 성공…6G 최적화 넘어 지능화 선도 - 전자신문",https://news.google.com/rss/articles/CBMiTkFVX3lxTE9DVzNxcDM1ZHFYUWh2clJXZ1MyTDJZV2xRdDNuckNlY1NhSFJkaTZxSFZ0RC1lX1JVSEtMSWdoNHlYR0FfVC12YmFNNVNZQQ?oc=5,2025-12-11 08:00:00,전자신문,Korea,KR
"AI 시대 핵심 인프라 6G·AI 네트워크, 글로벌 경쟁 치열 - 산업일보",https://news.google.com/rss/articles/CBMiREFVX3lxTE5uTmNhblliTEdRV2tSTFAwU3lacGRwaHBZYzI5cTNNZzcydzRBR1AzM3N5SF9rcGc5WWxDdTVRTmJRZ0pp?oc=5,2025-08-19 08:00:00,산업일보,Korea,KR
"6G 관련주, 대장주 TOP13 | 미래기술 테마주 - 브런치",https://news.google.com/rss/articles/CBMiSEFVX3lxTE9oQXZBWUVwLXNXc0tCRjRjWmZINE1FaFNMWkc2ZGRELUl0WW5KTVVEX3NpOUI0Ni1FYzRscWNDeXZjLVkzbm10Yg?oc=5,2025-11-17 08:00:00,브런치,Korea,KR
"中 ""6세대 통신 기술 시험 1단계 완료""…6G 국제표준 선점하나 - 중앙일보",https://news.google.com/rss/articles/CBMiVkFVX3lxTE9PRldnc2hCQVlrMmlEVXhYTjZfZFBHWVktQlBSbThnNDNGWDJHZlVQcENnSm9EMHJrT0NCQkdxeXkzVkJyYVN0LTVCaFVhNmlQajRIdmJR?oc=5,2025-11-22 08:00:00,중앙일보,Korea,KR
"삼성전자, AI·6G 미래 기술 리더십 강화 - 지디넷코리아",https://news.google.com/rss/articles/CBMiVkFVX3lxTFBOcTFOX2M5aFJmaEt1ZlRDWWozTnUyeDVMMDZ2aU9SRVE4czlEYkNtN2wwMWZDQTdEQU4xeXFmdDUxbWZoenJpakdOT2FKcWI1MVVwSjlR?oc=5,2025-11-14 08:00:00,지디넷코리아,Korea,KR
"“가상과 현실 잇는다”… 키사이트, 6G 시대 디지털 트윈 전략 강조 - 아이티데일리",https://news.google.com/rss/articles/CBMiZ0FVX3lxTFB1ZXlpMkxyQ0F1dVNXZWQyLVAwOEo5Mk42X3RFYnEtYmlSaTQ5c2NHMTZkNGpQU09saS1RNHZxQ3Y3M2kzYlZYaUQzbVlUMUdMczg2eWltMWJpM044cEUwQ0x6U0p6M1U?oc=5,2025-09-10 08:00:00,아이티데일리,Korea,KR
"더 빠르고 똑똑한 6G 시대, 5G랑 뭐가 달라? - 데일리바이트(DAILY BYTE)",https://news.google.com/rss/articles/CBMiUkFVX3lxTE9MQ3FNdDduV2pCRjVlRlpLNTZwX1Y5a3F1WG1rSk1tdHp0cW1BRzBLNWl6NnIwUjVHZ1RfWGstUnFLTzBrVl9QWE5kNjFleDQ0MlE?oc=5,2025-11-04 08:00:00,데일리바이트(DAILY BYTE),Korea,KR
"SK텔레콤, AI로 6G 무선망 성능 향상…과기정통부 장관상 수상 - 디일렉",https://news.google.com/rss/articles/CBMiZkFVX3lxTE5MLVkxdWNOaHZURlAtMXItOGhGTVcyYjN4c2lWRWlIT1NLd1ZrSWFEeUoyQWNERFczMjAyWkJFWnJWT1FocUFmVmZVVFEzSUZjYkU0bnZ1cnpSVk5rNEJaQnIxWnQwUQ?oc=5,2025-11-12 08:00:00,디일렉,Korea,KR
"과기정통부, 모바일코리아 2025 개최…6G 기술 논의 - v.daum.net",https://news.google.com/rss/articles/CBMiRkFVX3lxTE54YmNUUV9IUUppbWQydEsxQXZYbGRMMzNzZlJwOEpfd25oRW1adG8zMjdUaWZIS1EwUS1WbG13dWdQRjRXTGc?oc=5,2025-10-27 07:00:00,v.daum.net,Korea,KR
"KT, 엔비디아와 AI-RAN 글로벌 허브 구축 협력…""6G 시대 대비 네트워크 혁신 가속화"" - 인더스트리뉴스",https://news.google.com/rss/articles/CBMickFVX3lxTE5VbmNXRml1Z2NvcC1fSjNQZkJvb3pGNkxad0dIUXJxWHU3bzRBVnc3Zzd4SHRQTUVGc1pnNDN1dl81VkZ6dVNObGxGQ2ctWDZSeTNJVmlieUFmREszS25HRXRIemRsVURNbFZsYklGOF93dw?oc=5,2025-11-02 07:00:00,인더스트리뉴스,Korea,KR
"삼성전자, AI 적용한 6G 통신 기술 공개 - 뉴스톱",https://news.google.com/rss/articles/CBMib0FVX3lxTE8xbnRuY0NWekN0WXhCRUIzZVU5UEhaM2FtNlJucFluUUxmak1zZjNfX3QzM0pFblRzU2RBSmFHalp1Xzh4Y2pGaEJBODFsUHA2VnFWbExmbDkzcXJVbWRGNXpHVWNpZEFwR2dTOTdrTQ?oc=5,2025-11-14 08:00:00,뉴스톱,Korea,KR
"6G 기술 선점 나선 삼성전자, 글로벌 빅테크 손잡았다 - 연합인포맥스",https://news.google.com/rss/articles/CBMicEFVX3lxTE52bEFodHRRNUxKNlQ3cWRXNllCckpuOVBJREtaYnkxRnNvVVJwdXBZOEYwR3dLQUFkQWhXbmpGMkpNNjlsRDNpQWczRmlBRnpaeDFKRG9BWGduUThXbjVPM2lfUmo1cFpyX0F2TzdjMzc?oc=5,2025-09-23 08:00:00,연합인포맥스,Korea,KR
"정부, 6G 속도전…피지컬AI 핵심인프라 확보한다 - 한국경제",https://news.google.com/rss/articles/CBMiWkFVX3lxTE8zUEQxQVotQzBZa3hxdF9kVl84d3p2c09jVUxCaGZIUmYwczJOajQ5N1ZBcGFmTWtGUXg5MF9NSVBqUGRpSUhCdE5LR3duTHFyRkdFSDZzbFF1d9IBVEFVX3lxTFBkMThfV0tfLUxIUEJGVmQxVk5nTlV1MjN1QUt5cHZDdVdRSUNKbEZkY2FtbXJCU3BQQzlqVWhPdC1TQWZ2U0pSYmpJdUp2ak5NaWI0Zg?oc=5,2025-10-31 07:00:00,한국경제,Korea,KR
6G 시대 주도권 경쟁 불붙었다…‘모바일 코리아 2025’ 개막 - v.daum.net,https://news.google.com/rss/articles/CBMiT0FVX3lxTE9hX1VZS1hrdG5FRHc4SnFUNWt2RFc0TkpNMW1BTVQ0ajFXMm1WUFM0aHNBekViNlFjZGRqWVE5TVBnZGFKRk9SUDZyVG1Jdzg?oc=5,2025-10-27 07:00:00,v.daum.net,Korea,KR
"KT, AI 기반 차세대 무선 송수신 기술 시연 성공 - 나눔경제뉴스",https://news.google.com/rss/articles/CBMibEFVX3lxTE5mQnZlczNGWmM2aUFGNk9GR2ZaT3NKMHNoX2plU21yZ2VPUE1CLWRIVW1nMmJ5ZzFQUnZuRklVbE5Pa3QwRTBDcTZXM3ZrZTFHR1ZLNGowX1VadlF5TDI0NVZpTXdvdkg1LS1mVA?oc=5,2026-02-11 00:22:41,나눔경제뉴스,Korea,KR
"KAI, 6G 저궤도 통신위성 개발한다…정부와 협력에 박차 - 인더스트리뉴스",https://news.google.com/rss/articles/CBMickFVX3lxTE9rTzhMVUIyeldBR2NvN0FXeEtKcW54ZUFoOVcySUhDemZkY1FzUVUwQlprSVZrSFhHeDBoQ21xaGRaM3M4OU51WWZHNmhSUmRzb0MzZ1dhZzlmN2FkZ3VvOF82b1ltcGdwaGNjbDNRbGdpZw?oc=5,2025-06-10 08:00:00,인더스트리뉴스,Korea,KR
"위성통신 관련주, 저궤도 위성통신은 6G 시대에 필수!! : 네이버 블로그 - Naver Blog",https://news.google.com/rss/articles/CBMiZ0FVX3lxTE1sSl9obGlhSnpyWDJCa19jNTcyUjJQS0EydXBVSWQ4MGN4SGFfeGF0Z0xwQ2swN2JLSGhvUmtYS0hCWnVEUjVydUI4TnV0QXA4Q3FUd0xxTmx5bzFZTzM4VHhyWUxSR2s?oc=5,2025-06-06 08:00:00,Naver Blog,Korea,KR
6G시대 전기부하에 대비하라 - 전기신문,https://news.google.com/rss/articles/CBMibEFVX3lxTFBja0xGdkVNcDJmek9hNlhRcVQxaXJ3M0dLSFU1MkhReks5WDVLTlUzMzFEb3AxTjlmd0JKN3NvcVdiZ3F3N3FLYUkwT0V6NjA0Z1dZRUppalRmUVgxbF9GZldDT3RlOXFpblk1U9IBcEFVX3lxTE9XbGR6MWFhM3NONUxxZlFZb0V4SllTalk1N3MzVEEyOE5QZldXZXlyZG1OSVVaQ29qT0hNR2QzZk92bGpLcGxoMHFSaG1Xd25Dc0J6YnRDQ3VKbER1TUFySFVJM3BYMFhnZkFIOWRNSjU?oc=5,2026-01-09 08:00:00,전기신문,Korea,KR
"KT, 엔비디아·삼성 등과 'AI-RAN 동맹'... 6G 시대 포석 - 디일렉",https://news.google.com/rss/articles/CBMiZkFVX3lxTE1WU1puamJIZ0NPVzY2dkFiY1ZjTFloUnEzalpucG53R0RDTjlxV1Mtcl9sT09BemFEdVk0ckJNMl9QSDF6dlJmM0U2R2pfZDNZd3dkeEtNMXZfNnlPUFZHZXBISUphZw?oc=5,2025-11-02 07:00:00,디일렉,Korea,KR
"센서뷰, ETRI 주관 6G 위성 프로젝트 참여…""145조원 시장 선점"" - 머니투데이",https://news.google.com/rss/articles/CBMiaEFVX3lxTFBVS2VyRXUtMVREdnlqVkVZRUJFSHU0Y1Vvb2F2ZFJua2xyWXViUW40SEV1cGdyNFlueF9BY1RMU0VEbHlNOXcxeXY0cDI4WGtHdVlUSzNQUnp3dGxKRnRQTlkxcW9wUEVN?oc=5,2026-01-19 08:00:00,머니투데이,Korea,KR
SKT-삼성 'AI-RAN 동맹'…6G 핵심기술 공동 연구 착수 - 디일렉,https://news.google.com/rss/articles/CBMiZkFVX3lxTE9WSW1XRXdwNnppYklGUVlOVmYwdjgtWWpRaDM2TTBUYllUR0EwU2RwX2Z6RkVKcXFEcUhTRm1pc1R0NXo5TG90REFjOUZPd1VUVmpsSnVBRlotYmxNVHJPZ21kbng0dw?oc=5,2025-11-26 08:00:00,디일렉,Korea,KR
"삼성전자, ‘6G 기술선도’ 나선다… 美 버라이즌 혁신포럼 참가 - 동아비즈니스리뷰 | DBR",https://news.google.com/rss/articles/CBMiXEFVX3lxTE1Dd09BRTJkSzR3cFRwSkp0Yzl6c2NUWUlfRk8zeEppMDdnemZCN2g2aEZDNHM1NDhqakpVaUQzTnZBSjZoUXh3SGpoMDRQeE5IblNsX1JtaHF3TWVW?oc=5,2025-09-23 08:00:00,동아비즈니스리뷰 | DBR,Korea,KR
"전남대-ETRI, AI 융합 6G 통신 원천기술 개발…AI 네이티브 통신 시대 선도 - 전자신문",https://news.google.com/rss/articles/CBMiTkFVX3lxTE9NRmhobU5RLUxOQVQwMnpyRGZ4Z3NIZUJVZ3c0UDNSQVFLQmVBcW5iVXlEbll6TzlybUxmaHFRWlRyaThfaDZ5ZERrR3BDQQ?oc=5,2025-12-07 08:00:00,전자신문,Korea,KR
"저궤도 위성통신 없이 6G 선도?...통신 3사, 스타링크·원웹 의존 우려 [허울뿐인 통신강국②] - 뉴스포스트",https://news.google.com/rss/articles/CBMiakFVX3lxTE1fcy0ySVc1bklkN2FUOTlZbUY1cEtCRVQ4SGVkOXYzMTJrdFp6S01yVmNGS21UcUwtXzQ0c1BXaWhiSHJsZ3hieEVkeVBueEJuZTZmRGN2alA2aHFFS2FmTzZZZ3BIdmxwVlE?oc=5,2025-08-22 08:00:00,뉴스포스트,Korea,KR
"과기정통부, ‘모바일 코리아 2025’ 개최…6G·위성통신 등 차세대 네트워크 전략 논의 - ebn.co.kr",https://news.google.com/rss/articles/CBMiaEFVX3lxTFB5eW00cXZVMUNYUllYTHh2R2ppaU9peWE2NjRLakQyazZmeTZIWHFIaWFlb2l4T0NtQ3lhNjh1N05SQ3lBcVhiemdHc0l6bzBYcE42bS1MbmxFYVZIUGc0NGNtX3dlZU1D?oc=5,2025-10-28 07:00:00,ebn.co.kr,Korea,KR
"TTA, 영국과 손잡고 6G 표준화 주도 - IT조선",https://news.google.com/rss/articles/CBMicEFVX3lxTE1nS195UHFsdEFMOEMxN05VdlNUMkhheWc0bFEtN256ZG1KZWdmXy1jcGVfTmg1NV9ER1YxQ0h1TGlyV2hiTG1sS0w5a0NwMGpqNkYtanFkVkN6Ti1wWXdjZ3h0dktzSXZOajZqdFNuQ0XSAXRBVV95cUxQTDZmWVYwZngyb1JSWTFQY0pEV0hzTlhpTm16VHI3U1Z2c1A2TFgwLU9pN21mZmVsNzczZmRacnhWMHhwREU2MmFsVVpZRUV1NE1Gc2gxWkVTM2N4M29YNVBfNkgtdjNYRlNRd1hPek9qTEUzRg?oc=5,2025-11-07 08:00:00,IT조선,Korea,KR
"""6G 논할 단계 아냐""...에릭슨, 국내 통신사 5G 단독망 전환 촉구 - 디일렉",https://news.google.com/rss/articles/CBMiZkFVX3lxTFAyV2syTUdLODAxZzF0OGo0TWlKM0VUaDUyRVRjd2dzUV82WGpCWjVoQ1JSZmZaSWEwelN0ZmtXT0xJSjFTbjFnNkdQMVBZLWxUdTFURW9pQUJmNlU3YlZNY1BGWncwUQ?oc=5,2025-07-16 08:00:00,디일렉,Korea,KR
[차세대 통신 리더십 인터뷰] ① “표준화가 통신의 미래를 만든다” 삼성의 6G 기술 리더십 - samsung.com,https://news.google.com/rss/articles/CBMiuwJBVV95cUxOMXZpUV9KekpWd1dtZW1vMjNhVThsX1hmMl9jOWtZdmRhbm8xWkNjWHVMWTVsS1FsWGF4bTVkWE42RDFQUkNWcUU5UjdndlpPMWJVbXprdjY0WHpZTGtsUS1WSENYTEhHdWV6ZTJTR1N2QmwwdWtkaVhVZUtfTGNKV3c3M2RrYzRsYzYzZ2xVR2RHWGt0NTdRQ2tIMl9JZWszeExRbWxUdXRvRXJpdTdfOTVfZGZ6NUl2VlJfZ3lvOHNMR21mNnNUMVFFOVZ0SWdTWkdZMkpjQWRZZWZXd2NZM0xCVy1zc2twa3hralR1ekdaYTVKTk5UVVFBd1BUbElkUXlDa0ktOXpDUjJTNWlVWVlPR2Vqc2RyWnM4eU52RzFHZUczWElBWmJwaHhQNUh0bWNldFp0Q2Zid28?oc=5,2025-07-15 08:00:00,samsung.com,Korea,KR
"ETRI, AI 직접 통신 '6G 지능형 무선 액세스' 기술 개발 - 전국매일신문",https://news.google.com/rss/articles/CBMiaEFVX3lxTE9Fa1cwZVQyMFh2UTlTc204d09ncjI2Z1lFSHNtTlFTMmhpU19wX2ZOZjVoU2hLTml0akhTWXZRVWpuMXhFY0VDd1MzQkh4R09RdEQ4ZWlxZHhTNTY1aEd6YkNSSkFZeUpv?oc=5,2025-11-17 08:00:00,전국매일신문,Korea,KR
"KT, 차세대 통신 기술 개발…‘6G 시대’ 선도 - 지디넷코리아",https://news.google.com/rss/articles/CBMiVkFVX3lxTE1qNHlxNXgwdVVseE9mbGVQUWp4N3loLU5tX1Y5MlE4eUstRXZMTXh2SGxVT0VoRm9nQUI5YWMtckJmbGo4ZGtRVUdhSXp4dnQyUUtnVEF3?oc=5,2025-06-30 08:00:00,지디넷코리아,Korea,KR
"“비닐처럼 유연한데 열에도 강하다”...UNIST, 차세대 6G 통신 소자 개발 - Hellot.net",https://news.google.com/rss/articles/CBMiX0FVX3lxTFBZNEE2eWtfcExzR3NWeVlhRXZCLWpScTF5RjUyOG5zZEdKYTZWR1YtakNkNE9QakZGYklLU0IzeVowZVNzTkxtcWZMQjExNy1zSlkwbzBQY0Y1Q3NiODZ3?oc=5,2026-01-08 08:00:00,Hellot.net,Korea,KR
"KT, AI 기반 차세대 무선 송수신 기술 시연 성공 - dt.co.kr",https://news.google.com/rss/articles/CBMiTkFVX3lxTE5qblVQc1djNGY2enRXRDFuX2xZMG9vdVJ5VjVYY3E3eUU1cWhCZllxamJ0bnFoWFVfOFY1VnpDdkFncVY0SlNZSDhIRU1PZw?oc=5,2026-02-11 15:12:23,dt.co.kr,Korea,KR
002837，十倍潜力股！6G上升为国家战略，两路资金加仓股曝光 - 证券时报,https://news.google.com/rss/articles/CBMioAFBVV95cUxNV0dBX2FDM3hMcVFXbk9VZElQUXVLa3hXSkNDN1A4cVd2UXNJeUlKZERMTjFYbS1reU5WbWtqbzE1TW9BcWFXVHJiN21fTW9XRDlPdXVzbndhcHd2V3gtcVJlWUhzZ3huNzZ3dWVzS3o0dTBFbTNIaC1PamVvRmtYMHRhdF9yeC00SGVMSTdYbmREWmxJZWt5bV9mMnBuQkNa?oc=5,2026-02-14 08:11:13,证券时报,China,CN
我国近期启动第二阶段6G技术试验 6G厉害在哪儿？ - chinanews.com.cn,https://news.google.com/rss/articles/CBMiaEFVX3lxTE5fT3YyNzhxX2w1LXlZbUZJTVBpWWJLZlA0eENEMC1NVE9jMTBaS3BlQVZtT2s4N2lIRXhlYmtBLXFmT184S05CZFA5M0IyVWtGdldJU0k5cnN5OUN5VjIxYzhlT2t4OGxs?oc=5,2026-02-11 01:16:06,chinanews.com.cn,China,CN
是德科技前瞻：2026年6G发展趋势预测- 产业链 - c114.net.cn,https://news.google.com/rss/articles/CBMiVkFVX3lxTE96UEEybmF1djlKbklkakFRNjFET3pwa0duYTZsbGhkbUItY216cy1ZcENCY2Y1ZmtJNUl5UHZrME0tcUYtb0Y0aDlWN1VKY05kcjIwRXNR?oc=5,2026-02-14 06:43:16,c114.net.cn,China,CN
Mobile Experts：6G建设规模或减半，软件收入将激增 - iccsz.com,https://news.google.com/rss/articles/CBMid0FVX3lxTFBTdlhwVnRoaFdsWWktdF94eXo5d0dJaUtvdUhLRzJCM1YwQkVKSl85enJMa28xZm9BU0VTei13cnh1TENLM0lIZ0Eybk1MX3ZnOXp4R1BsVWtUVDgyWXhRTEJNNTRwOVlCT0RrbXNVMFMyQTZRc3dZ?oc=5,2026-02-11 02:00:41,iccsz.com,China,CN
“未来已来”系列观察丨6G不止于快，“天空地一体”将重构未来网络 - 光明网,https://news.google.com/rss/articles/CBMiZEFVX3lxTE55UzJRcjdCaHh5SFFUZUpGaGRCckFSa3o4WUtkNFV5ODlueGk5Q1M0Q3dkRDdUeExNX0RpQzBfaGIybnVGdFNtUEhjRFoyczhrTThYTkhob2lSemYyakRaTHdBY0s?oc=5,2026-02-12 08:03:00,光明网,China,CN
一栋科创楼串起“6G朋友圈” - 人民日报,https://news.google.com/rss/articles/CBMigwFBVV95cUxNbVMyMjc3VWhGT1E1N0xwXzhFREpESFMtNl9FRGV5Y3M4c0JJRlA3cDJMaVBJUTVCNGY4dW5wcmhGUVBETDU4aEYtX19ReGpJR2lsY0UzUHNuaG9kcU1kV2t0QkxWZjd1RjB4Snp2SU5acWZRT0ZCQU1Qdk1LakpFZDV4SQ?oc=5,2026-02-10 01:32:04,人民日报,China,CN
6G研发按下“加速键” 多家上市公司已提前布局 - 证券时报,https://news.google.com/rss/articles/CBMioAFBVV95cUxOT0dwMFV5ZFNPLXVXSmdWZ0s0a2FYZE1JdThJOWNoMXBzNjMxc1NzOEpvLWx2dmt6cnBBLXplLUQyTDhkb09TOEd6RFl5d3hsOHhPMUVYOHB2c0Y2XzJVMFZKbGR1bzN1WUQ5YlZCMEJGaWVuanRHVmVBWmJHY1p4b19YWXdrbmRwUXFpbTcyWFUzaWZOUE5DRkxZMS10NlRZ?oc=5,2026-02-12 03:12:50,证券时报,China,CN
星链没有资格和6G比不是一个层级 - 风闻,https://news.google.com/rss/articles/CBMiW0FVX3lxTE0xNlFybXpneXhuTDlOZ0k3R3BTczFSWi1Qek1SZXNfbmlYU3pMQ1ZLN1lEVi12RW1MNFNJdmNGeVVpUVNPd3puTDU0Q1NUVXBodmVFWVRISkpGc2M?oc=5,2026-01-28 00:50:16,风闻,China,CN
北京在6G关键基础研究领域取得重要突破！ - ncsti.gov.cn,https://news.google.com/rss/articles/CBMiggFBVV95cUxNYktQRkJKWXlILVNzbzRZWHR1YnZqNE1IYlFXNThSTUdKc0VXYU54Y2x4cmhsaC12QjNsb2FpbFdkcmVhYTJLQWhSLW9LdTZGUDNtQnROcU12a3pyT1pUZjR2X2x6ckJpUmxXazJGdVY3MFVxM2lOMVdVUGVRQ19DTG9n?oc=5,2026-02-06 04:39:02,ncsti.gov.cn,China,CN
深耕6G赛道，解锁万物智联新未来 - SOHU,https://news.google.com/rss/articles/CBMihwFBVV95cUxOUmRCWFMxa0h4WjZKVFJNcWVkWGUyNGMxMVlXWTUyMDM1a2lsSUNzVGMxTWh5WlV3MU96c0lhUGNlSXd2dU5FcjZJbVZzQlFZbFFwUVdkcnFOdjFYSWhlSkd4U0dKVzJ0dVE4NHJmLW1aSGZ3bXNvVUtLZnl0VjZjRnVqRVlnamc?oc=5,2026-02-10 08:46:13,SOHU,China,CN
银禧科技：公司目前只有用于覆铜板的PPO材料，没有用于6G通信的材料 - 东方财富,https://news.google.com/rss/articles/CBMiZkFVX3lxTE9JVnFlLTctcEt1N0xneUgxUmF0WGJhZG9tYXRlVjVEVm41MGJWTHJFWGpMOFoxVGhIcERsd0pCTWxrblhOZkRkSEp0UUtoVGEtNk5iUmE1OWpHV2MtQjJhb05SWXpSUQ?oc=5,2026-02-12 03:54:48,东方财富,China,CN
2025年6G发展大会下周在京举办 - 新华网,https://news.google.com/rss/articles/CBMifEFVX3lxTE9OUUZlMGFaUHZacGVRNVZiUlo4cTJzaWxUdkN1RDlJdm5GblI2NjRBOWVXdUNyd3BCQjZtUmhkWk43UmJnb2dRRVFqZnY1WEc4bWhHY2xGeVkzdjducUZmTWFkWkh4WjJoZmc4VThWZG1LNXFWM3RHYTMxdGY?oc=5,2025-11-05 08:00:00,新华网,China,CN
2月12日宏和科技涨停：电子布，玻纤，6G概念热股_个股掘金 - 证券之星,https://news.google.com/rss/articles/CBMiYkFVX3lxTE1hSHlBYXczQzVYaTBNR1Q1dURjQTc1VFdaR2NfSGJnWGhuRzNDSXFZaC1CQnh6YkE2OGktem9lWVQtdExYSU1MQ21MandpMy1Fc1RRc3ZYcEFTYUdBNlBMUmdR?oc=5,2026-02-12 08:33:37,证券之星,China,CN
新华社快讯：我国已启动第二阶段6G技术试验 - 新华网,https://news.google.com/rss/articles/CBMid0FVX3lxTE9adjQ1dDJINEYtZlpXUmI5VmI0TW0tdWw0Q1Z2QlJMNkRsbV9yNUl3aDc4QkpNNEZfYmR6aVFSZGUyWjFIbnh2UTQ3LTI0YVlKb2pyMU5INkNXbVI3STBWc05WbXZOYjhwVkQtUlNmMjRXdXNLMG5V?oc=5,2026-01-21 08:00:00,新华网,China,CN
我国学者提出面向6G的超大规模MIMO信道模型 - nsfc.gov.cn,https://news.google.com/rss/articles/CBMiXEFVX3lxTE1jYlZpX19ULXlucExndzZ4R1JCSlVjMTllaVRWVVVYX0E5MFJkR3RkN0Q5ZlUwUkxxamVtX1ZGU3VsZ3dHa2FucTdzM1ZxMkNjdjMyTVpoT191OXVh?oc=5,2026-02-03 08:00:00,nsfc.gov.cn,China,CN
工信部：我国6G第一阶段技术试验形成超300项关键技术储备 - 中国科技网,https://news.google.com/rss/articles/CBMicEFVX3lxTFA1bTJwQWtZMkR0c0lmSktCd1B3cWprTGZxTUdqTDIxcUVJdjdtSThHVGt3N3VGVUNnTW9ZVHNfZ09Ndk5nSDRwU2k3aHVnNVVVOWNLdUZKcFdoaEY3TlJiUjlXanNaMVlSTG9TLUlwZms?oc=5,2026-01-21 08:00:00,中国科技网,China,CN
2026年下一代车载无线通信技术（6G/5G-A、星闪、卫星通信、UWB等）及车载通信模组行业研究报告 - 水清木华研究中心,https://news.google.com/rss/articles/CBMiZ0FVX3lxTE5va3dCeDBobDNOakx0dDBrNnF4SmVPOWgtb09JYUtOQ1lXaEpxYUFEQ2pXMmgzSm9tVGtBWC1nQm9XSWUyVnpCZjQ1cjlQSkxwOE9JSWpQSTVJcHhucWNkNVFmaGlMdUU?oc=5,2026-02-10 08:05:45,水清木华研究中心,China,CN
我国科学家在6G无线通信领域取得新突破----2025年年终科技成果盘点 - 中国科学院,https://news.google.com/rss/articles/CBMifkFVX3lxTE9kZ0t1QmxPVU1hdkJKM1R0Y1pWc0tRR2VZM2JxdlJqSTlFOFFDcmphNGdsVUpnRUtaTUNsdWd6OFlJYkRVMEZ3a2ZPazFnY2syMV9jV1VBUmtzSi1KemR1UmRwSGVzeHpyT29pM2xPRklnbDdsTVQ5TDFCcjhkQQ?oc=5,2026-01-21 08:00:00,中国科学院,China,CN
“6G通信有了超宽高速公路” - 人民日报,https://news.google.com/rss/articles/CBMif0FVX3lxTE4zMnVWVG4xRWl2cVVxOS1UUTNfeFRjWXNDWjMwWmFLV19MWG5DbDZxMTJSMzk1ZmZkeDlCVUlrdko4UmJaT05xMlQwdjlMNzc4aktVWmp3NVQ5TElQNmpUSWM1cVFQR2p0MDg3ZDJxdHN5MHBNVy1hWUVPXzV3Q00?oc=5,2026-01-27 08:00:00,人民日报,China,CN
工信部谢存：我国已启动第二阶段6G技术试验 - C114中国通信网,https://news.google.com/rss/articles/CBMiUkFVX3lxTE5mYWJkQThLUkdJdTl2Z3MxVUpTanU0ZWw2YjgzRDZDQi15UE9pX19USnZEWk56Sk9SSTJFYlNlQWgyeURSd0NPVTZ1UEJORVA2OXc?oc=5,2026-01-21 08:00:00,C114中国通信网,China,CN
视频丨事关数字产业、6G技术试验等 多个重磅数据公布 - cac.gov.cn,https://news.google.com/rss/articles/CBMiZ0FVX3lxTE94MTBYYV9ZalRENTYyd1JFV0FZUGMzOHAzdlpfUkVjR3h4UXVmZTFVclJNdWVpclI1T0ZjaXE4ZFBoZ0phbk5HR1BtR281d1dNcTc5QmYweVhJbF9RQzdNUkp5eVdOLTg?oc=5,2026-01-21 08:00:00,cac.gov.cn,China,CN
我国已启动第二阶段6G技术试验 - 中国科技网,https://news.google.com/rss/articles/CBMicEFVX3lxTE5FNTYxdDd4cnBYdmliVWxoZ1RmbzBrVTFKZ0VDbzVjalJsMUhoTHVZdEFMbEtyV2RGSTVQQjlPdk0xOFk2ZVh0NWJEUENjNmlBZzhwc1RfWjNNeW9rWS1iVnFMQVNJcXhSOFI4Ums0TXI?oc=5,2026-01-21 04:39:09,中国科技网,China,CN
6G板块2月12日涨0.64%，铜冠铜箔领涨，主力资金净流出13.54亿元 - SOHU,https://news.google.com/rss/articles/CBMiiwFBVV95cUxNcm53MHpIanFnUlF2Z2NIbFV0SldsdzFUQW1uUVhiN3BHQjIyY0ktVGU5S000T28yODh1TXdTQVZoQ1ZybjlyUWZyTkJVdzNwZzhrTUFBMDZDdENSSWF4b1dkUUR4SC1LaHB1QXM1SWdoY1lGVi02aXlJdE5lX2YzX1czUnozMWtaTlQ4?oc=5,2026-02-12 09:11:54,SOHU,China,CN
6G板块调整背后的市场动态与投资机遇分析 - SOHU,https://news.google.com/rss/articles/CBMiiwFBVV95cUxNNlZFN0NzRTg0ZEpxVncyMUt5aFJHb3hWMEVkMm00NElwdnhRWXJzaUtNdzlCTmNqRjJoR1NuM0dwRUplU1FEc0Q0Vk40VXRsYVlscWQwM0h2MnhqcXEzQnREcDF4VTFPNDFHd0tTTURISDVwd2h6WkF3aExSc0htVVcyZHpZcGZkZFlj?oc=5,2026-02-13 09:07:53,SOHU,China,CN
共商6G标准走向！2025年6G发展大会将于11月13日在京开幕 - 新华网,https://news.google.com/rss/articles/CBMigAFBVV95cUxOS01YSHplczlWdGRPQ09fSmpDX1k0c0RaRUp3YXREUFA4NXVwSXRrQkhFRENtN010QTlrOFRiZlZSQXViSWhQRzZoQVRPc2JpYjNxRVdQemZ0M0JoWXRaSV83UzlmOEF4ZUo2QTJSNnktQ2IyeEk0dEVaaEV5YXpNcg?oc=5,2025-11-05 08:00:00,新华网,China,CN
谁将定义6G时代的商业版图？ - 新浪财经,https://news.google.com/rss/articles/CBMifEFVX3lxTE1kRHJ4SkZjam5hM21veFFvTDNKb0UzUGdURGNOY2pvWk1CbExNVFd0M244YnF0Mjk2X1IyaXJKZDhSRWtvMVBCRTdSR2k3NTJ3N2RkN2VGNldUeXY2NU84MURLSlFFWm5rdkQ1OW9nN1FNWnUyRXo2VWlHUlQ?oc=5,2026-02-07 05:11:58,新浪财经,China,CN
新华社消息｜我国已启动第二阶段6G技术试验 - 新华网,https://news.google.com/rss/articles/CBMidkFVX3lxTFBpUXFPclIybmZQU1V6dFFublU1Z29UNi1jSjFKdmZudjhOTmV1ZEd4OUF3YXBzazFRWWFjRlNxRGZjV1QxU2lrRk4wNjJGUmhxSXhwWTdYWDVWZ3hqQkhvZ21vRkloSjBFeWJ3YjdzaE1hSUpMX1E?oc=5,2026-01-21 08:00:00,新华网,China,CN
银河航天徐鸣：手机直连卫星将引领6G通信革命 - 东方财富,https://news.google.com/rss/articles/CBMiYEFVX3lxTE1KUWNaUlRnQlhtSWdNdFpyOXMzNkE3NllseFpmNVlJVlZITm1oekl1ZXJDSEV2UVFGVThxQ2Nja3Y1cXlXck8yV0JBczJiaXJNa3R4eWctTWFUYkVQUWlENQ?oc=5,2026-01-24 08:00:00,东方财富,China,CN
筑梦未来产业，泗泾镇打造新一代信息技术创新策源地 - 新浪财经,https://news.google.com/rss/articles/CBMimAFBVV95cUxOSlVVT2hXVUw4MDRUZjZ5QU5kZzl6VnlXUHoyQTRPSE9BQ2JUamVJMEFhMHNPRHRTUDFyY2FQZmtkc1lQbWd6RzlweTJ1RExORlJ0MHVZaFRNdHhTZGh0blFxazZBaFh5d0hyMXhCZy1DY245Mk96Tk5QSTlVZDROMXdTN3JoSnpUU1g4SHUyR1J2WjZXc2dVbA?oc=5,2026-02-12 15:07:57,新浪财经,China,CN
西安警用6G低空专网投入实战应用 - 中国长安网,https://news.google.com/rss/articles/CBMiiAFBVV95cUxPQ1NwMHpVWGFKdV9nYlprWjFTdUIxWUQycUVfX2hYQ1pMT1RvX200MWlFbnJzbk9nTDd1Y3M1SmxmZXdaeVE1OXZFa1F0R2puNk9iRXc3MGhSTEczV0VTLS1ESUFFNzlwbTlTZ2NFdnlmYUY2RDJWbEM5NkNfTXpXMUhwa3A0TlhR?oc=5,2026-02-03 06:55:00,中国长安网,China,CN
我国已启动第二阶段6G技术试验 - 东方财富,https://news.google.com/rss/articles/CBMiYEFVX3lxTE9DSFg5akY1bVZzV0w1akxMLXpCcTByYmNDVkE1MkZvcHZ5X1JrZnlucndJbGtFNzZXeGgtQ3NFRGVVRkhac19qSVpaR3dwTFhHdFNMakVucUFaQUNCdjlIWg?oc=5,2026-01-21 08:00:00,东方财富,China,CN
6G弄不好只有中国一家主导了 - 风闻,https://news.google.com/rss/articles/CBMiW0FVX3lxTE5aX1VqX1FoSWZ3RnJoSEtsRkZfcDdEbTFkR21oUkQ2UVhGSWMzSEtrdXI0TEVQb2oySXNBOXd6VkR5S285NnZFbFhmUlRyeDJmSUJlNW1veG9fMFk?oc=5,2026-01-21 08:00:00,风闻,China,CN
筑梦未来产业，泗泾镇打造新一代信息技术创新策源地 - SOHU,https://news.google.com/rss/articles/CBMiiwFBVV95cUxNQmZwUXI5UkVQejJ2NTNkcHBlcnFwSnYzbERHeGF5VmwxdXk3S2RRREJXbGM1dUVWTnBOZVhzdlhfTmpLUGlubkZIaWhyWi1FSDdpN0dublNON1NmOFo4OHAwRjY0TjJJRnAyTVNQYm9sXzVjYnoxcURaU0lKZWw0Q1dFeWVJVDdqVl80?oc=5,2026-02-12 14:48:05,SOHU,China,CN
关于6G、人形机器人、智能制造工程……工信部明确 - 经济形势报告网,https://news.google.com/rss/articles/CBMiYkFVX3lxTE1GMmFZSzh5MjA5aG1NM0UzcXNtckxIaURoQ2t5bDR6ekJBN3JRckZjOFE1Mm5TQ0lxLWJQcXBNa2owVzY4dnY5dWRnMm1jTGhZYldEQ3RPUWV0YmtHbkxvdkVB?oc=5,2026-01-21 08:00:00,经济形势报告网,China,CN
我国完成第一阶段6G技术试验 - 中国科技网,https://news.google.com/rss/articles/CBMicEFVX3lxTE1uZ2s2M2JkUTdSMjAyZHRNTmhkNmNkTVlMc0JfanJmQlZHTUg4dlVINDNDODJUNFI5YVB2RGszQ0NuQVViSDhDNUhKdWF4ZnJaTW54cGlIdHlDMGl0TzRBX0VISjRGR2JEMXJyaXNBcUM?oc=5,2025-11-13 08:00:00,中国科技网,China,CN
海格通信：公司在6G领域主要布局智能通信、通感一体、无线光通信等方面 - 东方财富,https://news.google.com/rss/articles/CBMiYEFVX3lxTE1xQTZmcHU1VlFYNG5xblFvYWZIcE13ZF8yTG1WUG1ta2JWdDhXMWVBc21pWnZGWlpZS3p3Q0RoaEtRN0FhYVFpYmE4TUFxWWJMcnREUFAzQTZWQ2ZNaFJkcQ?oc=5,2026-02-01 08:00:00,东方财富,China,CN
6G第二阶段技术试验已启动 上市公司前瞻布局抢占先机 - 证券时报,https://news.google.com/rss/articles/CBMiXEFVX3lxTFBPQVNNS1BFOTVpYzE2TnRlWWdrY0ZBN1FYaHdCN3EtMVVaazFlV3VabmQxU05oTWtWLUdndjNqdE9YV0pDOW05VWd5UUJ2cjBCYnhYV1drMFZuaFp4?oc=5,2026-01-22 08:00:00,证券时报,China,CN
20万颗卫星背后 6G加快资源卡位 - 东方财富,https://news.google.com/rss/articles/CBMiZ0FVX3lxTFBqdHB3aUg2QlNfUlNnVzNvNFJLNDE0czdMQXE4eWYxVkYwbDNlcG5KOHRsZUJGcDlrd21qV3gwUUtjbk5KMVdDQWc2QzhyMlVTdThiNVBmbE5wRmJ5d2N1R3B1WktuaXM?oc=5,2026-01-22 08:00:00,东方财富,China,CN
启幕“十五五” | 2026年ICT产业十大发展趋势前瞻 - SOHU,https://news.google.com/rss/articles/CBMihwFBVV95cUxPZFpQanpxLW5PZjdRTVJFZWFOMVpYN241aWlCT1paSWpORGt0Z2R2SnJ2czExNnI5NDhaOV8zVFl6QXFxQTlJUzF6Z3kxSzJlSVBlSFppNGhrNHJqRWM0Q3lPVGtQRlR5Um1qWXdCS2stQ0c0VmJQVkNrWnJKay1paEhfX2tvV3c?oc=5,2026-02-12 04:05:12,SOHU,China,CN
我国完成第一阶段6G技术试验 - 观察者,https://news.google.com/rss/articles/CBMiZEFVX3lxTFBjT0tDNFFVRlJoci1jQVJreFEtVE9Cb0wzVkl4R05JUjdoak5lMGs5Y0FMR1hGUm9qTHJnWXVaOG1ITkJqc3FqTy1ZcTN0OVN1aDFUdHJWRERWZmRzRzRUVTBPRVQ?oc=5,2025-11-13 08:00:00,观察者,China,CN
黄仁勋站台、AI融合，6G的竞争不只是网速 - 21财经,https://news.google.com/rss/articles/CBMijwFBVV95cUxNQ1J6YWxldUppblAzeHJJeXVOZ0NkQXkwZ3Q2ZnhoUndvUmdOZjVsZm96czdWb1ExVW4weTk1M0k1WGd1V04zbzZOT1JIeU42YUZoUXFGTXJBRDVuVnMyc1BNU2RQTnZuYTZ4UWNDV0VRTTFVRHpNa0xEeUhWVUQzNnNUbmQ0RkQwX3NaNmJFMA?oc=5,2025-11-04 08:00:00,21财经,China,CN
6G、人形机器人……工信部明确了 - thepaper.cn,https://news.google.com/rss/articles/CBMiXkFVX3lxTE4zRFM1R2Y0c1lzOFFnZXEyVjF4bzRyeHF3WmttUUdjbEU2MU96NWplQlBQdm0wZldoVmVCQnhxQUhrRDlvVHJRR0tBYThUY28wR19VZHFTOHRVcF9nTVE?oc=5,2026-01-22 08:00:00,thepaper.cn,China,CN
我国科学家在6G无线通信领域取得新突破 - 新华网,https://news.google.com/rss/articles/CBMifEFVX3lxTE1wT0Vuem5QUFIxeVFfVThTbXUwWkNWU2dTTmQ3VkozNS0tdFBDWlZyWDBvZmZpVjRLLVVVQUlFT01sZDl3ay03YU1ZRjlnVHh2aG9BeEpBQk02LVFaSnhuUHJoV0xPV19kVW5JWHhqZVdkZ1l3UExNNU5MRmo?oc=5,2025-08-28 08:00:00,新华网,China,CN
多名院士专家齐聚武汉研讨6G理论创新与技术突破 - 科学网—新闻,https://news.google.com/rss/articles/CBMiZEFVX3lxTE1qTlNLTzVvaXdycGk0UGZjbDJxQjhyOGd6QW1zNk9WMi1mWUlVVjZTalZmNWp0ZEo5RHVuYTR5YjhieGpuX1BXSzh6enFsRlZGWmFoSGZ5REVpOEdZajBXWEJsYlM?oc=5,2026-01-18 08:00:00,科学网—新闻,China,CN
默茨吹嘘：6G不用中国的，美国的也不要 - 观察者,https://news.google.com/rss/articles/CBMiakFVX3lxTE5TRkUyZWc5MHpINTRtb0tsWUtnQWJpQ0tvVnFhRGdsb0d1ODVvUTBuMmZaUjZFVE4wNzVJSlQ1c050TWd3QV9OQ0RDUmxVZk9PZ3hyd19hMWN6eUFiY0VFbVdKN08yZ3g2NHc?oc=5,2025-11-14 08:00:00,观察者,China,CN
武汉提前打开6G的大门 - wuhan.gov.cn,https://news.google.com/rss/articles/CBMicEFVX3lxTE5ubTU3ZmNBNUIyNjhrT0I0cllYcDVZZXpEMjQwZWt6Qk03VHhMN180Q0FhTVFJekFvWWtOM1R0Q2dlb0dLNEtMSWM4NmRfaU56OUk2QVpxcDVyWmNheXJrcGdTOTVsZDBuU2YzZTMzUGg?oc=5,2025-11-26 08:00:00,wuhan.gov.cn,China,CN
从“牛车”到“飞机” 6G时代即将到来 - 新华网,https://news.google.com/rss/articles/CBMijwFBVV95cUxOeGNGLWpiS0NvWEh1SU1leXlxTk9RdWpIaUE3OU9CNE9melh1T2x3aUVjXzR6S3lhVTJRNFFxNllVWm03OGU5a2t1VmdRLUpITS1SOURoeFJHbVRkblBodTk0RHpkb0hQU2tNVTd6emtodUk4akdScXUtVWQ5SXczX0trX0RHQ2taanBrTnZpQQ?oc=5,2026-01-23 08:00:00,新华网,China,CN
6G新进展！龙头20CM涨停 业绩高增+融资客抢筹股来了 - 东方财富,https://news.google.com/rss/articles/CBMiYEFVX3lxTE1QbTRQSnQtNHdZRXlXVVBwUzZWN0s2RzNNdllVSDJybUVzaGJMdUVVWVZ6bzlnejgyMXFHTEpGYzlXck1tSW9ZUmtoVVJKQWliNmJ4TG5peEp2bTh1djNaSw?oc=5,2025-12-18 08:00:00,东方财富,China,CN
一文彻底看懂 6G - 新浪财经,https://news.google.com/rss/articles/CBMif0FVX3lxTFA0ZVFuaHBXVXRKbFFRbUdmcnpfNVlUc2VkSU1VSXBoSW5vVjlfZ3FPSnUyeng2alBQY2hfMjNPZW9MZW9BVFBQdHJrUXd4M3FaQU13UlJ5QV9PS2prVGNJWjdfamh2bVBBbVJaQXdjcHpJV1dHd0FocDZxZUFONFU?oc=5,2026-02-01 08:00:00,新浪财经,China,CN
张平院士：语义卫星星座与6G协同发展将成未来科技竞争核心 - 虎嗅,https://news.google.com/rss/articles/CBMiUkFVX3lxTE5VdTczTUpjZ29sUzlCd1F6dDk4VC1vZGFCc3pFbTY5aENTd3ZLOW9YRjNkWW41VWRLb3p1M2p3SXN2QnNHdE90TmZuM201a2JSeHc?oc=5,2026-01-26 08:00:00,虎嗅,China,CN
新华网科技观察丨6G与AI融合会带来什么？ - 新华网,https://news.google.com/rss/articles/CBMidkFVX3lxTE9jVkNrYWM4c3hBUXNhQnd4MkR4REotOW93ZTRKbVhoekZsRjNLZHMtV2huZUgzWGMzYzFmaG16Mk9IS0pSMXlJVXduZkxXQ05XRVg4cmp1N3hxd29kdVFjSC1Jb09TQmRPeDVvVmdDcXZSUEZYQWc?oc=5,2025-12-18 08:00:00,新华网,China,CN
全球专家观点碰撞 在北京亦庄勾勒6G发展路线图 - 北京市人民政府网站,https://news.google.com/rss/articles/CBMidEFVX3lxTE9wRlZMZzhwUHBzQXpUd1hOZDY1R2dJclZ5ZEMxNTZxU3JBeVlhWFJ4bWpNLWlGc3VyMzBnZHJNeHRtNHgzOERNS3M0TUZOTXZRRnJudlQxeVpUREZXWDhXSWpoY3U3NVpHUFdfcmdjSktzdmt3?oc=5,2025-11-21 08:00:00,北京市人民政府网站,China,CN
中国移动黄宇红：6G是未来数字经济的核心增长引擎 - C114中国通信网,https://news.google.com/rss/articles/CBMiUkFVX3lxTE1LSk5wNjFRckV4RGVrUDZyZW52dlNkMFZseUJXb3hHQWlkSlpGZGRndHRYZm1qcFhwOVJkNjRlRGJQNkFrSG0zSkQtYm8wV2VER3c?oc=5,2025-11-13 08:00:00,C114中国通信网,China,CN
我国第一阶段6G技术试验收官 - 每日经济新闻,https://news.google.com/rss/articles/CBMiZkFVX3lxTE5INGZ1cUZBSUNCNE5EbTMzcFFHTDBBNnVIUDVWV0xua1l4RUFpZ2Q5dXhYNjY3cEFrMkQ1UDkwTW9LVzRqSk5PX3RvMHVqWDZxWWU5Uk85eTVSU1dBb3diYlBtRXhkZw?oc=5,2025-11-18 08:00:00,每日经济新闻,China,CN
湖北发起组建6G创新发展联盟 - 湖北省经济和信息化厅,https://news.google.com/rss/articles/CBMickFVX3lxTE9wbmgtdGc3VFFnU2I5aWh0c3FJX1VGZFJEdG1iUHJ2V0tUNHh6M3Z6bkE4T1JDR3BKcVljRXJVVXJwVURUak9OMWhVa2xWMDR3OXJOekFEdVZsQU9EZXNCbjNVeG1RenM5ajR0bnNZTEhRZw?oc=5,2026-01-21 08:00:00,湖北省经济和信息化厅,China,CN
北大王兴军团队：为6G装上“超强大脑”，解锁全频段通信新图景 - 北京大学新闻网,https://news.google.com/rss/articles/CBMic0FVX3lxTE5OVC13eHN0a2hNcjNyQzBOZHBJS1Jpak5lR1NoQVc4MUN0ZS0yTHRVYVlxa2tpXy03Q1NsUzE5TWN6T0tVdFRGSkJsRTNranhDVm1KcXo5WF9QN1UxNGdNLV9hQUxXSm5ITE43MUl1TkRHdms?oc=5,2025-08-29 08:00:00,北京大学新闻网,China,CN
6G：从通信到通感算智融合 - ZTE,https://news.google.com/rss/articles/CBMi0gFBVV95cUxPMFZBYThhUm42S0dmTy0xd1VsN2lFVGJBOThldnJMV2JHNHZUY20zb1pSQXlCY3VJWlZNSk15RG9QMmdPY1dJUTc0amhTclVtTWlJQlluRW5iTTFiZmRXMzhNdlZoS1ZhU1c1Z0t3a1NaREs1R3ZVSHpLa0duaFBaaEtOMWh1blFyM2ZfanBtWVk2NFZBX2k3OS1uUHdfR0VGRVJtSDI3elNNcDNyRzBKaWJxUnRlSFRMY3EzdUpIeHlZMEhKa1E3M21lZlB2THg1SlE?oc=5,2025-07-16 08:00:00,ZTE,China,CN
中国6G，迈向全域智能（瞰前沿·@科学家） - 人民日报,https://news.google.com/rss/articles/CBMif0FVX3lxTFBDTVRaLUItQlJJS3BsRGJRek1MazVOQkRaLS1yWXBHVEhzNXlDazJ4d29HUjZDRGE3enBpQ25aLWxjVkZ6YXJOc0xRdnBtZ0F5TjktNC1hZmUyOF9TeUFEN3NqUlNKNHpNY0hYNUNoUFExZGFMeXNWMVNiT25xTkk?oc=5,2025-06-28 08:00:00,人民日报,China,CN
第四届6G前沿技术与趋势论坛在京召开 - 新华网,https://news.google.com/rss/articles/CBMifEFVX3lxTFBZckhCU3ZpaUJ4N3JtSkpYREkwYllpOXhhMm9ZQnlOdHo3UVgzOVEwMFlMQkN3M1dsaE83SGxLRjh2MXN5ODlBLUc3TFlOUmw1OWg3TE1vdjFIRGtIMXZPNG1LbmFGR2ZOR0hrMFkyUFF1YTVIOE9xdlVpaUk?oc=5,2025-12-18 08:00:00,新华网,China,CN
就在下周！6G发展大会举办在即 将发布AI通智融合最新成果 - 东方财富,https://news.google.com/rss/articles/CBMiZkFVX3lxTE9TZkM1M0VTMGItV3pNSXItMFc1VVYtVU1GVUtwMlFGMzJXMUpZeUhIaWE0bVpFNW5Nc05GWGRvaks2ZW4tWFNYR3RoeFFPTExuYXpxTHJDZGx0UVo1RWR0aFNRTG1PQQ?oc=5,2025-11-08 08:00:00,东方财富,China,CN
6G，最新消息！ - thepaper.cn,https://news.google.com/rss/articles/CBMiXkFVX3lxTFBueUM5NmFDYnVybjZ4MklOeVJ5anFWOUd5N05jN0FFOVJKR1RyQnJRdi1vTGJyZkN4dmJPSkVQeFFBalgtenFYZE5OeUNmNXNvVWhtVllUaFQ0STlWT2c?oc=5,2025-11-18 08:00:00,thepaper.cn,China,CN
我们该如何看待6G？ - 创业邦,https://news.google.com/rss/articles/CBMiU0FVX3lxTE1xRnZIVEI5OS1MZTBfXzNCVHFXWlU4QXlDd2Q5cWQ0SDZROFpGbHZHWE85TzI2MTlQZVhUT1Y0d0ZTdEFqNlpaUHAtOEVZMGI2akFN?oc=5,2026-01-26 06:04:48,创业邦,China,CN
视频丨事关数字产业、6G技术试验等 多个重磅数据公布 - 新浪新闻_手机新浪网,https://news.google.com/rss/articles/CBMidEFVX3lxTE16cDBCQkl5MjA2dUtwSmZYbFhsVHg3X2MtejhZUkV1aThCUTZjaDk3dEUwdERPQXRLSjM0R2l3R0s4bXhSY0tpZi05bFNjdzJubXc3QjdPNDFxUEhVUnFxal9ybWxFd3N6VFRZSy1xdERKaDgt?oc=5,2026-01-21 08:00:00,新浪新闻_手机新浪网,China,CN
我国已形成6G领域关键技术储备超300项 - 观察者,https://news.google.com/rss/articles/CBMiZEFVX3lxTE1qTzVpUlI3UGVibVhNdFlIR29kMmxrendvRU1kNVlNUWFiUHNUUlEyeVRGNHg5Uk1BRU4tTmlMQzNLdWxqb1lEazQtQnVkOXFPWHBfRXBIQjlENHpPTGJsVDJSTFQ?oc=5,2025-11-30 08:00:00,观察者,China,CN
CCSA理事长闻库：6G发展并非“一步到位”，需兼顾降本增效 - C114中国通信网,https://news.google.com/rss/articles/CBMiT0FVX3lxTE8zbkszQ3hOM242QUlMTXhLNmpRb25aTzRTTUJ4UGcyNkVMQ3YwOEFtaTdMR2dtLXQzdVFmQmhGSWJBNzU3dFhLaXFmb0dYREk?oc=5,2025-11-13 08:00:00,C114中国通信网,China,CN
6G，正向我们走来！2025年6G发展大会绘就全球智联新蓝图 - 中国科技网,https://news.google.com/rss/articles/CBMicEFVX3lxTE85a0kyOTFldHVneG5wV3cyLTgwSlNBX0Yza2xWR1E1SEtTYUtOcXBabUxzLWVPWDQ1U2pwZDhPT1ktUUhndFNTeVlXTmZKeHhjRmFtV3UydUZzLVhYT3cxYjVpVUtQOUhzMXJ5UWhYRGM?oc=5,2025-11-13 08:00:00,中国科技网,China,CN
就在下周！6G发展大会举办在即 将发布AI通智融合最新成果 - 财联社,https://news.google.com/rss/articles/CBMiSEFVX3lxTE85dENsT3QyeU1sVjljT2hhcTdpUzJHUlpWWFQxSE9rUnVHbFh3eVFJOGVsOW5JaEtjSF9VMTZWMFNTU1k2ZVRtMA?oc=5,2025-11-08 01:03:28,财联社,China,CN
我国6G专利申请量全球第一 上市公司抢占技术制高点 - thepaper.cn,https://news.google.com/rss/articles/CBMiXkFVX3lxTE52NFNmUWFGOWlUdDRRUEFnU3Bod1p0QWpCRXdjcXUxeUlrbGJrRU1vN2pfeXZoM2lkdmpEdGhTVUY4MVUzX0g3aG4zSGxMZG5aeXByZm9PSDljOEtQVFE?oc=5,2025-11-11 08:00:00,thepaper.cn,China,CN
2026-2034 年 6G 市场规模、份额、增长和行业分析 - Fortune Business Insights,https://news.google.com/rss/articles/CBMia0FVX3lxTE1EOVZobFlraEJnVldOYkhqVjgwakxLZmF6VUZoZVMxdU9YelZaZFQ4bE1NZU1EaHlqaFJVRmZTaG9jZ1M5empld3gtcXlYR2lTc3hNZnBCa0FnWFZMUFVxXy1NMmVOUTNMSURz?oc=5,2026-01-26 08:00:00,Fortune Business Insights,China,CN
端边协同的6G内生AI网络 - ZTE,https://news.google.com/rss/articles/CBMi1AFBVV95cUxPSUlhdV9Md1dIODE4a2RyLTVmWDVmdDZXR3E3ZG9jeTAtMkxNeXZnSko1b1VuSDhQTVBiM3lvYmlZNVhEZk14TEV1MzRJdWZ5cVJCTGIxYnV6eTgtTi10NWVIUGJMdU5UbTVIOTNhX0gwamd0QUJDbk5OYVcwYVE5UTVmMWxoRG1hcEtNRW5Rai1laEFadGNCUVdmdlFxTHpYTHpMTldTSmJkMUZxeDVQeGs3SmtVLUlMbjFUeUtPdGFUNVBONmliNUNZdkFXbktPMXNyZw?oc=5,2025-07-16 08:00:00,ZTE,China,CN
美股科技巨头市场震荡，6G发展大会将举办丨新鲜早科技 - 21财经,https://news.google.com/rss/articles/CBMijwFBVV95cUxPY19tMlB0QTIxZF9TMWl4dnRCbkZ1X1VmNmM3T2ZJTU1la1laXzRMaXBERUVzdDJ5VGFqWkVWdFQtSUhmdmEtdUQ0ZmU3WS1CT182MjBuUGRqLVRVeUJ4RTgtTUR1VnZ4OG1SZlVzY3VNbWFNd3pfb0xWRUJ1NDd4TV9LWHR0N3hvbUtzaFlLUQ?oc=5,2025-11-05 08:00:00,21财经,China,CN
2025年6G发展大会在京开幕- 中国日报网 - China Daily,https://news.google.com/rss/articles/CBMifEFVX3lxTE5mR21hbnhjSS0zTk1UZnA3Umxmd1UyOV9lR0dBWkdMbklEOGJfd3haSVdXRFJGWm8yMXZZanBGa1JTXzZDdi1uUlBtVmFlX1dVMllFS21WdlFBclJwWi1WQ0tRdGs5QmZDREx2N0QwUVcwYW01MjBFTjVOb2k?oc=5,2025-11-14 08:00:00,China Daily,China,CN
我国6G加速攻坚布局 - 央视网,https://news.google.com/rss/articles/CBMieEFVX3lxTE54S292RUszaExwQVBOaHpfLThZUkVmeGZBZlV1ZHp3UGRTdnF3WkduMlBGTHFsOFdTNzNRWTFTQ2xaOVF1blVmMVgzMDBHMXZ6ZS1JckxjckNZZlZnRlowU3doNlFrN01tVkdXcF9aekViWmFGM0ZKbA?oc=5,2025-11-30 08:00:00,央视网,China,CN
我国启动第二阶段6G技术试验央视：2G是牛车6G就是飞机|5G|3G|通信|经济|无人机_手机新浪网 - 新浪财经,https://news.google.com/rss/articles/CBMif0FVX3lxTFBzcG5Vb1BEcXBtRHExano2Xy00OFQ0cVJXcjBjejk0Unl1eXVRVFFmSGRYdzgzSHlRWG9oNmE4d3Bla01fWUcwNWxUUWdUc3RMajBKZmFXTElMU0ctbmhhX1hhX1YxRjJVYWNQZXhFRl8yS3JkRk00MU5sTnAtQWc?oc=5,2026-01-23 08:00:00,新浪财经,China,CN
第四届6G前沿技术与趋势论坛在京召开 - ncsti.gov.cn,https://news.google.com/rss/articles/CBMihAFBVV95cUxNX21NUUY1LU5mRElGRkJHaVlTN2JmeFgwRDhVSGR0VzN2ako0VEtibHNoMkQ4WWVuSWhhYnVMQ2RuRVdRTmV5VVNGcUhmeDhycGpZZUY1SG5NTTk0VDZIRXVwT3QtTU50TDNGdUdxU0NndXV3VjdEZUhJWjdPN2NiY3RmOVE?oc=5,2025-12-18 08:00:00,ncsti.gov.cn,China,CN
中国信通院杜滢：积极推进6G发展，预计2030年左右启动商用 - 新京报,https://news.google.com/rss/articles/CBMiYkFVX3lxTE9SZGZmN2lESGcxaXlKTE8yLXJ5N3Jvc2lGVkY4eWNfR0QyTFpsN05Ed3QyNFlfUEowNUEzS1lPZ2FrSkJMSWpodnVhN0UwYjlhMThIaVRBR3dPQndXMEpmTDFn?oc=5,2025-12-13 08:00:00,新京报,China,CN
科技拉满！南京首届上秦淮灯会亮灯啦 - SOHU,https://news.google.com/rss/articles/CBMiiwFBVV95cUxNeGllSVJrd1ZHVkNXMXBKZk1aaXZpNm5zU25SbzRZNXAwTFdGLXhJeFVNZnh2bFJsTXlTX1JsV25QdVBHa1FSUjBLX1IzOENVd18tLWdfX0hLZDN1b1dBSExMb2ZGd1UzbUlvelIyU2VNOGp4cllKdXFUZzZiazVyZVY3WFQxVzlqcVRB?oc=5,2026-02-10 14:12:47,SOHU,China,CN
攻坚6G前沿技术 共拓产业融合新局 - bast.net.cn,https://news.google.com/rss/articles/CBMibEFVX3lxTE82NF83S3BOU1JjM19WQTVfZVpnVDF6Y3I2eWNXN3Qyb3lmelpGRVZLSTFWTmNLSUlPcVZydDJZYmlocEhYY2JXS2lmOEg0bVNuNTlScHN5WWs0MmhkVkY3eGJReHFXc0RMSGlWQw?oc=5,2025-12-18 08:00:00,bast.net.cn,China,CN
天融信：公司已关注6G领域，暂未深入布局 - 东方财富,https://news.google.com/rss/articles/CBMiYEFVX3lxTE9pVTcybUdqUExtZGIzdm1mWVU0ZXZvM0l6dFRwVEw3b2NKemY5alEycUIxR2dhYTMzYlU0T0djVTJWTUFoN294RGlBQTM3OWFQQVMxVi1MazBpcWlITHV0ZA?oc=5,2026-01-26 08:00:00,东方财富,China,CN
一文彻底看懂6G - 36Kr,https://news.google.com/rss/articles/CBMiTkFVX3lxTFBOaGloX0l4QjhDbzBnR0dTVVZQa0pGMlVqLS1ES3NUREt6Z1BiR3h5el9kcGwzT01KNFBVVGdqMTJxT3hEUFQzazV4S1F2Zw?oc=5,2026-01-22 08:00:00,36Kr,China,CN
专访高同庆：6G不是延长线，而是数智融合革命 - C114中国通信网,https://news.google.com/rss/articles/CBMiUkFVX3lxTFBlaU5EOHptR05tQmRqbHl5amJmNElMbWdVeFNCd2xxVDBKZ1NqVU16Rk94S0NMUFc5dE5TRHViRW5EYjhBNzJ6TkJwYVBmeXMtREE?oc=5,2025-12-18 08:00:00,C114中国通信网,China,CN
GSMA斯寒谈6G演进路径：先夯实5G，再迈向6G - C114中国通信网,https://news.google.com/rss/articles/CBMiT0FVX3lxTFBRUjBlVTVGWXFPWTh1aVdBNDI3ekJ6NExJd0hQbXJRQWFfVEwwMDBGRlhSbmZCMmp0aFJoSkJBYkRmWWg2ckFndy1pMDRLTWc?oc=5,2025-11-13 08:00:00,C114中国通信网,China,CN
工信部：近期已启动第二阶段6G技术试验，AI已渗透领航级智能工厂70%以上业务场景 - 华尔街见闻,https://news.google.com/rss/articles/CBMiU0FVX3lxTE5lajI0SU91QUE4aWJVdnRudzc2WkR5U2hxbGVtblNOQS1qRG5WZG1xcmliMVVkR1Y0ekFva3M3ZXhYNUNmSHhCYkx5YUhnR1BuNWIw?oc=5,2026-01-21 08:00:00,华尔街见闻,China,CN
电子系戴凌龙团队合作提出面向6G的自控制智能超表面技术 - tsinghua.edu.cn,https://news.google.com/rss/articles/CBMiXEFVX3lxTE9WaExXUWNCQzdOSmlsQmJrSWJNUmcxQmVHa2RpYm5MUlJ6cWxmSVpsNlpZX2FjSmowbTJRNHkxQUE5alRzVXJjbkZubFROLWdtWFljV2dHT3pwS3hU?oc=5,2025-10-30 07:00:00,tsinghua.edu.cn,China,CN
研发6G技术，赋能智慧转型（迈向“十五五”的创新图景） - 人民日报,https://news.google.com/rss/articles/CBMif0FVX3lxTFA2UWZBNXl3T1YzTnRlQ1ZVYVkzTTMwZ3NtbEEzRGNEUmE0aXlKbTFNZjBRa0Z2UmltTUdDdEMxWERyMVB1dEJZQVAwRy1yUFppdlp4YXZFNHJUbVRIUzdSNVJpOTJEaVZXWnFTZGV6ZGVnY09zMHIzY3hiRFNoamM?oc=5,2025-11-04 08:00:00,人民日报,China,CN
第四届6G前沿技术与趋势论坛 - C114中国通信网,https://news.google.com/rss/articles/CBMiUkFVX3lxTE9XdGpnN2swQ2FGWTdlMzFHNXd0VXpjZG1iMXJfb0V1MFFKY05wWkhQdDcxcGxPTGZReGFfRFNSTGloUkhhX0xNZVd3UzUyT1FQRHc?oc=5,2025-12-30 02:21:55,C114中国通信网,China,CN
英伟达与诺基亚合作布局6G网络 - 动点科技,https://news.google.com/rss/articles/CBMiZ0FVX3lxTFBPWmhabTBKTlNabjdUSTkzWEo0cEd1bUZDUklkT0o0Y2xRQ1pyWTl6dElaQ0NISzNwVXk3bWpjZGUtTTAxWGg1eXlOaEpJV01LT010X25TaWlqdFhaNUEzQ2xNejQ5Ync?oc=5,2025-10-29 07:00:00,动点科技,China,CN
孙韶辉：AI与6G双向赋能 构建“万物智联”智能底座 - C114中国通信网,https://news.google.com/rss/articles/CBMiUkFVX3lxTE9hVEhhaXVNcDNWdnhpMXJuZ2tUSFo3WFRqSGppWGZybjMyWjNsMEN4QUJZcGpzVnhDSG1xbU5TWUwyY1pWTmE5ZktfMy15ZFgzMmc?oc=5,2025-12-21 08:00:00,C114中国通信网,China,CN
文汇视讯｜上海6G信通智谷：聚焦融合赛道，打造空天地一体化通信新高地 - jfdaily.com,https://news.google.com/rss/articles/CBMiWkFVX3lxTE1XVkFGTzFvQ1huSExxTGFUS1B3WGlLWG4xRllYZDVIZTVoUFVLallsYTdudWZQV0FabEh2aTNsdnpxZFdfdFJpM21GSVZ3clY0b2dLRWtsb1JlQQ?oc=5,2025-11-18 08:00:00,jfdaily.com,China,CN
002837，十倍潜力股！6G上升为国家战略，两路资金加仓股曝光 - 证券时报,https://news.google.com/rss/articles/CBMiXEFVX3lxTFBuazVaOGdKQ2xIZDcyMWpwQjlpNk9Mc1huV2tqR2tZUDBCR2ZTb2I2SG5SUWV3Q1huZmZzRVllNUFlUlFDeE82d0VZVmVfMDMxa2plYVB5R012UlJV?oc=5,2025-12-23 08:00:00,证券时报,China,CN
智瞰AI｜高通庄思民：5G-A向6G持续演进，推动边缘侧AI时代到来 - 新华网,https://news.google.com/rss/articles/CBMifkFVX3lxTE42emhYcVRwamIwYnB1cktobGdwN1lwOFMxcTYzMkt1WXpjY0FBSVhFVDduVDdjM1ZaTWpjTk1NeEJVQkMyNEg4aWZwOWx2QlhkR1ZHa3I0VHZ6VmFVazdsQm1LS3dqMHZYeDh6NnNKazFNOENxRUpPd3NxLVhuQQ?oc=5,2025-08-25 08:00:00,新华网,China,CN
6G数字孪生信道的三个使能技术：多模态感知、环境知识和大模型 - ZTE,https://news.google.com/rss/articles/CBMi1AFBVV95cUxQZmdrRWl6RFVLU3pLUVNqWVhGcUh0WnFPYTgwVUNfS0RQWmpZMlE4YW5WVndEYVlnc3J6Z2VyNEZYUHBTX0tES2pXYXg3c0Z2b2JtbjRfMjJ3ejZvQnZwZU9XVUw3ZUpIbGxUcmU0LTlnYW50UFRPa0p0NHB0TVZNclktZTNMTGt1ZEFpZnVQRjZBQko4S2pCUkZ3bllrS0F2dVNkXzJGVVA1aWdqQ2V2TjhhX1g0ZDl0WEc4Tk5nLUQzNXNLdXFrWlJTM3JWTzJBYm1nVQ?oc=5,2025-07-16 08:00:00,ZTE,China,CN
我国已启动第二阶段6G技术试验！ - 包头新闻网,https://news.google.com/rss/articles/CBMickFVX3lxTE9JbUY1R3VMNF9rRGRKSUFYR1JrZ3RVQ3o2cFQzNEd3ZzVybzFhU2RDdlk0a3cteUVmR25nQ3AzT1VId2lhLXN0Mk9qa2tPOGRXX05rYjVLVFh1YzFyblR1ZnVSQzFqelBDR2dDZ3J1NUVYdw?oc=5,2026-01-22 01:32:57,包头新闻网,China,CN
我国预计在2030年左右启动6G商业应用 - 人民日报,https://news.google.com/rss/articles/CBMigAFBVV95cUxOdVFieTVPdXRhXzBvMFgwYThRS0tfOUZlTTZwajEzOERmcUkxYUlTcG5VSndWZHBmU2JJN0E4Tk5PcGRVR2liYWJBUExtYmcxN2xlSG1QQ1BZTEV1MXZGNGZyd2VEOTJoX1VOaGR5Vk13aXF5ZnZBUnZhRWFOSEJKaA?oc=5,2025-12-16 08:00:00,人民日报,China,CN
高通技术标准副总裁6G前瞻：高通专注AI原生、通感一体化等6G关键创新和用例 - 通信世界网,https://news.google.com/rss/articles/CBMiUkFVX3lxTE9SSTBUWUZ5OHNaZ0l5eUIzeXVNdTExVzFkZG53U21rQWYxVVNhOHRnRUlQVkVWV1FlaVR5dTU1cHcxbjFQbW5zN2ZvcVF3TjJwUnc?oc=5,2026-01-15 08:00:00,通信世界网,China,CN
第四届6G前沿技术与趋势论坛在京举行 - 中国科技网,https://news.google.com/rss/articles/CBMicEFVX3lxTE5nMUlvRkNsdXVMT1pxYlFJYTdrUHIxb3hQQzdvV0Z5M0JwVlhxR0tDTWI3UmlZaTkyVXJIcnhrQmZJRnY3d3ZIZ0tOMi1MYTRIdVBSVTR0TWJzZWMtdG1pdEpDZjN6aGRtc01ZV2dfSXA?oc=5,2025-12-18 08:00:00,中国科技网,China,CN
下半年以来获机构调研数量居前的6G概念股一览 - 证券时报,https://news.google.com/rss/articles/CBMiXEFVX3lxTE8zbmY1Tkowb1hrc2pBUU9relFxME43X2FCZmxvT2ZjeUxEZ3NWR0ZkbmtJVS1CUGVSN3Z5WFJ2aG4xNDQtRC1yZkF4MDlRNGlRRDZlQ29BeXAxMHZU?oc=5,2025-12-16 08:00:00,证券时报,China,CN
中国电信宣布牵头“3GPP 首个 6G 计费项目”，推动 6G 产业发展 - C114中国通信网,https://news.google.com/rss/articles/CBMiWkFVX3lxTE1kN1RJN0p1TVN6ZTFqOEFQdFo1RHVxQnRiek1laENsM3NjbFhxYTNFeV9VME5zYURQdXdvQmowOURyakxORWpzRmhWeGF3ay1nRXBoMHlNOUVWZw?oc=5,2025-09-23 08:00:00,C114中国通信网,China,CN
从6G高地到智造标杆，松江以全链条实力交出新质生产力“答卷” - thepaper.cn,https://news.google.com/rss/articles/CBMiXkFVX3lxTE5UbWJIOWNkRm9UTWlWcHBZUnZZR3loQWpNOGNUZ0o1bzhQTmF6UWhyY0RCYTVXNHFPUjBwcVdyUWhBZ3dYejJPV09QVkZ4QnhwVW0xNEt1M0MtbUF1R0E?oc=5,2025-11-19 08:00:00,thepaper.cn,China,CN
傅志仁解读《6G：迈向全域智惠网络》：全域三层架构 + 智能三支柱 + 普惠三维度 - C114中国通信网,https://news.google.com/rss/articles/CBMiUkFVX3lxTE9HUkltVXk1Nl9TQThMd05yc1ZGQWpwU0pOUWVtYTRwZ1doN0huRDVBeDRuM2ZwWk12Y254N0pheUxrTmExR2ViMmhRUWlNbHo1RGc?oc=5,2025-12-06 08:00:00,C114中国通信网,China,CN
【今日網圖】邁向6G時代 - LOOOP MEDIA LIMITED,https://news.google.com/rss/articles/CBMi3AFBVV95cUxPRGU0ZVVRNnl5VTVjaEJpazhsdnpoQ0RTQTVYSUMyQ1dNZS1IQ29UTGJxdm52X016UXd0QmRqUUZEX2VzdVJ6Z2FkN0NHd3pFMVc1TnlNVWJuQUg0OHIxZmNRR0RQTEVqRnZqcVFhekh1UnE0aUVkanpLR3BzVFhTNDMtTVZuVGJJR0dFWGlwcXBXZ2RoUzBicHRuOXdsb1RZbm9PVkxNSzE4cGpaQTJ5bnZJNWxvelRubXNuQ0hMbzFOTnN3dngyZEVGMXJqSUYtYzhsUzRma3JEQW0w?oc=5,2026-01-22 23:00:00,LOOOP MEDIA LIMITED,HK,HK
中國完成第一階段 6G 技術試驗 在全球 6G 專利競爭領先 - unwire.hk 香港 - unwire.hk,https://news.google.com/rss/articles/CBMigwFBVV95cUxQQXJfOGJmN0xsUGVJU0t6SGNvZlpFYm5NZ0x1N29SYlVhUF93ZDFuTkxyZXo2YXFnb3NWSlFoOG9UTFVtQjY5RmVUdzdLYzFJcHVtbjRmcVVYbndUUUwzUFAzZ2RpaHA4QkIzWnFDZ19EdEl0ZGJPQ2pDa1E3ZkJXX0xmc9IBiAFBVV95cUxOS3hkSC1TSWtkSjVFTUd1SXlIR2VxUWlHZ1pNaTBkT2NlbmcySTY1blVMOTlERG8wNGRjTFdTcUc3Q1FHcUR0ZW9XWUxMd0xzem9oUWdxN2xZaU9kT1ZoZmZwUGZMMmg0YzlQQkUwb1BOZzJCSEJrOXB3QThDX1RZVXpzX2w4ODlE?oc=5,2025-11-14 08:00:00,unwire.hk,HK,HK
工信部：6G研發完成首階段技術試驗 形成逾3百項關鍵技術儲備 - 香港電台新聞網,https://news.google.com/rss/articles/CBMib0FVX3lxTE5KLWhRekpubXZNQktxYk1adG11R0Q1UzRuOXlsWVBsMHdtWU9qZDMySld1WnZFai1WWjR2bFJ5TU9CWkFiMkliU1VSVXpncjFSY3k3WVdzU2xPTnV6YU9xNWVZUUE0eUZKS0lYRkRJZw?oc=5,2026-01-21 08:00:00,香港電台新聞網,HK,HK
中國移動發布6G傳輸白皮書 搶佔下一代通訊技術制高點 - UNWIRE.PRO 香港 - UNWIRE.PRO,https://news.google.com/rss/articles/CBMiekFVX3lxTFBEcDRkZGRVaDhsdHA3ZEhXNlNmdU1zelk5eC1KT3hEMWZRWGxCbkZVM2VIZmNZVnE5aFhUbFZfLW10ZnRXaTMyRWw0VmN3VWNIQVJIQ0xkbTlMeGxYekVpQUNZaFR6V2RzYk93UDRHMHM2RXI5OUZYamhB0gF_QVVfeXFMTlp2dnNNY3pKdkt5V056RU9vMUtnVkl6MC1aRm8ySEk3YjVldUM1czVqc01RSGZQcXl5Yk5wVGJ0WU52QlhlMjFZN2hKa0pMUUhzRGdPbDIza3lQSmxXQTFoYVhwQ1IwX0E0WVBIbnN1ZktKVzhYd3F4dkZNOEtTRQ?oc=5,2025-12-16 08:00:00,UNWIRE.PRO,HK,HK
中國完成第一階段6G技術試驗- 內地 - 大公文匯網,https://news.google.com/rss/articles/CBMicEFVX3lxTE9PQUQ1MHUwcnR2ZmVERF9HRFRNN2xHbE93MFdjN1dTNkcwaFJaV1AtRWZiWVg4Q2tIZFZoa2NIdXBzRldVQUhXWWFGalplYWlmbUpVekU4YzQwa1NqUEg2SktvMVhaZy1za3Qwd2lPVkw?oc=5,2025-11-14 08:00:00,大公文匯網,HK,HK
工信部：我国近期已启动第二阶段6G技术试验 - 經濟導報,https://news.google.com/rss/articles/CBMiVkFVX3lxTE9DT1lYajVWMjJPWV9ablNKVm51bnpjTnZrVnMzU3VBdHVzRG9fQk5JU2lVeEhFdHZ1ZzVzbjVncWhYZ0NKQ0s2NkFPVWkzSlVPWEdiVGlB?oc=5,2026-01-21 08:00:00,經濟導報,HK,HK
中國已啟動第二階段6G技術試驗 (11:08) - 20260121 - 兩岸 - 明報新聞網,https://news.google.com/rss/articles/CBMirgJBVV95cUxNS2VpanlFbVRZdjBDQ19LWU1Da185d1dHWVZ2MHMyOVJCX3lJUHdkTGZRdUdidTFjQklfNDNRNHNJWmdwQ2d2SFNCaGlLNVJ1RGNlYnlJUDBoZEhjeDg3UTVuMXMwbzZUU1djeG1pNHhQMTN6eDRJOUg4aXBUeHB2dmpGRUNFbTUwU2gyU0lzcE1rem9zbHpCZmt0UFJMbG55akhBVmluYU9ZX0NLU0tSX090SHdkSm5YVVNNcHNyNTVLOFhlUDZWX1ZwV25XdkV0bjRRdThvTlh2VDVtLWlYZVRDUmdJQ1ZRTEJFY2xSVGswdWZkbjV5QzFWUWt5SGdhT1BvRjBJd0xnLV92TXVtYTZRai1teFEwQmNOTDBhVmJmYXBNN0RHTTlPS1FKZw?oc=5,2026-01-21 08:00:00,明報新聞網,HK,HK
（有片）6G、無人機、無人艇硬核科技繪製發展新藍圖- 神州 - 香港文匯網 - 香港文匯網,https://news.google.com/rss/articles/CBMid0FVX3lxTE5RcVdOMk5kV2dfbmdhb28tMDRha1Y5MjdxMG1kMVF3a2NYTEQ4VkJSeE5NdWh0ampCdTFqVzFxc0pjZ3p1UUhVb3BKdjRIQjJXX041aWc4amxhc25SZTZYV0ZBZWNuTkg3VEtDd3RZS1Bjc09hQ3RV?oc=5,2025-12-01 08:00:00,香港文匯網,HK,HK
香港舉辦亞太區首屆6G全球高峰會探討下一代通訊技術未來發展（附圖） - info.gov.hk,https://news.google.com/rss/articles/CBMickFVX3lxTFBlVTZ4YlZlNFhibWZReDJZaDZlaUhJZ2tFRjFjeFZld29HMVd4dEhfb2xJV3ZybkM5bTg3cFJRME42eUFRNzhkRGFsUkw3Z2MyZDBISzlnOVg5ZTk5Rmh1R1JxNktCTUhNdjFLQWRQUkVOZw?oc=5,2025-05-08 08:00:00,info.gov.hk,HK,HK
黃仁勳披露輝達6G通訊和量子運算等合作項目 - 信報網站,https://news.google.com/rss/articles/CBMi1wJBVV95cUxQT0FtVmN3dk9CN1JneTBpSkFTSElYTElKZlRCZTFiNElBUVlBbEdwMjZXc1lxMXlIYXRYaDdHbWZpSVIydVJOMDJ2ZWlmbWw3VnlwcTlQU05NeE93Z3dYdEZ3YlJPMHdEYXBObnpFTmkxMEUtRHh0NExvUldQWVVyVWNtQ2NVM0Fkd1JmNVZIeWpBaU9rXy0zamMzMG5HN0tkVkp3WlV0NWJvXy1jX0pMMWdTNmJHQnEzYlpPQWU1cV9Ecmk5LWlHY0tuSVppd0dEVWhHUUNYVFpTemNfRGMwX0tZOHQxczV1ZklhcWlYcmRBdFU4VHE5Qi1VblQ5bHhvMk1fVTlDRzB2THhSX0hmUUJFWHcwNU5idi1KLTkxdkV4cVFYOTRUUWRJVkVtNzQ3bkV3WHhReEl1b0xEcTBZenN3T0RXbVNxbkttdzJ6dXhQX0puVnpV?oc=5,2025-10-29 07:00:00,信報網站,HK,HK
科大合辦電機電子工程師學會6G無線峰會 - The Hong Kong University of Science and Technology,https://news.google.com/rss/articles/CBMilgFBVV95cUxPdUo5UDJOVTJPM216a0VqN3kwcEtJLW9DX0Mwbkc4Zl9zV0k3ZThnb3hUN0J4Q2ZXejBqTnZDUkFDX3NRNjJOa0Nka3E4SkpjM0V4ekY2NXlUUGsyNWJzakxURGxrb1BpYzhyTXYxOFVlQlAybE9BMkVsV2pZcTBWc2tSU2l4Zzd3UnJMWktVbTBqNFRFSEE?oc=5,2025-09-13 08:00:00,The Hong Kong University of Science and Technology,HK,HK
6G時代來臨！天地一體、AI智能融合 中國移動領跑通信技術革命 - 香港01,https://news.google.com/rss/articles/CBMinwNBVV95cUxOY2stYWhQZ2VlM2tPb0oxVVV3eE81OWJWME9PMmlqVzZTZURhcWxpVmsxUk8wVXZlMURJWW9zWEREVlBCbmFiMy1GX2tkaGN0TXI0el94ZUMtVFNYZmUtaVR5ZElONHZLWXV2X1FscDdmaXBDT1JGMEw1djJtejJRTHI3YTZsVldBbmNvc1ROOFZ0OC0tbkx3NV9OY0FVTmJLaEpZTG12enhtSTFsUkRCX1RVWGh1Wk5YNngzRnI5Um1MU3hCWmVFSEFsRVFYTHpZaWw2QWMzLURpYkFFZ1dTUTJ4T2N2TXhJdTNVUkU3alBOVmt0TURwMl90czhmbXBMb3ZBNEV1dHY0UXNyeDZ3YURxWmtyOVFzdzIwalVkY0U2SXdGY0dtcmdHWTJrRFFqZHRfUS1VTUhMckRBbDdWRzhVSEtGa1ZtbF9LUTc2QmpvN0JJSUt0eGpBTlZpcWIyc09XMDlNTC1OUS0ySDYwbHFZWVJtRjdWMWpDcHd1NV9XWE5DTm5DZ01tMnJ5VWxKVmtnRGxQVnpoak9CYk9R?oc=5,2025-03-27 07:00:00,香港01,HK,HK
6G解放雙手鄔賀銓院士：未來操作手機可以不用「手」 - 科技 - 香港文匯網 - 香港文匯網,https://news.google.com/rss/articles/CBMid0FVX3lxTE1jZUw0LU94V0JLU3hwWWZEVDBwbW4yaHVGMVpWX0ZpMFhZUW5sSG1HcjNkZzVreXBqZklqUEc3ZG9aX2h5UndyaUlON2JqekNDZmJjMW5QMlZqSnJEbkhITmdGUW1nSG1sNEl6bDR3LUVac1p6dmVz?oc=5,2025-11-14 08:00:00,香港文匯網,HK,HK
Nvidia 投資 10 億美元入股 Nokia： AI-RAN 技術開啟 6G 新時代 - UNWIRE.PRO 香港 - UNWIRE.PRO,https://news.google.com/rss/articles/CBMidEFVX3lxTE40VU5HdVp4MFdYZldDOUNtYmgtMDFwbTBxSW1HNE1oYkJ4UHFzelRiN1RMdHJtaC1sT0dvOE1mdXZVRDAxU0pqYjdsa3RleEgtTGlpNUlWZldJX0hUeS0xVU9ESlFZMURmdGkzRjduV2JzXzNo0gF6QVVfeXFMTlVoVUpHaTBBZU9scDNMdmN3elowcmdWbHh6NU1wTlRpTFdzSjZ6Z0ZTYW1LcFZQSmFjTTlsTHRiYlBmTVVIZFE0SGpLQnBFNzE0d2w1QXVLeHYtNmpYamp2SThDa3ROeUx1dEw2TTFBMGNFQ2ExeTA2blE?oc=5,2025-10-29 07:00:00,UNWIRE.PRO,HK,HK
中國完成第一階段6G技術試驗 - 大公文匯網,https://news.google.com/rss/articles/CBMidEFVX3lxTE81S01wbnpoVldwSjM0UnQ4RG5xalBlenVSOWxjQ2RDZ1B2eDB6MTdLb3U5UnVVbXU2YXdGMFJMTnQ2d0VKZU1SaktTbFBOcnNER0d1UGlsWXoyQXVMVm9hcjdFbWwxQnFSQUxseC0yZnJ2MEtf?oc=5,2025-11-14 08:00:00,大公文匯網,HK,HK
中國移動6G試驗網突破 網速較5G提升近30倍 全球首發加速商用 - 香港01,https://news.google.com/rss/articles/CBMioANBVV95cUxONkNCMXZ4NkZrVVRNWDdaVkR0Tkw1ZjRJbDJKMlJSZXMyQVd4Ml9vRlhDZjVldERYZktkd0t2TndUOTloVUNOY1c0aVlqX2RVckxZZjgyRG5hUDlnU2ZTU2JrcmR1NV9uMkh5X01Vb3pURmp5NFZOS2wxZkZaNVJHU1ZIUDdZdGMyRlVTRV96enRxOWxnb2wwOXlJQmhkRERVM0ZURlJwNldnQjhhQWRwLWR5VEZvd0VJVzNtbEJlempGM3FNOGVJMnVPUXFxUWlyd1ZnQkNvZDViZ0xIMWlaVXc5Y3U1NDRMeWtRaEFkZm8wLTBmb19SbTJnWktVS2RlZkZQbjIyeW4wVUJfdWdZbEdkb190bHpDYVJiRVlXQUoySWtOaDJHaUluOWs4am83ajA3emRrQXd5NFFpTkF1Y01TOVpFalp2dFZYSzgwa3lIRVN0cHlmTGt2aWdUQU5rcnB4dmRnclNITFo0Q0RXSlc4aDgyTUtsX25ycjRuOVV2NU1QWVpCQ0tjNVIxUEJjMGNPY29ORnB1Z1dDRzhhaw?oc=5,2025-08-03 08:00:00,香港01,HK,HK
6G 快將面世！三大賣點實現萬物互聯 - dcfever.com,https://news.google.com/rss/articles/CBMiX0FVX3lxTFBnTmRCaTBRejEwOVcycS1CZ09SNmZ0Qk1xakJmeERIVkhZUk1LaGpQTEZwdkJZX3NOajNmaTFwek9ldXVEdGViU09vdzhzUkZBXy1vMExaU1Z3aVVsR3hN?oc=5,2025-12-01 08:00:00,dcfever.com,HK,HK
聯發科攜手三業者 推動5G/6G衛星通訊技術 - Yahoo股市,https://news.google.com/rss/articles/CBMiowJBVV95cUxQcWwxN0Y4WHdnSk53SElKX2hObUM1YUY2UXlwSVJaSXkwSndJMFdhdUw5MUlpWTh0VUNGNjYxYmVnVnpNMVBMOFBtdk9SZU01TnAxMGx1ZzlkZzBpM29DMk5IeVNzVU9QeHVNWEdGdi04MHNfbVplR2RYMzN5Z1JuT1BHVUtBQXF0enFaSExJSTNrWjNEVnV1YnZWTV9CVHM4YVlyTU02dXBIUFoxNzh2QnlhSm1md2FUaGM0NU9TZ0UybGtLZWFrNTU4VHlRR3ExRlBwSXdiWWlESEt5SU93WC1YWmZFUFY2dEJFUFJmM1ppalVfTFluQlJHX0Z2c0F4dkd6b0ZoQUU3RThSUXEwYzJJY1N3aFM0ZmxTOWFpc2xPSEk?oc=5,2026-02-09 08:16:38,Yahoo股市,HK,HK
警隊研用低軌衛星與5G/6G增執法效能- 香港 - 香港文匯網 - 香港文匯網,https://news.google.com/rss/articles/CBMid0FVX3lxTE5SQnVIaXN6ZC1oZ0VHVXd2VjUtYXotZnpwU3NaMEhKTEthRU9pV1BuZWJ5MlpjVExTZVBmV2Q2alVqU19XWTh3eV8yREluWFhoWUVfSk1UWnlZN3h2VnpDUWVPTjk2NDVnemF0SEhQLXE0ajkwckxn?oc=5,2025-10-09 08:00:00,香港文匯網,HK,HK
北京大學及香港城市大學聯合團隊在6G無線通信領域取得新突破 - 香港商报,https://news.google.com/rss/articles/CBMibEFVX3lxTE5FYUhzZGpqcDZVVEJmTEhxVFFBUHJsSWtMTFN5UTdUQng5aHFuVmtFVGVoWEt1VVlheUdMZEs5Z3lhMzRMTXNpbUFxNnQxLXFLN3hxTlNEdlowZTh0T29uRkM5TzZCV2FjdmVrZw?oc=5,2025-08-28 08:00:00,香港商报,HK,HK
工信部：6G第一階段技術試驗形成超300項關鍵技術儲備 - 香港商报,https://news.google.com/rss/articles/CBMidkFVX3lxTE1NMUZrYkxOVmZGRnVZWlh2TVdIUDItQ3RBMjJ6SkEyamNlamh0ZGxkQkxOdWQ0Qzg3Y214QnNhVGRibGlEb1FBXzFjMmtMNmJ1ZnZLZldhWGY5TjlWQjk3YktSRmRvM056YkM1eFVtTHprVTl6SEE?oc=5,2026-01-21 08:00:00,香港商报,HK,HK
中國在6G通訊領域取得新突破 成功研製超寬帶光電融合集成系統 - 香港01,https://news.google.com/rss/articles/CBMivgNBVV95cUxONGxqM0stX0pfd1h5Z3dXNzEwR3BwXzVTRW54eDRBcnNBZkdKU1pVY0ZIYlVoVjhOYmxNa2J3Qk5zWFBUZjYzbjlQWUp0N1FYb3FSaXVqdGRNRFNjcHhaZmItcXMzVnVBWnMzbzRXRDA2Nk5IZkpVT25INFJwd2o0Y0c3cDNPSHJsdFI0T0ZXNXZaSFhjYjE1blNwa1BMZ1FsVDd0dUJHMG5IdWdvVXU4ek9GZm1ubGZXUzJCQUQ5Mjl0Z25UT3RxaHZGOEczYU9fVndnS2x2YUJVa19kVzFCLWw3S2F6dG9ZN1dMcjhza0tWNGpQM2NtLTk5ZXVpX0dsVXR1NHR5b3hPbXlBcnJqNWVXOGpXdGFESHREbjMxY1MwOHZLa1RJMGgyNkdYUnphOUNRbEFMVkx4VkhsT0RaY1puZUl0cW1aeG5EVGFGSmJkVkpEbTlkaVJPeUc1YnZRTkF4ZE1yc0RGNHFuS2M5X0FoLWdjVUZLWEpYUmxMYUNwMjBqMHZhbFN6NEQydnNka1Myb3hSeUpoZ25SeUx1T2ZWZVpuWW5PU0NTWGlpRkF4eDMweXF3aXFJZkM5UQ?oc=5,2025-08-30 08:00:00,香港01,HK,HK
【時事觀察】輝達重押6G、量子運算與AI工廠？黃仁勳在華府揭開「下一個百兆級賽局」 - Yahoo 財經,https://news.google.com/rss/articles/CBMiiANBVV95cUxOa3NjYlFsenBBcU9PQmVBdURldUpCbnRSeFQ4YmJZek5ZY3dvSDVmRWxrMzNka2dOVElIMUdCLXRvUUpVR3VBaFVaWmZGdmh4S0FCSGhGWlhhYmxlWGNMTzQ2emwxU2hxNGxpXzV4SnBGeS04eF9Zc1dJR3dyZkVoWTA3TUozZzRUSkZmak5aYzR0Y3BiX2xIdkptNjU0UUFhZ015RjUySzNCcVg2QXd4NGlOd0szVlR0ZUQ0cG0zMTRZR18xRHd5U1hHTDZtLUxqTlBzTmUyY2VFUHFHZUY2N25HYlY4VFNHeWlhZWRTTWlMZ3BzYzdtZ2ZLME5WQWhObGNqem1QLUdCbnRqTks3NWRRXzdCSk5wWFA5YS1ZcFZ5d2FjOVZ2SmRPbDB6ZXUydmxCOFZiX1p5bGl1SjJjZjJsdExGbE80dllIN0lqQ3FwZjVIR2hacDZsWHotbTBycTRmdkhPSDd6c1ZvVGZfZlllZWNvdkZPdXBSSlJCWFYzWVZ4dkFrcA?oc=5,2025-10-28 07:00:00,Yahoo 財經,HK,HK
中國6G研發已完成第一階段技術試驗 - hkcna.hk,https://news.google.com/rss/articles/CBMicEFVX3lxTFBiRDk2Yy1WbXdKaFJDODVRdWFaSTlTM3hPMlp0WTVIcEROMTFTNzU1dGFYQVAwNU1tQ0JjMUV5aVRrOUNUUXVOWG9VcXV6am1zWW1KczRpWDNIQ3NZMkFqVmhTQnFzWloxV0ZmN3BIR2E?oc=5,2026-01-21 08:00:00,hkcna.hk,HK,HK
官方稱：中國5G用戶數逾12億 6G進入第2階段試驗 - 看传媒新闻网,https://news.google.com/rss/articles/CBMinAJBVV95cUxPTXRDX1NscFdXZmtLTDE5d0VzMnZBcHlxVVVyd2R2bHBObFpHeWxETlp2TENlVmpmRE5GUndrWXlxSnlFZ2t6czlhQ3lBZmlZSWk3Rk01SWs1WjVucjlLY2RLV3YtZmxaU3ZnRExyZldxUkIwa1M0dExsZTBqN1p6bXN6VnhaSnlxYVdnbEhKb19NVEE4WVF1bHJrdkpnMEtTMzJJV2k1b3lBQ0p3Ti1UdHJyZmhvMXJvTGZoTWJCOGY0cHgwUU13NEt0S2VlRDF5dmRFZ1Z5eFFLOU9WQ0xyamxtdEpudEh2dmVkZDRHSnBFTTBmN1ZsZXFwUjUxbFUxd2daaV9qTndDbVlBSkc4TzNqRktMWk1iUjlWaA?oc=5,2026-01-24 05:57:24,看传媒新闻网,HK,HK
智聯全球共築生態 2025年6G發展大會將於11月13日在北京召開 - 香港商报,https://news.google.com/rss/articles/CBMidkFVX3lxTE5iY1AyVXpUQTBVSjlNdUV0T3pnNDI5ZXhEaXVKeGZaMDhoRTlNM1J4bFhmRnlmd0tFdG1wb2VxNV9IcXRKaVhwNFNSNzIwbm00Q2tHSjFHM1JoTkdaQ1B5UGpnejU4eExaZVlra280SHpkMHJseUE?oc=5,2025-11-04 08:00:00,香港商报,HK,HK
中國移動發佈6G傳輸技術白皮書與原型樣機 - AASTOCKS.com,https://news.google.com/rss/articles/CBMibkFVX3lxTE1QMkpMS1VycHZMSVE1d0E4ZDhWUC13dUtkbnJkZWRxanlhcEM0TXhFOFhxb1EwVjM3Zms5M05abWxQYTdxQUVRUE1qb0lkYjA1RzRheHNnMXhmTlhOdVd2cEJSZ2swZ0pIT2lWRzZn?oc=5,2025-12-15 03:27:41,AASTOCKS.com,HK,HK
GSMA：6G流動網絡所需頻譜較現時多三倍 - IT PRO Magazine,https://news.google.com/rss/articles/CBMiX0FVX3lxTE1tYnlkZ2pxZDVjZHRqc3lxalVSeTFuS3J5Mk9tX3ZQRDJWdXc1TV85SlJqNmw0RjhaSXRhQVlRSTMzcGtXT2U3Y21QbG9SZExXYVZKRFlpQ1k5WnN3Z0RZ?oc=5,2025-11-23 08:00:00,IT PRO Magazine,HK,HK
全球首個 6G 京港互通測試 CMHK 推動 AI 及物聯網創新發展 - 電腦廣場,https://news.google.com/rss/articles/CBMickFVX3lxTE50eFVaeXZqd1hOLUZQMG1VX3Q2Q2tsS29LWllfNzk4dm9WOWkwdWk3STR4VWVBc3REYXYzSnlXQ1phaDhhTnBpZlNCNjd5Vm8zRlpkYlplWHBBS2lFenVhdUZ6T0s4NVdBUGp3MGRhYktfUQ?oc=5,2025-09-06 08:00:00,電腦廣場,HK,HK
加速進化！中國首個6G機器人實訓場落地 - hkcna.hk,https://news.google.com/rss/articles/CBMiZkFVX3lxTE1IZm1rNzFBRUdJalR1Vm4yaFJiQkJwUTVNMlI5Z01MVjBOajgxWHIzempsb01PUWxocVdiQ2Q0Z0t5QTE5TEFzNlhyYjlZbU1ZOF8yRnZLNWdWenoxR0JqX1ZPQmMzQQ?oc=5,2025-08-05 08:00:00,hkcna.hk,HK,HK
工信部：6G第一階段技術試驗形成逾300項關鍵技術儲備財經新聞Financial News - AASTOCKS.com,https://news.google.com/rss/articles/CBMilgFBVV95cUxOT3RzTE8zUWw4LVdGM3BUR1pvUkFOWThLNl9WbHVVbGxHU0hiNUE4VFpSZHZiM1RSQVRiblRrVUV3SjJBUjNJQ05HTElWQzk0aGF1NEJqZDJTNFZVQURRMllkV0pCMjRwX1JJZW9CTG1NU0twMUlkMFhlcldnb3Nwa2plcGVPT1NvVjdrZWhsRGlOWmpFQ1E?oc=5,2026-01-20 08:00:00,AASTOCKS.com,HK,HK
AI、Open RAN引爆6G前哨戰！「2025 5G Summit」台廠秀硬實力鏈結8國16電信巨擘 - Yahoo 財經,https://news.google.com/rss/articles/CBMitgFBVV95cUxQcWxuNUllUGFzMWZUX1JucThLVjEwaFRPbER5RThWaC01MEtHdUlmNkFsZWM4R0xRLWhfN1VqWTdTcEViSkVaLUNiMmxoZ0ZQTlFsVUN5UEdJQmVQUWh2QTlrZ2Jwek9rSjJuOXlvRjFwaXVUTWU4YjNCc0RrOG5yekJQdGZhUVJQc3l4RXBHZE9hdXc5bjdKNFQ5RmFMcDNQc3ZaMGw3ZnVnT0lRaHhVeWZDZVFVdw?oc=5,2025-10-20 08:00:00,Yahoo 財經,HK,HK
NVIDIA 10 億美元入股 NOKIA 合作開發 6G 使用 CUDA 和 AI-RAN - 電腦領域HKEPC Hardware,https://news.google.com/rss/articles/CBMigAJBVV95cUxQMEJNbURQOHpSTVNMdm9QaklGU0laTm04b284VzVWT0xvYldLMkJIa1o5ekFwODdsZkVLVTJEM2dSazhROUsxZUpHd1Y2V211dDhlampRdEZrTEk4TnhsUUMtNE0yeVFFLWxQUUpYZ3lFN2FLdVVKNEZIcm9YZzRVSGVpcW5aSHR2ZVNUX09mcjRxbTVHZ2tPSU1VVm85X0xKMG1ZTkdHYWNCWGpsY1gxZng3NUhxaDNiek1XZ3o0bHV1MElZeUJKaFQ5S0M0Wi1WWUZRZk1VWUtpNzU5OGdHSzR5UzBJTURreXNmbm54aGlPaUx0Skd4V1pnN2dtOTRf?oc=5,2025-10-30 07:00:00,電腦領域HKEPC Hardware,HK,HK
智联全球，共建6G技术创新生态 2025年6G发展大会在京开幕 - 經濟導報,https://news.google.com/rss/articles/CBMiVkFVX3lxTFBkZG9YOEQyenJQcDlCRlpETk92ZUVVZ2Q5dVY0NFdJUXFCWG9QQlRUNXoza2NkNVNLYk5vV1pLaWFjc3lBQTVuekJ6aFpTenFQdmw3cDln?oc=5,2025-11-14 08:00:00,經濟導報,HK,HK
內地完成第一階段6G技術試驗 - Now 新聞,https://news.google.com/rss/articles/CBMibEFVX3lxTE9TQ1Q3aVB4NmZSakFoZl8yRzZTczhXMzl1ODNfSWRBR3V0dzNTYmN1UmRrd1dXQTZXbmotWTl6cEd6WXZDN1pwcWJqdnhkRE53Y3pwZ3lQZjRfRndlVXJ2TE1EcW5MalVnT3p2TA?oc=5,2025-11-14 08:00:00,Now 新聞,HK,HK
港股概念追蹤| 我國完成第一階段6G技術試驗三大運營商再度引發關注(附概念股) 作者智通財經 - Investing.com 香港 - 股市報價& 財經新聞,https://news.google.com/rss/articles/CBMicEFVX3lxTE01bjBUamFabFdoYWl6VEVMZ2JkYkpybHRHUDIyQlhHdEJaVHJDQ19pclNRZVVzSkRHc0NwNmFfeWNjYzhQT2NDbmZQY2xwOGNhamNNeEtDbkpqOXp4VWFXbGRweWFxS2R1Mm1LVFItUVc?oc=5,2025-11-14 08:00:00,Investing.com 香港 - 股市報價& 財經新聞,HK,HK
6G創新聯盟 湖北啟動 - 聯合新聞網,https://news.google.com/rss/articles/CBMiUEFVX3lxTFBUYWhBYUhnQXg0cFVoRkhqMFJSWVVFbWFXclFHWnhlLUp5Y1gwbEUzQkdNZDgyR0xsYlhSVFROR0ZyR0ZoanM1WTA5WExkSmQ30gFWQVVfeXFMTTZQSXZMUlhJRDFocXBZbVdLb2t1UjRuNFl0ODgtcTI1dXpXMmlxWWFyYldIa0s1dnJMa2RkQWtNbFpSek1TSE1LUGVIajhSekxZQ1Znd1E?oc=5,2026-01-22 08:00:00,聯合新聞網,HK,HK
丘應樺：正全力營造有利環境為6G時代做好準備 - 香港電台新聞網,https://news.google.com/rss/articles/CBMib0FVX3lxTFA1UklINnZPTm51U3diblBoeWtUMXd1VGZkc0l4c3o1Q3FjMkVXRG56QUd3ZTh3bGUzRVd1YkxnQng0d2dkZTJ1TTcwcUtiUlEzYU9RZmJXM1g4anh6Wk1YaVppaHdNLUlta1UzVVNsNA?oc=5,2025-05-08 08:00:00,香港電台新聞網,HK,HK
鄭柵潔：「十五五」時期推動量子科技及6G等成為新經濟增長點 - 香港電台新聞網,https://news.google.com/rss/articles/CBMib0FVX3lxTE9DUV8yRFctT3ZnazBaODJJQTRBVEtkOFJMUnd4OVBNY3o4OWwwc3NwWXB6LXd6b2wtM18yRXpGb2JZa2J5YUVUUm1OTUpWWjhPbGFGakYxWmU2eUFOejl5bFlWV1FmWG1QX1VHWWlYbw?oc=5,2026-01-06 08:00:00,香港電台新聞網,HK,HK
發改委點名推動6G量子科技 - 信報網站,https://news.google.com/rss/articles/CBMi5gFBVV95cUxOdWFUcmhIM01uVU4zMTJFNnN1V0M3VWNMR0c4QlNkSEtBVGZGRWVjSDkxMTE0Ulo3OUlZU2Rod3o0MXFQQUtFNllaMFpmMTNqa1dLaGRrMDg4bkpLdkh6UEJzWmJCOW8yWXNMT1NqNWZqNGVENGtYYy04MG1wdUZFU0xKMTczX3k4YTVWaExleHg3djBXc2xkYXFjcVNqWEpjSk9OV1ZnSFpVTG5PdVlBYmZZZkgzTDhMRjZiSkNnOXdYZlhRRmREQWhJQ0Eyb0hPUHE3cHpUUUxmWlB4VlRBVlhKUzlvZw?oc=5,2026-01-07 08:00:00,信報網站,HK,HK
6G技術試驗步入第二階段 「空天地海一體化」網絡有望加速構建 - 富途牛牛,https://news.google.com/rss/articles/CBMinwFBVV95cUxPUV9selhwSG9qcWRheVJKTUxXMW9sX0JWUjAwMldhWG1GZWJjcFA0U3NpZm1ROVNZS19tY3pKamZZbWFqQzNPWjZHbGhQYUlaSktOcUNWSzBkRjQ4RkZHZkFvQXJ2dlhfUXNIYnVjOW5ZM0VIQnBrZ0w0SFFVSU1GS3pQdUVjQ2xwYkwxOERNMFIyOW1adTVwNjNDQUJlS00?oc=5,2026-01-20 08:00:00,富途牛牛,HK,HK
中國6G研發再提速 啟動第二階段試驗 專利佔全球四成 - Sing Tao USA,https://news.google.com/rss/articles/CBMiugFBVV95cUxQLXBkdFo5Si1RQzN4YzlCUUQxSlN3ZzY5NUlfV3hIQlJicXQ0R0Fvemwxck9RRnl0MUNKbGFrbUFJQXVXTU9CQXBpc0lidmhzNmxXNU82b180UE50Ry16dFpfaDcyZzJuUjRhVUJkdVpsanBBRzdtbzl5Z0t3TzA2YlBleFlhTko1c0dUUEs2U016MUxtNThNUDRJT2plendsbHB6TjJJNDBuMjFPUnVaclBCbExlcmZYamc?oc=5,2026-01-22 08:00:00,Sing Tao USA,HK,HK
中國移動香港聯同中國移動研究院與中國移動（香港）創新研究院成功展示全球首個6G開放眾創試驗裝置跨境節點貫通 - Yahoo 財經,https://news.google.com/rss/articles/CBMisAVBVV95cUxPdFNBbl84X19CTmRpaEtDZmdTUnZtVUN1SUFQamN5RTdaVFF0d1pHak1UOUFfa1RVOWFXTkNVUnphc2M3Qk84eVFIYURTMEN3UUVsdVRVMmVPT1BDSmpGb190QVlwbXZLRXBTZ1Z5OEVOZlpZNk5ZTFhENVdsQXlNS09ZREJyaFJ6MXNOcEdsS1l4U3pGLWxHT1ZhRmtpS0NPYlZLbzBZZnJvSFNia2NsLTRPekRnMDgxTlJUVU9FQ1ZhbEI5UDFFMzdBNnN3bi1hRU1YQllnenU1WVdfT0NSa1lJUEJCTTVoTnlvNGtHQ2xtZDNBNTJwdHIxOEVrWlJQZkFHbnhkWEFLQjNMdDQxSkZhekplanJ1ZFpaRTVxa2ZVTWNyNldaRDBLYm5ZWFBHLWpzUzJwYXBmS04wRFh5OXZBVG5PaDVIYkVJN1JxeWotb1VOemdORDNIVzZaU2FEbTYwUzd6bkE2RG1wMFQ0Umh2ZWozRXVGcEVFMjd0YjR3SWNEa2gxU0szeGU4dkhHbVNMamNTRDBOYXB0aHB4UFp0UVRqVS1DSWh1YUx6REo2NkZCWGZnSmJCUWdiaW9LOG5IeE5DUFpRWS1paGZsRGdobGVrS2xVdzZiNDdZR1ZMUldyR2lscUxjTGdyWXBhMW03SVpidzA3VDgxSXo2Ykg2cjhVWkJJYXE4ZllPS2NHb094ZUVFY3lDLVA1WkhhUXd0TVMtT0d0OHNHaUZGc0QyVGZNcC13TXAwcm00TVhnMUpVNWZnTWgtc04tX0hpbnJIdzRRcW9oRGkweEdNSGJCRnFOYUMzUjEza2ZVWjh3WjRtRUU1cFBEZ1otZWZMUHZfY1N1QjdmZVNxVG9MYXZWMEl5Nm5ONVpUWkI2SUtTc2R6TTg3U0EwXzN5QjdB?oc=5,2025-09-05 08:00:00,Yahoo 財經,HK,HK
國際電信聯盟發佈5G/6G交互式物聯多媒體通信國際標準 - AASTOCKS.com,https://news.google.com/rss/articles/CBMibkFVX3lxTE82U3lleTFBOXE1TjdNZEhzU2tYdFhPZ0ZnejB4V2JKRTM2Nmc1TFNEQUhFRlNCRWJHYWJ4c05qUG90cFk4bmVCcXlOMmowb095cHhGM1JEeEVtTDM0N0RLTVJRMkRGSEJJelltUHdn?oc=5,2025-11-23 08:00:00,AASTOCKS.com,HK,HK
6G黑科技來了?聯發科聯手這3 家頂尖公司要一起飛上太空簽約畫面曝 - MSN,https://news.google.com/rss/articles/CBMi_gNBVV95cUxNS3hGclFrVXFXcDk3Z21SZEwza3prZW5QZkoweFFZUHZWdXRCWVdCZUtVTUgzTVpNUG5aT1dvVEVYSG5IOU41aVR0VVlHOENFZHhYNkstZ2YzRURjOTNMSXlPZTl2RzVaM2pjUXZia0JVeGVac3ZLS2xONmtZSF9DdGcwWkJRaU5Kb3JZYVRVMlNDZlRYYXBpdFhrdFpYbE5tNHdkYlJEQkpwMkRVcFh0cFFfTkJralZ2dmdjeUFpWjNRWFd4RkpEOS0zYkhYR3BfbUE2ZlhncWVDYUxxaE5XUUVnZXl5UUZHY1htcU05M3EtNERkZnN4TldnVTFRTnBzdWpyQ3hBSFBCQ3g4aDlhTk9ib2VOaE5QeEZ4ZnJpVG1oVHBJZlNYcWtzMmpUWmhKNThaQVRmZUhrclpTV0xnN1NtTlJJQUt3cm80cWpVTEpuQlVXWnJKYmhTSlRXb0NLZTFNS0JDMlRzbW9pNU1OMi1Ga1UwbVFRbnN5aVpyUzJ1NGZ0TDFxajNSM05wVFlONnNCemxSRVNrSWZmSkhIekpTaWhZTXBkQ3VkaXU5LW5MUXoyMnkzQ3ZFd0ZhSnJESzFCSXhHZ0h4VjhtNG9vMlk2bndQTDN0Z1h4c3EzMG1hWnA5NHhLcXE3cWYzbWRDbTFsa1QyeFNBenJIVGc?oc=5,2026-02-10 07:10:12,MSN,HK,HK
（有片）對話新當選院士：AI革命 6G商用科技將如何改變生活？ - 神州 - 香港文匯網 - 香港文匯網,https://news.google.com/rss/articles/CBMid0FVX3lxTFB0Q0wzMEZZeW5XOHVUd1BqN05NU3FWcHQ5dmJBbEtydmpmQ0QtTEJLeHFtYnpIbkNTbWNxMFE0a1lld3JlNjlydzRLYjYxS3Y2ZmRod1NVNUtlSzJXMWMxcmZtVHpVMmJQSlhjNHprVzBTU21zN3k4?oc=5,2025-12-06 08:00:00,香港文匯網,HK,HK
警隊研用低軌衛星與5G/6G增執法效能 - 香港文匯網,https://news.google.com/rss/articles/CBMifEFVX3lxTE9xWE8yRVpnNHRPTE5raVdDMlp4Sm00RkE2WV9La0IxRkxfOUh2RGt1X1hEcEtKMW9JQzVmWVFtbUZJNW1qVUpoMnRYR0pLRld5TE02dHQzN1RVbTZEY1lhOW40VzdLZVUza3FGczBtN0NLVl9ldGJTMWU1UDk?oc=5,2025-10-09 08:00:00,香港文匯網,HK,HK
6G全球高峰會｜丘應樺：港府致力營造有利環境 為6G時代做準備 - 香港01,https://news.google.com/rss/articles/CBMinwNBVV95cUxOMGlDcHRsSk1TcjdsNV80RGY1T1l6Y2pSeXFXa0otcmhVWVItQTRDbEoxbVJHU0Y3TTVYSHlXakNia3FpVS1HR3ZhQmFid19Oa0pJSjl0ZU1YMXB5Y2xWSjgwU24wSElfYVFiUC1HeUItZEdudktwbWx1VHFoRVJ3V3FOcGNrcTRSWnBHSElHYlVyNTFUWldXNVpnNnJWaGNrNDJqTjcxZlFuX195aWFmdjlmbU1qRVYzYWRKdzdmWHdFaEl2R1dkOGl3X0oxRGd0dlExbnRtdk1qVHNHeHFuX1poNzBiWThwbjd4Mkp3SllXa2hRdzBJQ2RFTWlNUUtqQkdWd2g0ODcxbUJhTklsNW5xNG1tRTR2NE42TGtPeFlXN3l4UmVJZkc4RGljQ3NIMzFtNWRSdlBQNTBSaVY5WUtTc1BfcW9ibUduNjA2VlFlSlN0Y0VDOWNwbDh0bVFwZTVVeWMxYkhPZnM2ajRHRjI5R29tMVJPYUtoTTA5cXNXMzlEY1ZaY01RNEo5SEFfM3dqN2llVUFqQmtGbVlJ?oc=5,2025-05-09 08:00:00,香港01,HK,HK
中國移動香港等成功展示全球首個 6G 開放眾創試驗 - AASTOCKS.com,https://news.google.com/rss/articles/CBMihgFBVV95cUxOR1M2WVIwaXpocFhBLTBLM1hDXzREUk83eUVvOWlLazNmelVLUktpSjBWRGFLS0xZQ1RPdEIxV0k4UEsxRzNnclUtTXdzNTBNRV9LQkpqR2xpTHBFdE42ZXRmcHZORFZMdUxKeVBBYVRJT2JoN1Exanh5Z1Y5dTdJUUZycGJSdw?oc=5,2025-09-05 08:00:00,AASTOCKS.com,HK,HK
我國完成第一階段6G技術試驗 - 香港商报,https://news.google.com/rss/articles/CBMie0FVX3lxTFBYT2YzcjB4a2pBeEFjQ1JiNEZzeC1yQ1padi1JZEF5ZjFDVjhKaDRtdXBnZi1vcU54S1Nja09LdHBfeHU1MDltallqNmh0UlhrXzVuLTQ1WE84WWdRLVpVZmc3LV9pQUI5T01mejhZSXN6T2Y2aFdQckhZSQ?oc=5,2025-11-13 08:00:00,香港商报,HK,HK
NVIDIA 擲 10 億美元投資 Nokia 推動 6G 開發 - 電腦廣場,https://news.google.com/rss/articles/CBMicEFVX3lxTFB1OFNRODVzLV84d1RKYVJtbm9pX1U2enVXMjJOSUtnSzZsUHIyYmJKdUxUWmFLdkhCZlVDTmxuSTYySlVRUWRCLXhMRjBKMVpQWk82cXhVNGQ2dDdmWUZXX2c2dWY5TEhQeHJYNGdRaDg?oc=5,2025-10-29 07:00:00,電腦廣場,HK,HK
內地6G研發完成首階段技術試驗 第二階段啟動 | on.cc 東網 - LINE TODAY,https://news.google.com/rss/articles/CBMiVkFVX3lxTE1SSDhXOGpSN2xfMFBpWklMcWppeXBwQjNXRGZZcHBwSkIwM2tpaFZjbVRvRUxtLTUtRUo1Y09Hc3FQSU1XOVhJQTkwc25QaW1aSGdpTWxB?oc=5,2026-01-22 08:00:00,LINE TODAY,HK,HK
電訊五眼會議將在東京舉行 聚焦AI及6G標準 - 新城廣播,https://news.google.com/rss/articles/CBMilAFBVV95cUxNWVNDNE94aGF1dmRRejlOekprcHAyU0k2dmVfUXNwbGVCQ2JrNTZTaFZWdkY4czJNUTNySkp3WHJjUDZrSHdUckJrcXNDUWJmeTZkX3A0ZWo2UXdoYzQyb2FRWGNpcngzQ2pTSG9LMXlaSTE2dkVsM2lheEt3SjE1WVZvUTRfVFFRM20tZTktWkFqMWdu?oc=5,2025-12-08 08:00:00,新城廣播,HK,HK
6G 網絡有突破性進展，1.4秒下載 50GB 檔案 - Qooah,https://news.google.com/rss/articles/CBMipAFBVV95cUxNUzBTbEtubWlyTzlkY0g2eHVLbWVMdGhVTzZTZTV3cTdmNmh4dUhUQTVicGpJY2NycXN2QVotMXZETEw0TkVBTEk0QTROai1fRG1NLW5HZ1R5WHV1T3VmeS1MSTRPMFFzVWhjNmdrbmJvNVlQTkJvMFFoOEJYcTZ6ZFhNVXdxT2pyc0xBbkR2ZjA2WnpERHJtSGg1OEFJQ2gteXhUXw?oc=5,2025-07-23 08:00:00,Qooah,HK,HK
中國6G，邁向全域智能（瞰前沿·@科學家） - 人民网,https://news.google.com/rss/articles/CBMicEFVX3lxTE1OOTg0aWtFcUVia0d4MThmOWdtMkUwS2lnTE9fUi15RUlVQ0hmVlNlcTlIRTdTNG9BcktfRHQ2WURjUThGNjAxUkNKemRmTlhoSnFZMkFDMEVGRXcwSHZFaWZMeGN5UHhDOFpkQXpWcm8?oc=5,2025-06-28 08:00:00,人民网,HK,HK
中國移動香港等成功展示全球首個6G 開放眾創試驗財經新聞Financial News - AASTOCKS.com,https://news.google.com/rss/articles/CBMihwFBVV95cUxNcEF1cHBlSHNZVW9MVGMzWFNfaFdCWFJ1Mi1sbExCTWlyd0Y4d2owQ29ObXZwWXcxTkxEYTY5NUlvN0dFS2JKZE9tNEN2MnNvVWVqWVBHdWNQWDdSS2o0bW1IRXBOZTlKcGx6bXFReTVFWFN6YVRZZ0xNa3V3WnZrOHpBNVdIY1U?oc=5,2025-09-05 08:00:00,AASTOCKS.com,HK,HK
亞太地區首次舉行 6G 全球高峰會 推進 6G 發展 通訊事務管理局 引領未來通訊新紀元 - 星島頭條,https://news.google.com/rss/articles/CBMi-ANBVV95cUxOVlhwM283M0hBblFidGdkM0ZEQS0xbjQ1RHE5QURXam5JMWw3MHBlWW4wV0dfNDZNY3pnQkRXdV9xNU1ZY05Fbm5ZZWlqamhNM0ZMYjNIR2tGb2dKMERqd3RYbF81czMwVU4tUEl5TE1rVFhRdXdJRWlNTzFFZU1zOHk4SDVxWnNpRzlpYmdGR1VYYjFsbGhZeHZ5RzdjcVgzNnF6c24xZnpBMGlyQldKUldvLXBzanU5TEpKUlViaWF2MVcxY21saW5RMGZfTUFiZmQ0b0dEdTFFUG5TNHlSWnNOV3hLWFR2eVB3UHVtcmtWTWxrMzdoVjNtSml6MTJCbFVrd2JRLVJ5clNZVTQ2b25pWkI1S3NUS2QwcmFvVmFkMGhkT3ZsUVYyNVA1bHUxT0RpSlo2ajRISzY2V0hWbzdzNWRVT01aVGJROUN0dFllNGU2Y1JFUHhSUnZiNWpZenBZcS03VDdSSXhGcUhHdTYyQ3VkTTROR2pLQk5TeDFrVWtWLVpYamVTaU45M1RYUU9sVElCYnptbkVrNnlsLUlGSkZYMTVuV05YX1NjUkdyeXloSk0xUWdMRW9sN3U3QmZiMGVuZjMtVmhOVm96T0lYZjh4Q0dvbUlHdFJqNzh2ZGs5b1E3d0NVRGRLQ09IdWt2LVFCNmc?oc=5,2025-05-06 08:00:00,星島頭條,HK,HK
工信部：近期已啓動第二階段6G技術試驗，AI已滲透領航級智能工廠70%以上業務場景 - 富途牛牛,https://news.google.com/rss/articles/CBMirwFBVV95cUxQNVlDdm1DbFlKd0ZuSHJmUERBRGZxbHhvRG10YW5GTld5Q3N4UFIwbUM2THJaMWNXWlE1YktMZm1jME5MOEJmUkI2VnBzNmJ4TEc3NG9mbktNZklUZnNIRlZlSjlfYUtUZkFXNkVIYUJpdEZIM2tNUzR5SFE3V0lEMFVzUVZrTXJIMDRwTlFHMXBhVE9IYVlpSzhtTGRzNW9qWjIxNFZMbkJ1THo0X1hJ?oc=5,2026-01-20 08:00:00,富途牛牛,HK,HK
丘應樺：正全力營造有利環境為6G時代做好準備- 香港 - 香港文匯網 - 香港文匯網,https://news.google.com/rss/articles/CBMid0FVX3lxTFBfSVdsMHpQRnNDUHpjRGk5Z0plTVRUQURreEh0TUZlZS01MXlaNDJZTnlVV19yY1RYajZKTktheDM4a3RHMWZ3TFVVQXJZYXdidEdxNmwzNVpiaUVHSXJkaXQ0Q0JCNXp3LTdlTEJ0QkFvME9pNmc0?oc=5,2025-05-08 08:00:00,香港文匯網,HK,HK
CMHK展示全球首個6G京港裸眼3D與AI智能體通信 - IT PRO Magazine,https://news.google.com/rss/articles/CBMiUEFVX3lxTE1ZWWtUakNaMnd6V0E1VllSQUtDRE5TZ2pzNVB0Ry1Id2tkeDh2VHUyVnc2bnp1ZkFhamlUR0Z4STJkV2kySjQ5SDV6cmNFQ2I4?oc=5,2025-09-06 08:00:00,IT PRO Magazine,HK,HK
工信部：加強6G與工業融合研究 - 聯合新聞網,https://news.google.com/rss/articles/CBMiUEFVX3lxTFBOOUZmVWdxM0NUMXhHLUp3UWxZdG96aGVzRmNMUVpRU0ZhaGtzX01jTmlKYkRrRmJ1c1puWUxaMjNTZVRSMVZIc0NuUzhGY01P0gFWQVVfeXFMUG1NRWlwZ1h5clB4UWlhYmR0MTE5MnRoWWdoYzlfQU9QLXp0Q0hxMjljMXBEa2E3ZXJsOWhYdEU0SE1abGR6Rm9Xa0FBeTVxdXFIMlctOHc?oc=5,2025-11-25 08:00:00,聯合新聞網,HK,HK
6G全球高峰會鞏固港優勢 - 信報網站,https://news.google.com/rss/articles/CBMiqgJBVV95cUxPU2Rja2JnVC1TSjEzTDlkUEhlU1I3SUtWaEE4UnlZcmFLN01XUFh5Qk5sN2hzejlwblR0MVFPU0Y1QURfdmp6ZExVY2lFenE5NTlVN0gtWHBkSlBtdjhNSXhjNHBxZDZEdU1oYkhWc25UNUZ6VXN2SDdTamowVmhVWDR1Nl84em5iQS1FZjlTSFJGQWxqZFZoWXY4TDRleldzenduLWlBRTUwWlBFS0YtVUlBaUNkd2hicS1lMmdHRDgwRnFBZHNNdExyX3lmbVlDdkhyOE5JU0pTcWtKaklrRHFmdXZkbEtIbm5uMGI0ZlpaMW5rNGIwVXRCYXBpbnMyR0otNUZmMEdNN3FfMXQ4WEJ0RWNIRnVuYVVNRzNLN1gxdm1zQzVlOTJn?oc=5,2025-05-23 08:00:00,信報網站,HK,HK
中國6G技術植入AI算法帶來新突破 - 經濟日報,https://news.google.com/rss/articles/CBMiWkFVX3lxTE9sQWlndVB5WkRvalZ3M3Yxbnp0Yllmei03dG5TSUVWeExFTEdQd1FvTUhRMDNwa3VZZXliYlUwZDgzRExxbVMyR2s0TWdYdnprc3pvU0pOR25Qd9IBX0FVX3lxTE11MHpFUXNTV0VMLTBMM2pWVkNubkE0bml0endPX0xEWWVaSy1JWDNxTEdkZkdnWUZ0WURTcDR2SHlTdDZiTWpnbmVnRVRrVGFBUWVOTWI4ZEJ4Z2o2WHh3?oc=5,2025-08-28 08:00:00,經濟日報,HK,HK
亞太區首屆 6G 全球高峰會 圓滿閉幕成果豐碩 全球專家匯聚 探討下一代通訊技術未來發展 - 星島頭條,https://news.google.com/rss/articles/CBMiowRBVV95cUxOMmJySHE1dDZlS2dJeE5JM0pHbENUSnBOeC1JSElEREVTWFRSMnRxUkFlWVlkajZCcm5hbWJxbkVCUklfM0hLRUg0eWE4eWZtcVFhZjNabXNSNlgyY3R4cUNyVDFQaUktOFRHWTZLRXJlZnljMXRkR3VmUGtqenpPUFlBa3RXMXI3VVBiWTRLMksyWTY0b0JOR0tkeVRkbmcwdjBjb0F2WlZtMThVTmxudU5PdlQwaVZHb2RnWW1CMFNIalBoNDcybHQzemFJcDJORUJTNkd6U3JfcHBqVVlteGtVcTJuMG81bWxGUmcweHhLVDJ1Qzlpakw2eGpGYmNBSEJ0TWhmVWdQRGdkSTczb3UzU2hWYVZ5TXA0LWZFREwtS0dWUlFKRkYzczdpRUw1a1drUVBZQlI0Z3R0dEtTeEJJcjBuYlVCcjNSZ2lvNVN4bUY0eDVIU1hqbnBWTUwyemNCTFNQTHN6VGNqNVdGcmN6R2Y5M3h2LTJJT2x4RTlyS2ctNG15cjhRRlRxc3NVblpuZm5jQnMyWFIxa29ZM2pIUi1DbjRKNDhXem93VF9XakVfY0dCWU5uZzA5WFRTTWZpWDl6cjZ2NTg3NlVXakhBM1NOdXk5X2VZMlFhYncyQXNvSlI4UU9xUDZobFZqNjJfRzV3eXpOVllEdkt0Rm5PMjJMdHhRN2t0cFhfVV9SeHR3SmNEblcyeEtacDdFR1VV?oc=5,2025-05-19 08:00:00,星島頭條,HK,HK
亞太區首屆6G全球高峰會在港舉辦探討通訊技術未來發展- 港聞 - dotdotnews,https://news.google.com/rss/articles/CBMid0FVX3lxTE02aWhLMHRoWjNVMG82SUNKcjdFRnN2eE10b2M2T3J2MExuQUpSTWN1LWVCbXRKMV8tODJHZ1VkX0k3Q00xNXlRSzQteTdtcFRnOXNFbExDMXNtejM4aW5qVDdpTFB1VHBQLWppTGlycGdpdEdGZ0N3?oc=5,2025-05-08 08:00:00,dotdotnews,HK,HK
From 5G to 6G: how AI is shaping Vietnam’s path to digital leadership - Vietnam Investment Review - VIR,https://news.google.com/rss/articles/CBMiqAFBVV95cUxQWUJlWm13eFBtQVZnZWxWRG94dUJubFk2TmR6NjVOb0RBQjZMTFlfNDBXZEV4NVQ5MXpyamdycnJvMUJQXzU2SFdqQjhOeHJoX3ljbnMxUGdoaFBpbUtackc3VVdNZ2xkMXdPdDJzcTQwM2V1YjZNWk90b3IzMWU4ZW5YdVRmaG5UZHFXUzl3VXZ1VktBUWpINnRFSWYxaEFlRkM2VEp1Mk4?oc=5,2026-02-13 03:59:21,Vietnam Investment Review - VIR,Singapore,SG
Shanghai's 6G hub: Where innovation takes shape for future - People's Daily Online,https://news.google.com/rss/articles/CBMiZEFVX3lxTE5hM204M180RWJWTGdTZ212MmJVWFc3ZmJRQXpUa0MwYVN5RUN2Z3BYek85UmdFZkpJNnFMWkM1alF5WmNlNURSM1NOUVkzUXNSOXlYczBFUFdsNUc4eS00TC04UWg?oc=5,2026-02-12 07:32:00,People's Daily Online,Singapore,SG
"Anritsu Launches New RF Hardware Option, Supporting 6G FR3 - ELE Times",https://news.google.com/rss/articles/CBMiiAFBVV95cUxQM2Uybkw4QnpGUk9fRlUzaHpqNzZqRm1zb0E1VnNTejFlRW9YbXhRTW5MQW92UkV4bjA1UmF1VUlYXzlib2RTS1ZsMkZpU1dPUHlxbmxjQ2lNak51NWlrbXZMX2VZbC1jU1p0aWVwdVcyMXJSOFFJRHhod3NvT3JXYUNKbVpIeFI1?oc=5,2026-02-11 07:27:34,ELE Times,Singapore,SG
Chinese 6G smart surface could allow stealth jets to use radar as a power source - South China Morning Post,https://news.google.com/rss/articles/CBMiyAFBVV95cUxQbDg1UnRianh3QTZUZnZsUVdSdDgwdjN5SUREcXZrNG5CYmo3WWpreDVQQVQyQV85Q1RZTzE1Yk14TEJZOEZJY0llV3BTbXlfbVFOaGp2MkVISEFvTWlXM00zZ2tURDBRNFRyMVFVWG1tTlhLcGkwN19PY2FmZ3dRYkRuZ3NYZ3Z5dU00dTBIaWhWeGg3TDlCSnpWNzJUM25pZVdqOThtMHVDRzhfWUlnYmtWbWMyOU42T1JyaXQxS2RoQ09ZZlp0UdIByAFBVV95cUxNVjdGN1FrUkdVRTQtaDl0TmR6S3gzejBqbXlMOWRzZmZUY3hiV1lmR1F5YUl3c0dBZVhtdDRENDc5bl84ZkRGZzRaWjBMeU9GSWpoaFZkcHoxY3hXS2I0RnQ2ZGM5Sm52VlVoVzFBU2x1MVFkaGstMWZyVkZCT01GRTZjVU5DZldxWlpoUUtLQ05qejM0MndUVnF1aXNLdFJRejR1d0lVRXQ5YWpqX3ZUQzdPWnVRaXI1c2hlLXBCZ19SR1Ryb3RxVw?oc=5,2025-12-28 08:00:00,South China Morning Post,Singapore,SG
"China completes first phase of 6G technology trials, defining main technical directions: ministry - Global Times",https://news.google.com/rss/articles/CBMiYkFVX3lxTFAzak9xb244djRJQ1lMcUxUNV84LUlOTGRDVHpQYjF3RU40Y0VFYTFfdXpDQVR0bjBmS19wUm9SMGxSWE1VM1I2YWxDaklteWFjSUktcjRKYjNXUklkR2JxWWRB?oc=5,2025-11-13 08:00:00,Global Times,Singapore,SG
BRIN develops antennas for 6G communication network technology - ANTARA News,https://news.google.com/rss/articles/CBMiogFBVV95cUxOUWV2LXBqZzdBY085TlMtcjdIbUFNNm9ZbEliMnZJcFBJbDlPYUhfTk1TVlRvV3F6QjVJd2dvd3dDN2Y3VUF4djN5Y2lzSVVlMnlhbWlpMEY3Y1hYamxFREVJZmxvc25qajd5empib2NiU2VqV0RGbHY1QnJ5NHhvbklOcU1MZ1lVZ2JfNkhnTVQxemloV3paSTg4TTk1WmF3UnfSAacBQVVfeXFMUG9aSGZPZU5OOUMxdVE1ZUtXQjZNM21GaURJcWtKeGJWR0VkTXBGRE9oUWk5S3FkOWtvcjV6Y015WjBRelJ6eXRqd3VHUzdTZ093bGRpdWQ0bUV6bldGeGNNQjk0Uk00Ui0zeVh2R2M1NnJmQmQ2eWFPRG5UbGdjeHpoMU1sZVBJS3MzbXdtLUpTRmQ2eGdwT0FXUzYweGgtM2d0cWhvYlE?oc=5,2026-02-13 06:15:19,ANTARA News,Singapore,SG
What is 6G? Overview of 6G Networks & Technology - TechTarget,https://news.google.com/rss/articles/CBMiaEFVX3lxTFBDYTBfaC1PNHMxR204Y25QZWNPRXNQQ1NqSGxodDljMWZxQldwSzBEaHlhMU5aR1h5eE93SUYzYUdKdmlSbGFfM0FXdW93NWRuMXM0eGhqMDdidDN3dnpyTzJQeUJ4cHl2?oc=5,2025-11-21 08:00:00,TechTarget,Singapore,SG
Topological antenna could pave the way for 6G networks - Phys.org,https://news.google.com/rss/articles/CBMie0FVX3lxTE1tVnlvbk5kUzRLcEtBd054VkJuSEkxalA4ZTRsdURCUmtYemtfNFBzQTRQOWlMblYzd245eElkdndhVHZhU2p5bERpZzdDVGVaWk9KakFGN2phMXdob0NfbWZXSDQ1VjVqdXgxbmVnQ1ZSamczOVNqR05vQQ?oc=5,2026-02-08 18:40:01,Phys.org,Singapore,SG
Opinion: The size of the 6G wave - Fierce Network,https://news.google.com/rss/articles/CBMibEFVX3lxTE9qMkUxU1hsVlhhbHhBYkw5dEJSaWVOTFlHVkIxR0NuM3M5UGVVRzBSd25HUEtRNWlXQnVQNUM1cFZNR1Zac3BWY3VZd0N0Sy02RkVlZ29KWGpHYnlvX1VlVWo1c0hFU3BLZ0lhVQ?oc=5,2026-02-10 15:44:13,Fierce Network,Singapore,SG
China completes first phase of 6G technology trials - China Daily Global,https://news.google.com/rss/articles/CBMiggFBVV95cUxNVG1iMk1XVnR0S0doQ09HVnlHa2U0VkE0N2NWLV95WFRqREJZb2pGQXpjVTkwZUIxWGtZdFlMT05lZXYteWxySVdIbW5aM0pjcmlZc0NQX3JjeF93YmZ4NzV2dFFFSVJUWlVQOVRjeUZHdm90R0ZaZ2dJb2ZjbEpJckFB?oc=5,2026-01-21 03:39:00,China Daily Global,Singapore,SG
Networks in 6G era - Fujitsu Global,https://news.google.com/rss/articles/CBMiZkFVX3lxTE5rLVJUZmh6TXd5V1VGX19lZGlFUlAtYU9pLVJWU2lBdzVyRWtYNFpzSV90R3lfbUt5VkJfV2RFSmhPUko1M1UtTjZZTXFaY05FbmtLTVpCaTNkQUtvUG5mQUlEemZfUQ?oc=5,2025-12-18 15:18:20,Fujitsu Global,Singapore,SG
6G network: the next leap in enterprise connectivity - Singtel,https://news.google.com/rss/articles/CBMimAFBVV95cUxOdlR0N2RBa2hJNlpENThIU2o5U0pXa3I4MGtJTTlGMnNkZ3IxbWo1U0MwY09mVVJPZmxBaENPSm1lTWJvdmxMTU5DY3FRY3UydG93MmVmSHZ0NGxJTkZlekZCR3RNelJ4amNDMkw5bGZvX2RhMHUtYi11VEdCdG5lRkk5TVJRWi1xcHNmSEFZRmRiVHNYbUhUaA?oc=5,2025-03-25 07:00:00,Singtel,Singapore,SG
Spin-wave band-pass filters for 6G communication - Nature,https://news.google.com/rss/articles/CBMiX0FVX3lxTE1CR0oyM2RLOWR3SVlVT1BtY0dKMWk2N1RfSjl3ZUZfQUNfdFlQV216TE9kUV9zMkpZNXZGV1NfZlQ0Z2o4Q3BCSURvMHBhYnpvYUVPZGdGZm5wXzJLenFj?oc=5,2026-02-04 17:03:45,Nature,Singapore,SG
"It's time to think about 6G – yes, really - Light Reading",https://news.google.com/rss/articles/CBMiekFVX3lxTFBoYktEbGw0VkgxSHBLQlZ0dWp1eTVOSWNwV0J5UzNxZ2tTUS1pN1pwNU9vZ2Z1enYwUmhoWFVteHZ6U2NxNUVCUVk4VW1FTGp2bkZzUUQ5ZWxQQ0VCV1NlS2RPaGhYWjAzcHRUdldSSm9qbkp3QVprSkln?oc=5,2026-01-26 08:00:00,Light Reading,Singapore,SG
Samsung and SK Telecom Join Forces To Lead 6G Era With AI-RAN Technology - samsung.com,https://news.google.com/rss/articles/CBMipwFBVV95cUxNdzhCWjR6a0t4M2tUTXVOUWhudkhkQWVnR2Y5YU9vdFNTWUtKTlpYS2F1TXNVQzFhU1BNMkstdjRrN21hMm1KR1NzbnV0Rm15OWpTRW14clhwZDBjR2w5SnBGMEJtZU4tOVM0TVVWQ3pmN1lsdWVzUXlPSmpnM3M2OFhHRzNMajk5ZjY2VU01MXRiOTFXaVNlSGlpZDVZN1lJNlhVTm9uYw?oc=5,2025-11-26 08:00:00,samsung.com,Singapore,SG
How cautious or excited should we be about 6G? - iTnews Asia,https://news.google.com/rss/articles/CBMiiAFBVV95cUxOTkpDVTRsZlQ0QXhxVFcxQTIxNDAwZV85M0FZLWY1TExyeERQTXJmSU9JMmpHZGRWZ2dia3lCcm5GNl9FX2NScU1sNUdIMkxqUnRsdTk0MDNsX21JTkI5TW81SGZLVm9BMWhKRjlXWmFFR3pVZHhGMklZQTJkNGJPVDZsdHE2al9P?oc=5,2025-05-19 08:00:00,iTnews Asia,Singapore,SG
Spectrum decisions shaping the road to 6G - Nokia,https://news.google.com/rss/articles/CBMieEFVX3lxTE9UNzIzZ1lVc2IyMUIyYWh5d0JmMEFUYms1a3ZqY19kVFlTR1lIYk8tQkxlMkthYml2ZlZCQlFscEJKQUxtN1NoLTBZNm4zWlJYQWxlb1hNQmItd201R3BsTGVzZ0xJMjBUVGpqVmhBZ3FDcWZjeGo4eA?oc=5,2026-01-16 08:00:00,Nokia,Singapore,SG
"China’s 6G R&D completes first-stage trials, launches second phase: official - Global Times",https://news.google.com/rss/articles/CBMiYkFVX3lxTE1qcnVJQnFsSlpueGk5QmJoMnhjMVVPRU9vSnJ6QXRKR2ZnMGdHSFlGa29jaXppVTVfNEItcDVtZk9JYkFfV2NLOVl4Q3h4X0VJWS1SVng1WHFaTHh5WlI5Njh3?oc=5,2026-01-21 08:00:00,Global Times,Singapore,SG
"China completes initial 6G tech trials, amassing over 300 key technologies - China Daily",https://news.google.com/rss/articles/CBMifkFVX3lxTE9kOFA2c0xhUDhXdHZicVItOGctTmk3dHVtVjh1RGdNeUEtbGFMTDZoOS1IaDJQWnZCRkg0Mm5OX20wTE1HbHFPMWFHR29fQzBnNnMtSzZyWlprX3M1U2hYSUhNdmQxVTlkVWhoRld6YV9kdmdEdTdwYm5MWEZIQQ?oc=5,2025-11-13 08:00:00,China Daily,Singapore,SG
Cone of light: Notre Dame team develops a new terahertz antenna for 6G - Fierce Network,https://news.google.com/rss/articles/CBMiogFBVV95cUxQYjZodEc4UURSYlZ0ckNPaFNyWXU1WG12di11SUg4dU1yUHBpSDZKVjFGeVdRc2U0dWY2WV9xajc5ZDBubGhEMXNEWk1oa2syeXpJQlVuSnRiQ1VGbmFWTnpVaUw0TFlfQmF4VnlSeWJqeWEybDlhYXhxMkFncWdVdjl1ZnQ3QWZuckZWWkVmXzhQNjdiNGhvS0VXYzBLQ0V5WlE?oc=5,2026-02-13 20:50:00,Fierce Network,Singapore,SG
"6G Market 2026-2036: Technology, Trends, Forecasts, Players - IDTechEx",https://news.google.com/rss/articles/CBMiakFVX3lxTE5FbFkwTjlpcl9KT1EtcU54RWp5OXJIaGJPV2tkNmhmSzJ2OVVMRDZTTVZ3eDkzLUJsVlZsZmtIX1I4dThNcWJ3UF85ZGowUGlNWHhSYWpEQmFNeVZFOHNKb3gxdWwxa2thM0E?oc=5,2025-10-06 10:46:02,IDTechEx,Singapore,SG
Nokia Bell Labs and KDDI Research unite to drive innovation in 6G energy efficiency and network resiliency - Nokia,https://news.google.com/rss/articles/CBMi1AFBVV95cUxQTUl0ZU5IWGtabmxZbnBYaER2WEp4c2ZJYTVaejRXV1R0MTUtYVdCc0lWZzBJUGN1RnBYQ21jUkl3amhZVTRHWlliSjFyRUN4YXNIbmduUzJVNU1nMHlSUmUzVGR5bHhTVzlXV2FXRzdtSW8xNU5rOGQ4eXY5V0htMFIwcV82TDFKTWFTYU41NEljR3JrQk1VUTJwa0E2SGpBdFAwYVZPejgzMEpwOEFfZEkzdXBJOWhMZTJTUnl2cFk2d2JVTWIxaVBUd3FYaU9MZk15Vg?oc=5,2025-11-06 08:00:00,Nokia,Singapore,SG
Protecting every carriage of the 6G train - Nokia,https://news.google.com/rss/articles/CBMieEFVX3lxTE53cDVlYzNiVFpRbGdHMUZMTGFkTU11dDV1ZUFlYXdRMnhROVJnclNOdmYyOXBQX01CSTc3WE90QlhaaDNVcUg5eHBaamE1dnBSNnhlNDlFX3daeV9wbUVvQ1JIZURscHJhUk9IWHJMU3FJVnNVc005VA?oc=5,2025-09-01 08:00:00,Nokia,Singapore,SG
BRIN Develops Microstrip Antenna for 6G Technology in Mobile Phones - VOI.id,https://news.google.com/rss/articles/CBMiS0FVX3lxTE9ueUJoNFlVczdYRmliRl9CejRhZnREU2dMZ2JibTBMY0FTODRzVEpzbEFQQ2RzYjB2VF9mVC15SERjZHJLMDZ0UXBUONIBQkFVX3lxTE5VUjk1aHB6enZ5eHpKdjNaOGtSLWVlNl9sZ211bXNfWF9WRndVY1R4MlR2cEM2Ml9vVzNLYmRUMDRhUQ?oc=5,2026-02-13 10:41:27,VOI.id,Singapore,SG
6G: The time for global alignment is now! - Innovation News Network,https://news.google.com/rss/articles/CBMijAFBVV95cUxPQW94d3hTSUlDQkl0WTNHazdscEZ0R3BfMXQwRl9GUjVPcXNYN3RpNmxYQ1JIVlNlbEltLWNwSmlzU3RwNVF5ZDhkQkJYVmNCa2s3Z3NueDV2bDdSVmhua3RpN3VJTmNTaVlxSk5CbjNIWmtITmVtZGhjak5NV1lpXzBVSDZ5X3NYSktENw?oc=5,2025-12-01 15:29:55,Innovation News Network,Singapore,SG
China unveils world’s first ‘all-frequency’ 6G chip capable of 100Gbps speeds - South China Morning Post,https://news.google.com/rss/articles/CBMiogFBVV95cUxPMEVjb2VjQ2VMMkZpWEtJWWdkY2k0OThJeC1aaUNXcXFXczFFcFA5MW4taDJwUW5kd01PTllZWGFCY2JPSzZGZlF6ZjdPM3FaM2ZZbWZoaUhfQVVSYk11RGEtWTh0bmdiT19vT0trZ3l0RzNWd3YzcU1JcEtVVjV2c2gtX0tnY3UteHgxVVlaTHJQWjQtZDJjaERwaTVwWng3bVHSAaIBQVVfeXFMUG50Q1lmZFhXZXBycGRFTEl0d1BrNzRHeUNjLUtVRTNWTFFtbVp1WnlvaVRhRnlRZnpZN2czZEtONkNQWnA2dXkteFlXTFZVdWd0NWFCa2tXcHA3ZmE5ckdkUkxKc3ZEZDZUa09pOHlWVEt5eWpaVWhzMVpPaURGcjBDMVZ5Y3djQlRHZ2xBbGpqT21kcWZpRHVDSnNTNkRVemxB?oc=5,2025-08-29 08:00:00,South China Morning Post,Singapore,SG
Chip-Based Radar Boosts Next-Gen Wireless Networks - Mirage News,https://news.google.com/rss/articles/CBMigwFBVV95cUxNRTJkRWE4M1RpWGcxY1VmblVjWGZQaWlxaDhnNmhhbDNSUGttTmFpck1TX09YOUFCbFg3NFdoY3ZZQzRsQTVSVnlCZHJTRnNtVkxMd2xnOUktMnBuOHlwSTN4aUtMcVlRTV9neWppeE5tX3R5ZHZDcEg2aGsxT040bjJVQQ?oc=5,2026-02-14 01:02:00,Mirage News,Singapore,SG
What will 6G Bring to the World of Telecoms? - IDTechEx,https://news.google.com/rss/articles/CBMimgFBVV95cUxQazh5ckJqdFNTMGZlcXgtamJ3ZHNldGFTLWsxSmhrN1dlUzIwLUl1d1NNMWVlb3k0Um1ES3NveVFpRWRuTU5iYUx4azNjVlZCZE5GTDB5RzdrejEwcTVxWHNnTFNobVd4dm90WmlJVG1XX2QwQzREeS1hZXA5WlJUN19yd1lUSXV6ang4b0o1VF82U2F5d0l5Q1JB?oc=5,2025-10-22 08:00:00,IDTechEx,Singapore,SG
Ericsson launches 5G router for better vehicle connectivity - Telecoms,https://news.google.com/rss/articles/CBMilAFBVV95cUxQRDlMWWNwV0Vza3pzMFlJdzN3ZG1WMmFlbnN2UzRjUlAxeEdtNmRTUFNtdGhHRXlRT1ZycGJfdksybzBwOG5Dc19pWklLaU9IbjlDNVdNN3p6VUFXYlFCc2ZQSEUwZEtQZjlkREpnbEZtODhwbnNXdUpLR0FxWDc1a2JQMnhjV0l2d0FGZlc5RGd5ZWJB?oc=5,2026-02-12 16:30:18,Telecoms,Singapore,SG
Bio-hybrid 6G networks with synthetic biology-enabled base stations for energy-autonomous telecommunications - Nature,https://news.google.com/rss/articles/CBMiX0FVX3lxTE0wT3VwWU1NYUc3NVREZlZxRGZaekVXQWVFcm1FcURWcUx4eW85R3hfMy1mckF0dXJEalc4NEo4SGJ4U1VfM29tX0VuLWoxVTJmQUotREN0ck9Qbms0WTFF?oc=5,2025-12-15 08:00:00,Nature,Singapore,SG
A look inside China's 6G development engine - Light Reading,https://news.google.com/rss/articles/CBMigAFBVV95cUxOczBjTFdESzJtaUVkakRmZi0xUGVpaWljN00tbjYyTWlVOFJfOVczT19DaFpJRzEyN0ZqV0J3eUw3eUhLSDNCRkg4Umk0N0lPdnEtSkpMSUo5RlRONGdrQlBQYlRWS0M5eC1hNU80MkgwZHpJQWhUODg5a0QwaGpvcA?oc=5,2025-11-19 08:00:00,Light Reading,Singapore,SG
Chinese scientists make breakthrough in ultra-wideband photonic-electronic 6G communication - China Daily,https://news.google.com/rss/articles/CBMifkFVX3lxTE5HejhzekhWRXdFTE9nTXpGeW54Y1VQZ3RzUTVid3Rib0xIZDd0R0pDZjQ5b0FKZFA4QmZXa2lndXFBUXNTbG15VUJ5YjRkQ1VxN25KX0lwMXBkOFg5LW5ZYjY1bVl5cGt1VlhoMW5pYnp2YUtKUFNqWkxtQWszUQ?oc=5,2025-08-29 08:00:00,China Daily,Singapore,SG
"Looking ahead: Ready or not, here comes 6G - Light Reading",https://news.google.com/rss/articles/CBMifEFVX3lxTFBoN2tQMFJvZ1BKSEpkNnpRRUFpY2tiYzZWT253dDhyNG9YNnc4QU1TWURvQUp2dWhNTkd2ZGN3LWVRaFYxQmRPQzVrZGJmNTFaaHY3YmdJdHc4VzJMTzFRT2JpYUFLYUo5T0JyRktKV2JiZk84WkQ4UVp3SEE?oc=5,2026-01-02 08:00:00,Light Reading,Singapore,SG
China launches 'second phase' of 6G trials for a standard that doesn't exist - SDxCentral,https://news.google.com/rss/articles/CBMiqgFBVV95cUxPMjdvVUIwS2NMbFlXRG9IYlVaZmZKSVRmQVhxMW5za09VRUxyeENleVVIR0hpNjMzc09GbEtQdTcyTURDb0FRMDJycHBLMWtyNUVkNC1sT2l2eElDQ1cyOXdKYlROZHlhYVBHSUJmaDF4Z1BBd0ZCR01MN3k5bFVKSjl4MUlfYVNTOEVRQkdWWVNFU0VpcmpUVGtlMVpiV0dlY015RmxVSEI5UQ?oc=5,2026-01-21 08:00:00,SDxCentral,Singapore,SG
"Despite the hype, 6G’s AI impact remains uncertain - RCR Wireless News",https://news.google.com/rss/articles/CBMiY0FVX3lxTE1tM3VscWJGQXRSMDhILUR4ZG82dy12Z3U3WHRYWHpfYU9VZTFmb3o5UlRGdW44UVhVSENmVGdRb0ZNbXVTQmwtTlRTb2lEczBadVlFRF9SVkZZckNGT3FVTmdwOA?oc=5,2025-12-17 08:00:00,RCR Wireless News,Singapore,SG
Vodafone's world-first 6GHz spectrum test positions Europe to lead in advanced 5G and 6G - Vodafone,https://news.google.com/rss/articles/CBMi0wFBVV95cUxPR1o2cUtKU3ZRd1FNOGgwVjJ5NjctSmVvcjQ4QVNyNkQwX0JGaDA5cXFRLVNiTlJ0MkxJeGVsX1ZLcTVpNUxXczBCbWFudXNsSTl5NmEtdFpYUllUTlp4b2VxOFdTaFRHM0dSSGtVZm1KcU9ZYXJXNnc4UkFzT3FGVk40RHAwVjBWekE2c3V0OFhBM2RjUkV2QnNvWXVZMUZjdm9HY2lkR1MxSFg4TVNlODQ1cEZvZWdPRkhzYjBPLXd5bGlxR0RVRUJzODB1SmJvZ1hz?oc=5,2025-10-13 08:00:00,Vodafone,Singapore,SG
"What’s up with… Private networks, 6G-XR, UK altnet M&A - telecomtv.com",https://news.google.com/rss/articles/CBMirgFBVV95cUxNX0RRbzMtWGVDc2dqamhuVnlpejcyXzZleTVMVGZDbVNPaHBCMnh5M3M0NG1yNURuMjV0MzZMMl9OUEVFZnVaQUxwdkh6aVo4NXVMUzhaT0hTQ3dfLVVLM2hFVUwzWnJXenJ6UHVIMm05Vm9TWGpGZWpGMC1wOFhUVHR1ZWItcDNnaTBhWWtDZFA0NmJxS0otNkxac214V0xoSmlzQ0pWQU90OC1VMHfSAbMBQVVfeXFMUGRtVVhZOVFEcWtqc0V0SW4yeGp4S1Zoem1aRWlNZ1VwRGw0RkhIcTZuRHVfdkFWb2t5SWhsUXVjWlIxbEtXSndsazMyaFdFbWp5ZlExVVdGeVYzYWhmLXNiMTRhcDlSc01LclE4dzRQcmxJSnVLZURla2JldWxaeUFJWFhwb05lcm9lZzJSd2JkS3A0RVhfZFdCQ2dFcnlvQllZNDhZbmRseGYzTnNmMWtfOXc?oc=5,2025-12-16 08:00:00,telecomtv.com,Singapore,SG
Ultra-Fast 6G Wireless One Step Closer with Breakthrough Terahertz Technology | Newswise - Newswise,https://news.google.com/rss/articles/CBMisAFBVV95cUxNSTNGdFVaSlVhcXdQcnRNaTFCTXJtNm9oNHJxTzdnR2g3TE52dGNPQThkS2syZkpUTUpNRW9zelVINGZlS0Y1b1R2V0FNYWZvRjdGdlJNNFFid3FXVDFfbDdXeElSNWRVWkVTTnhyVzh4MUVNNGlxWE43Qk9PVFR0Z0k3d09naW5vSlZKZ2NuOWpjNHYxYWV1T1lUQTZJd0o3WlUwNDI1X2U5cmxHdmg2dNIBsAFBVV95cUxNSTNGdFVaSlVhcXdQcnRNaTFCTXJtNm9oNHJxTzdnR2g3TE52dGNPQThkS2syZkpUTUpNRW9zelVINGZlS0Y1b1R2V0FNYWZvRjdGdlJNNFFid3FXVDFfbDdXeElSNWRVWkVTTnhyVzh4MUVNNGlxWE43Qk9PVFR0Z0k3d09naW5vSlZKZ2NuOWpjNHYxYWV1T1lUQTZJd0o3WlUwNDI1X2U5cmxHdmg2dA?oc=5,2026-01-29 02:10:00,Newswise,Singapore,SG
Large language models in 6G from standard to on-device networks - Nature,https://news.google.com/rss/articles/CBMiX0FVX3lxTE11S2F2VDlJYmVnSlJWbXN3eVk0WTFDVDEzZExCVGYzUjRadllqNmQzZDQyYUpuMjNObWkzdXhZcmd0VUw0a3VPZ0JHRU1RVFVjQkRCV0xZamdPcTNIVjZr?oc=5,2026-01-06 08:00:00,Nature,Singapore,SG
6G networks predicted to need 3x spectrum to meet surging data demands - Computer Weekly,https://news.google.com/rss/articles/CBMitwFBVV95cUxNN0FqdkdOWTFPLVBWaU9TeUJ6aXpNZkdlYWVhUWVrN1dCN2otY0dFaGwtZklLdkhodFdQYkZJUE9jMG82aWFpMGMzVjNCcFI3VEZGOVRYZ0VWaFhYS0dXNmlLOFhNV3pHb3F2Z2JYVVZZU3E2ak1QakVfWlBwYUg3SVhqZTdhYnUyWnRTRnVzczVJRmt0cjhvdWtyV0JrMVV4a3V4cmp5RWlxX0M2WnNKYUhRT05JUGM?oc=5,2025-11-24 08:00:00,Computer Weekly,Singapore,SG
Building profitable AI-native networks from 5G-Advanced to 6G - telecomtv.com,https://news.google.com/rss/articles/CBMihgFBVV95cUxPX3FIZnEwRzB5Zmdja1RaRVRSVmVIQVQtVFByVXNwZlNnVkRJNnZGREk4VmthcGpMYnZoWm14dzlDZGc3emxvdDZkVDFmZjl3bEk4ZkxfdmMtQUZwWm44azdEeTVFbXh4OHJjYnBBXzFkNG4yTUg0bVNjRk8zZkZ0WllVMlF0Zw?oc=5,2026-01-28 09:26:09,telecomtv.com,Singapore,SG
"China tests 6G tech featuring better connection, high-precision target sensing - news.cgtn.com",https://news.google.com/rss/articles/CBMiwgFBVV95cUxOYzNFUlJGNDdyUEc3YVpueEZ6X2NSWkdSQ2tubXFjSld2MkhRSktxdnVBZVl5a3U4d3hVQnFBM0ljQmg4VFU0b3g1RWZZRTUwVDFWVFlndWg1UnFjRVJMZWZRR3ZzZ19PaVZUZ2hDZnBnQTF1WTZ4d3BSRTh0SEMyMXB3aGRSUGRTNzFNekZNclZ5WWRTUmp1RC1jU1JYNUM4elFrUzY4dUdrdmMyUkxXZ3BRRlVVb21pb1ZDOW9DSl91Z9IBzAFBVV95cUxNeXJtWGRxMlQ2dFA3YXdRakowRHI2Ym9wQ0FGaDk2OEtsQjI1VWdUTVVDSlhaRXZRQk1seXUwWDRVVFQ0eTJ2YXdoaGhCVXd6UjN0MmEyRXZRbE9lTGJFU004S0dLbFNpRVNNTGVuYzl6Q25sQlZQQ0FELWdxWnFxeTA4NFN6VnZyV1FyNlhOMlZMRHB0RFBfMUVIVVNPXzU5ZE41a01rOUk5Yk1WQ0NJbU54VkxMOUdrVWNwRDJkZUlVSUU1ZEFPTlVsM0Y?oc=5,2025-04-14 08:00:00,news.cgtn.com,Singapore,SG
What is 6G and why is China racing ahead of US and Europe with the technology? - South China Morning Post,https://news.google.com/rss/articles/CBMitgFBVV95cUxPTmszR2NnZjRZZzlBbmJYb1Y1Z1BYNUpwQzJ1WWZCbFU5TEotbHpmZ3dMVldhNl9LWW54Qk5nMFd2M1UxVmZjd2NWbkNNT2Y2UnpuLVhvVUJyZkJET3g3dElrNTdyaWdIQTYzd19fbzA3SmxmWWl1Z3FZNTNLeWNjXzV4ZzN6WFgxenZYVW9zOU1ZRnJHOUdodWZwME9jY3ppRFphVl9xRUQ0RUxBcE41Ukh3VlRhQdIBtgFBVV95cUxNa0VRcE9FTk1LRENYS1prUDNjaVJ4ZTJLUkpPR1JWbzA3NUtWNXd6Z20tSXA5TTlvdkd4dUtPOTlnVElEdEp6MFNoV2E0VWxrekVBMGJwNjFOeFo2cTFLLWUzOTNMTkh3YzNmXzZpU2VQM1h5cDFBRVhIcGlRd3RUeHQ1MHlzelBGZXFrY2tSeTVxQW5XOU04Njh1QTNPcS1PQ20zbUdvM3VvY043cTZ6clFzdzlKZw?oc=5,2025-03-24 07:00:00,South China Morning Post,Singapore,SG
"Nokia, Ericsson and Fraunhofer HHI join forces to drive 6G-era video coding standardization - Nokia",https://news.google.com/rss/articles/CBMivwFBVV95cUxQTVltUTUzLWVzdXp0ekdEQ3JWWmpjREhhbHRaeTIta192QllXczZPY0ZHdTRiaDNQRl9mTjhIVWJuSnB3S0haVUZqUnM1VHdHa25qbHlTbDZaSmpHYmc4aEJ0TC1wWHNXY1lPbjktblNHR1Nqb3hESER6MW44dWh4eExOM1VKTlVFRnhURjZadmJmUmowZkE4Q2pvOGhLcEVrcVZnLUFzS1dLWlRZR21oeFl5Y0RaUGUtM19QZ3FHRQ?oc=5,2025-10-27 07:00:00,Nokia,Singapore,SG
China’s 6G technology a ‘significant national security risk’ - AFR,https://news.google.com/rss/articles/CBMiwAFBVV95cUxOcEtkUnRBQ2VfVno4VFJmcVRMR1kzR05hd0NtZWplUmhGaklDYVhxZ0N0X0JtSmFCU1NxdHpGOTRvcjM2M1JiZTVReW1FcHNWT3BoV0FZaW9iWDctSmZmenhmb2hRU3dsWUJBQ1RWbjNpQWphQlZPTzFPV1hDcFh5eWhvNTVYRTVnNTNNTDVEbDlWQnFaS2xGTktCdlZic25PejNrZVJ3TEp1VDY3aTdtYnZVNnM1Y2hTY0J4S0hhT1Q?oc=5,2025-11-26 08:00:00,AFR,Singapore,SG
6G will put satellite connectivity in every smartphone and device - Nokia,https://news.google.com/rss/articles/CBMimAFBVV95cUxQbHFVZE1fTUR4NHpnZ1l6ZXV0X0NxdHdPQkdWSmw1SzczT0o5SFIyYlBmTi03cGtQZkZqcGhMTHpGVDI0S1ZBbFdpbHpSd0laNHk3U2dvb2FnbmgyanJtV0pGMzBkYjZqc3hvQ0lDa2lyaXpFS2ktdF9mQ2xIVmRoQko0RXdGcGwyN1NCN3EzUHVZTm9fZk1pXw?oc=5,2025-09-05 08:00:00,Nokia,Singapore,SG
How AI-Powered Wireless Networks Will Revitalize US Global Leadership in Communications - NVIDIA Blog,https://news.google.com/rss/articles/CBMiZkFVX3lxTE1uZWROTHcxQW1GMTFHSnJIRUtxcEdCUEpJU3FpMzlCR3ZSdUFoOElkeVVmT3hHdkpkSHFhQm9LdTYwaEoyclJrZ0dPV0lieTZ0YmZxUWFGRm5wdkFZLU9nQjBXQWdEQQ?oc=5,2025-10-08 08:00:00,NVIDIA Blog,Singapore,SG
6G just can't seem to get its story straight - Light Reading,https://news.google.com/rss/articles/CBMiggFBVV95cUxQM0dUakFlaGFBS19EV2VTYnNQUm52eDZNNVQ2aF9MaGkxbEhhSVpXR0lSZTZlMF8wc0VBUXdMOExYUmQ2M3BuQ3RGcGdzYmdfbGtxRFI4WmNRU01wR2xBMWRYNzdMWkVCbnRTNGRuMEozbDVBeVVMNE41YUl5UVp4X193?oc=5,2025-12-02 08:00:00,Light Reading,Singapore,SG
NVIDIA and US Telecom Leaders Unveil the All-American AI-RAN Stack to Accelerate the Path to 6G - NVIDIA Newsroom,https://news.google.com/rss/articles/CBMib0FVX3lxTE1ndHBBdlZrWjk1eW1nY3NMVXJZQmtBR19pRVhUVDh2dGVGYkg1WlZKaU9PVlNoNzMySWlpRDlrZUpnR1A4WHJFMjhNV1FlZ3VSVHgxQTZKdUhwRmJ4OEEwX1MtblNmT2t5OFFTREpXVQ?oc=5,2025-10-28 07:00:00,NVIDIA Newsroom,Singapore,SG
Ensure a robust AI-native 6G security posture - Nokia,https://news.google.com/rss/articles/CBMie0FVX3lxTE56alpjRFlfdGxuNjdWNURUbk1fVnZ1NGM5M3F3Uld1RnFqSERwZXBPaVFiNmxUcHM3TXRFWVBnaHdET3pBNEEtdXpVSXRveXhUSVBwaUJQYi1oSGszTnJiRVY4ZTNUTUxjTklNRnNhODVhY1l5V1FOWGFmbw?oc=5,2025-11-27 08:00:00,Nokia,Singapore,SG
"China to ramp up smarter manufacturing, promote innovation in premium 5G/6G components, high-end chips and more - Global Times",https://news.google.com/rss/articles/CBMiYkFVX3lxTE44eVhOUjJhNERFNTZRWGdxQ0tQYk1FUWVYOHFVTEJ6WnBlcnVyQXJyOU1QdWRyUlNTR2NyVXlSZEswWjdMQmNXZVE5aDk2di1tTzFCR0FnWVFkUlZyMTYtOGVn?oc=5,2025-09-04 08:00:00,Global Times,Singapore,SG
The new and exciting concepts that 6G will bring - Ericsson,https://news.google.com/rss/articles/CBMidEFVX3lxTE8tRmZrQUcta2J2UUZtdUJQV09PZjJ2ajRLR0xDTkc1OW5YeXczMUFsTzlyMEM5ZmphbHFMSjNOTzdyTF9mc0NMWW5pcVRoeHhNQndBRWxmekp4Vzc5cVBvV1pBb1pvS19lSGwtWEpJWHNXU0pQ?oc=5,2025-06-10 08:00:00,Ericsson,Singapore,SG
Energy-aware cluster head optimization and secure blockchain integration for heterogeneous 6G-enabled IoMT networks - Nature,https://news.google.com/rss/articles/CBMiX0FVX3lxTFB3dlNZMi05THZzcl9nOU5ySmc2X1doSHhZNURaOTZfdGRKdTcxeVNZa1VZcmRPbmxXQnZOOXlMNkJXUlRTV1Q5MUdIRVlDZFFFbUJPbHZ5NDV0bDJpNzUw?oc=5,2025-08-16 08:00:00,Nature,Singapore,SG
6G Rollout Will Be A Patchwork At First - Semiconductor Engineering,https://news.google.com/rss/articles/CBMigwFBVV95cUxNa0REbnZaZGo1bVFFOTVTclkxSzF5MHV2SGszYVhNS283Yzl5bDBzSUFuYVJJRzJJbGRzaGpIRExVc0JlSl9fUE1VbzRlRFBSR04wUXBrcElzRm16MnNMY1BKSEFmY0xSVGduZUtKbEl6QTFXYmttbGhVZWV0eWFjMDcwTQ?oc=5,2025-07-08 08:00:00,Semiconductor Engineering,Singapore,SG
Cyber Resilience in the Age of 6G - Telecom Review Asia,https://news.google.com/rss/articles/CBMingFBVV95cUxPVWFvWm16YUp3d0Fyb3JPOVpTaVRKc1VnUjRsWjBFa2RIeW5qV2pRQ0tVa0k4NHppSEtFdVFybE1RbUtaTkdpcUdoOElzOU9iMDRVLXJlMXB5cENSVDhTX096THZjbWh2N1c2UzM5cXNPRjJJbXJWV1VUY3J2OTNQdWN5eUJ5cFFLdW93RXh2VG1DcmVVSWJwR05jX0QwQQ?oc=5,2025-06-09 08:00:00,Telecom Review Asia,Singapore,SG
Why 6G Will Be the First Truly Thinking Network - The Fast Mode,https://news.google.com/rss/articles/CBMinAFBVV95cUxNZ3BIVmhwOVVWYmZCeUJubERaczNYUTFqWGRQN0VjTDNrNkpIcU9HQ1dKaFpOUTYxUGR1VTFJR1p0MjY1ZmxFa3k3Q3paU0tpRS12bkNhRU0ySkVVOFdhSV9fbEFEazhRSnBHU3JkUVlKR1U5R2FUNjdCSlZuQmU5emtXQld2amxuQnhJanBBVmpSN1gwaWl1dGhQOFI?oc=5,2025-07-16 11:03:42,The Fast Mode,Singapore,SG
Powering AI-Native 6G Research with the NVIDIA Sionna Research Kit | NVIDIA Technical Blog - NVIDIA Developer,https://news.google.com/rss/articles/CBMiowFBVV95cUxObUI5cUxzYVdzTU1vbHhIeF9wd1gxMmpZSl9oU3pmbkdPU0ZRdWZyaHJQTTJBeFVSOUZ6bU5oMGNEWXAtLWRabjQtMFZwMVZ6SHQ4cld6R2dCNUdsTnFyTlJfc0kwOTB5MUJyQ0l2UFE2MXU2RjlUSnBYOFZNR2N2Z0RnalFlLVo2VS1HdWVOMWtqLUktQTc3a0FlT3czSTA3WC1J?oc=5,2025-10-28 07:00:00,NVIDIA Developer,Singapore,SG
The modeling of the interaction of pulsed 5G/6G signals and the fine structure of human skin - Nature,https://news.google.com/rss/articles/CBMiX0FVX3lxTFByVS1YUzkwUl9ZQUpxSkhldl9JX2lkc1VqLTJTTVhVNnQ3Tzh4WjNUU2ZoSm5kYjNncGxFX2s3QzFseGRVeG5GWWppUTUxMm91bmljR1VoakwzWVNKTWw4?oc=5,2025-08-05 08:00:00,Nature,Singapore,SG
Samsung Researcher To Lead 6G Spectrum Discussions in Asia-Pacific Region - samsung.com,https://news.google.com/rss/articles/CBMiqAFBVV95cUxOel9pal9YMFJYQm1RWVc4MUtjUWZSR3lkNXRUWV9ZNUpYTFREV2pHR0hBUGFmZEpNLTZTT1hXTUFrRjdsemVkV0I5bk1Gc25IVDdPeWlNeDBPSjE2bkpSQUxyeTNzWm4wUUF3X0QwSjV3eUxGV1dSb3c1ekpfVFhqLVhRUlp6allqQ3c3WE00akZJTmVYMlFCVkszdm14M1VVdHhjY09LVVQ?oc=5,2025-07-29 08:00:00,samsung.com,Singapore,SG
Capacity Limits in 5G Prompt a 6G Focus on Infrastructure - IEEE Spectrum,https://news.google.com/rss/articles/CBMibkFVX3lxTE4zZWgyeHFhWHlDbzEyeGNyRWVZWHBOYTIzeVQ0RzM5c2hWWnBHNERqSkZDOFVTMVpOMEdCUUJLcGNWbWVlV2RBUHI0YndTRTg3bHlxeWZvZ3U1Y0p6ZnZQWlNVWVVQb2JIczd6OThB0gGCAUFVX3lxTE9BVmNtaW85eXc0eTIwT2tIcDcwTk5PejlkcVgwbzYwS3RUbVc0OGpMZmtoR3pEdEx2cGNoNlV4RHdOLVJ1eTNKUVZ1dmRVbGEtZmFWamdoUkFuNUtTSVVMV3JnbXZCLWpvY2NsQlpVUHNmTkFqcjhkRW5GTjJQVEhQT0E?oc=5,2025-12-02 21:22:48,IEEE Spectrum,Singapore,SG
Germany’s 6G NeXt project concludes after three years of research - RCR Wireless News,https://news.google.com/rss/articles/CBMigAFBVV95cUxOUTB0cGR3S2hMNC1uRER6WUp1b1hTMnBKVG16NHpPd2tmR1M2V2VwWWJJUGxoZHF0cDVBclZ0UmRFd3Z4Z0YxM2t6T2J4Y2tLMWRBYlh3bV9EdXNmWVVpZUdtZTNEamRiMG1WT252UXcxUi12R2lGNzRiX1VvN081aQ?oc=5,2025-09-26 08:00:00,RCR Wireless News,Singapore,SG
SoftBank shows 7GHz can power urban 6G coverage - RCR Wireless News,https://news.google.com/rss/articles/CBMib0FVX3lxTE1oT0VKMVRuTDlaSGU2NkpkTHp3cHhVbXl0Q28tWXI2bXhaUDhkb192TDFhSTdjLXoxZTFvRDNNbENiOW5UVGVMbDRMVmxuTDg3bVZiaVBFNUlYc1lFWlJLQ01oU3FDZ24ycno2amMwUQ?oc=5,2025-11-20 08:00:00,RCR Wireless News,Singapore,SG
Exploring healthcare in the 6G and AI era: Opportunities and challenges - ScienceDirect.com,https://news.google.com/rss/articles/CBMie0FVX3lxTE5XaFJweVY2b2VCR1NVTGVBaVRQMFlOXzN5RTN4V21xblFkenlCc3ZKQ2Q1RzNza0NFS0lULWllX3Vxd1FEM1FZN1IycVdudERLVFpCZ2FWUlBTdFVLQmVmT2Z0WUNHbnRiRXN1SVZ2TG55SkxGbENmMjVvUQ?oc=5,2025-08-29 19:52:11,ScienceDirect.com,Singapore,SG
Successful completion after three years of 6G research in the project “6G-TakeOff” - Deutsche Telekom,https://news.google.com/rss/articles/CBMioAFBVV95cUxPMldublNVajltSFRkZFpVNU0wdGU4bnJnOHFoT3JuMkxMNlhoeHVfZkxEX2FlVWJraEo1NjlzTmJ1dEY4anh4ak8wYUp6MF9wY1pmbFVnSDJWZkxnY1VZRG56RWNZOEFvcHIxakVhUUNUUEJKUUN3WHdvX05BYTN4X2Eyck5NaHNrSFE1OE9nSTJPaERQdEZKY3A0MjduejBL?oc=5,2025-11-26 08:00:00,Deutsche Telekom,Singapore,SG
AI + Mobile Networks: Intel Showcases What’s Next at MWC 2026 - Intel Newsroom,https://news.google.com/rss/articles/CBMinAFBVV95cUxNbjFhUFBDNVNOck10LTcxMVNXa1RNYnlZY0VoUFpTamRwcjRvdWw0X3luTEwzZDhmMjd6ZGZvT0ZtekJiU0VWRWdyTVF5NXJJVXp5dTRGUDNJc084cDJxU21iaUpDWW5yRTJWc2hiQm1CRUp1Y1FKSEltODFPMjdoNEhucGxISllaVGVXRjBmVElHZTN5ZXBxbUJacDE?oc=5,2026-02-10 19:42:17,Intel Newsroom,Singapore,SG
Germany to Ban Huawei From Future 6G Network in Sovereignty Push - Bloomberg.com,https://news.google.com/rss/articles/CBMitgFBVV95cUxQZmFWRGtKandYNi1sZE5TZ2Q0dWgzdENOdzRJTF9RdHRCUWliclJvdWdlS0hkZ050YXRQdFBqMTJSa0hQc2E4NnhwcG5YRElBQjFRaUFRNUl2SElMdlJoOTYzRjJaV2RHUnVGdTVCeTJlTXc3TlZUam9qSWk0QlBrREhzQ0xPZjJlWjRxRlpzUWpMcmVzYjM1NUJXempuWWhwdzd4UEJ3NmJQSTh3SjI2dkM2UDZKdw?oc=5,2025-11-13 08:00:00,Bloomberg.com,Singapore,SG
Improve AI-Native 6G Design with the NVIDIA Aerial Omniverse Digital Twin | NVIDIA Technical Blog - NVIDIA Developer,https://news.google.com/rss/articles/CBMirAFBVV95cUxPb0tsMGZ5VGFRcE5EZTZETHJTUEFxRzdpWjdMdmJFZVNFWWNKX2FQRjFWakM5WHBBOWtXQWxsQ2pQbGRYZDBhZ0t0cTdFWnRxbTF1LWZOLVdWMWwwc2ZWQTRNczFoOUt2d3FkZDFWaTAwaVZFRVRnX3RmU2poeGtjUXphSFpfWjlaMV9KOW50b01BaWJvcE1RMktYRE8xT1F5NndMTF9iZEUya2J0?oc=5,2025-12-09 08:00:00,NVIDIA Developer,Singapore,SG
International 6G alliances unite behind core principles under New Delhi Declaration - Communications Today,https://news.google.com/rss/articles/CBMivwFBVV95cUxPUjhBa0ZXUV9abzg2NnNkSmJvOVZiQXBFTXVzT3JrdHlRQ3FXUnNucjllU0JIaGx0TTh3Mk90Z0pvTnh4SE1jdlJqdUV5M3pBVkhMT3hqd0dIelhnQVBDWXh1WE9idGlkYXUzWXNHQ2Y2SUhsSDhXMVRtOUZvR2JUVHhaeERscFMtOFJleG96a1FXbzZZdzVJU1I1UlhlbzNEdWZDT3g2WHpIYnRkTC1sUVl6Wk9GN1NhV3o1QzhUcw?oc=5,2026-02-13 02:44:55,Communications Today,Singapore,SG
"GBS 2026: Fastest 5G Rollout, Indigenous 4G Stack; India Is Ready For 6G - 5 Key Takeaways From Jyotiraditya S - Times Now",https://news.google.com/rss/articles/CBMikAJBVV95cUxNdW9hZUlVeklIcTB6MFFGUm1IQWlGVXdaQVYzM1ZZRGlNak0wZWVlNy1qa001YkI5ekprWFRsQWNJVFpLV1ItVlREYjlmWDk4MUdvak1JbWFxcGowT2NoRnlVak9FOGFEMkVVWEJXY2ZlR3JvQU1OV0hwV2pVMTZXRXpaMXVhVDdsY3ZqY3JDcURMVXdiQ3VCM3ZXUEpCQjdNUWFkU0hBWkVxZzhaa3ZhSldQVXc1ejFHYjVHbElIQlk4d0cyeHlRd0JTNmFwbmNOOGJSZkFVVGc0bm1Ebnl5UnlraHZXUTgyRUxSam8yQ3V2aWliZzZSYlA1RE92Qno5T3lVcHlBN0tycXc5dGo4eNIBlgJBVV95cUxPSE5obEhOUU95VW0yRnpmamE1Um45MTM3OV9NZmxqY0xjQ2U0bUdLZUFpRXJyNkJEemtrTGJHdllzLUVlTEd3WTE5QkdJSnJiMi1sOF9EWEd5WElBNk5nSExVTHh1OENDTTh4Qy1KZlU5T2MxWTZvUGFpYVAtNkY2dnZ4SWx1VVFna01UcmFKQkhOU1oyVms1TldjWEwtWm5JR1BLYXM4NnVFZEFHRWRXazM3Sl9QRWxOOHZnVmlGaW1maGRZMXhtSlNWQ2M4cDV2VHZmdkZNYklEU3FyV2d0NjhHM3lZaTlCTEFWVnZ0WERTYVo3UVRBTTNtQUYtRk1CY0FLblhSWURETTJGVnktRDB2MzhVQQ?oc=5,2026-02-14 12:19:07,Times Now,Singapore,SG
"6G is forking, with consequences for Ericsson, Huawei and Nokia - Light Reading",https://news.google.com/rss/articles/CBMimAFBVV95cUxPMTZnZ18tOEUzUzkxdnh2RGE1THdZTGVuOW1waUtkVFBrb3pGNUlJSTRvVDhDb1BxdTF4S0pVb0E4RFRQenZ4UXJQTnB2MjBtTFNGd0FCQnlsQTR5VlZza2FJMzRUaENpT1V5YkxwWTU0YzhxVVZ1dXlRcXZuTjJoeUhnZFVtRzY2aDhSZGNYbzVqaVdjNEQxMg?oc=5,2025-06-25 08:00:00,Light Reading,Singapore,SG
Scalable approach to 6G wireless offers speed and reliability - Tech Xplore,https://news.google.com/rss/articles/CBMiigFBVV95cUxPajl2NWswY2pGSTUyaFRMTm13dkZ3c2VPanN1OXFJQk8ybWJVY0lzQU1xeF9OcnFnMUJGTjRQSFZPS05EQ2F4b2k5cWdmR1l3Y1NhVG5ONjY2cXdZRENkb1M3WHA5UzVHUG9wbTZrX1NqYUxWZ2hvSzhNYlE5bEExSTV1UlNfR00zcHc?oc=5,2025-10-29 07:00:00,Tech Xplore,Singapore,SG
6G discussions: How things have changed - 5G Technology World,https://news.google.com/rss/articles/CBMifkFVX3lxTFA3MjF5ckMxaXgyTzE5WUtub3lVd3lBOVNqcmU2RHlIRVplV24xM2hDZUhhdHg0RS1fVzZwX2UwREZIbkdoWVJTVHB6R1lnaldUb2QyV095MVl0SjF5ZVo1Skt2RjNsUnp6YkxOMkZfZmpnbXh1aHYzdGppQXZtQQ?oc=5,2025-12-19 08:00:00,5G Technology World,Singapore,SG
"The Fundamentals of 6G: AI, Security, and Open RAN - National Institute of Standards and Technology (.gov)",https://news.google.com/rss/articles/CBMijwFBVV95cUxNcDlOb0s5MmxIT09zeG5lamI0N3daTVlCd2hlT3ZNX1gzeVFKU25STGlUcWo2T1Zma1AyM2RNU0lGSXFXSUNiNzVqN1FBcWt3VkpLZ2lsU29DUHptTkJrSVRNazY2ZDl0QS1Ca21ERjNUb2hEZzFSOHNDRTdkbXFSdW14M3RZS0lTZm93ZUhtNA?oc=5,2025-07-31 08:00:00,National Institute of Standards and Technology (.gov),Singapore,SG
China hits back at Australia’s security risk claims on 6G - AFR,https://news.google.com/rss/articles/CBMikwFBVV95cUxOdldYdVRHZXZIYklvTDFzVFVfWkRpd2xJcWhYRHVGMExOaFM3Q3hxUVNHZ3lHSzZVaEo2SHJmaDRRMDVhazNROGlFRFoyUUJvY2xBb1NoY0tQYXdTdG1QUU5QanlBbzVyRWZGdDVCcm9nNkNSZG5BSllfRFNCTGptdU9LRWJ6VmVsX21RcFh4eTR3c2M?oc=5,2025-11-27 08:00:00,AFR,Singapore,SG
ETSI sets new course for 6G sensing studies - Light Reading,https://news.google.com/rss/articles/CBMigAFBVV95cUxNNld2RWc1TFpBWGpIY2V0NXdDQnYtOFp0VzM4Nk05TzZwUWZjQy1HbUg1alRkX2p3dkg5bHFhVEpVRVpEbXFJYk42d2drRklENE0zZnhuVHhIN2RtQXc0T0tGQlVMR1JNTnB5S0ZHcF94R1dId1FuQy1XMk0xdjNPNA?oc=5,2025-11-04 08:00:00,Light Reading,Singapore,SG
6G and the future of telecoms: closing the digital divide - DatacenterDynamics,https://news.google.com/rss/articles/CBMipwFBVV95cUxQbVlYNFhHeGpudDl2MXhfWWpETWJNR2Y3YWtXOEstVEtKMVNnV1lWM3ZfZHhINEtjWFB3cm1OMmh6NUxzcFZCTWhGRUZZNHc3bk0yanJwVFlqYnBKd1JpblFtLXloZm1aVkE4LU1LSUNwNmN2T25QbDlrNE1KdVoxR0R5QjhQeVRqVWo3aUJNd3pwUnUyQzM3LXdrQWdpdDFNdm84eGRYRQ?oc=5,2025-06-27 08:00:00,DatacenterDynamics,Singapore,SG
"The 6G technology trial has entered its second phase, with the 'integrated network of air, space, land, and sea' expected to accelerate its development. - 富途牛牛",https://news.google.com/rss/articles/CBMinwFBVV95cUxNdUJLOWh2V1NwZ0FKSjczSEtSczFvejU4NUhaY0pMYnR5UmctOXNpcUpqZ2U4QkotcFBCb3FpVmxpUWp6eExWSjA0cENJS2RvZzBLMGZGbkxMZVdpMElkQmJic0E4ZDBqNmc1SmxvQTJNQTF4SG5jNGc1VU9jU1Y3NlJSWWVUbVBmbm96WFJFWmQzT2JIS19xQ2dIUmRYVnc?oc=5,2026-01-20 08:00:00,富途牛牛,Singapore,SG
What on earth is Giga-MIMO? - Fierce Network,https://news.google.com/rss/articles/CBMia0FVX3lxTE1zRVc2WVBlTUlBeENaejh2YWNLejJyMllLTFVLaEctRlltMTZzOFlfN2QzU011eFI0RVUwZllYQWhod1NEV2hXMG1jQjUzODVSRW9UckdjLS1UdTdkYkZNdFZKSTFyM2hRMGVr?oc=5,2026-02-12 21:44:44,Fierce Network,Singapore,SG
Charting the path to 6G - Nokia,https://news.google.com/rss/articles/CBMiPkFVX3lxTFBSdFlzMlB5TG81QkRfc2RNVGxST1I0U1psbGZObGUyQzRYcTIzUEJqdnNlam1ZZTc2bE9NZHdR?oc=5,2025-06-02 15:49:45,Nokia,Singapore,SG
Apple is reportedly starting work on 6G technology - HardwareZone Singapore,https://news.google.com/rss/articles/CBMioAFBVV95cUxQTzZiTWM1em9WbVhJTWdyeHV5MHQwc1cyNnpjZTMzTjJraGhGUmpEQnMtcGpoNUs2NFEtX21jLTJlM1JQTS1ZMF91Tkg0Mm95TG5CZTUzY1NRM2U0RWppM3N6Wkd1TFBjQjhheXc0ZDhKSWZmOHpLamlLRzMzU1JqRnpJSkp1ZmYydjM1d2VvaXBBOGE4OWpBTjdtX2piZEZR?oc=5,2025-07-08 05:55:46,HardwareZone Singapore,Singapore,SG
6G by 2030: India leaps into Next-Gen connectivity at Convergence India Expo 2026 - Communications Today,https://news.google.com/rss/articles/CBMiuwFBVV95cUxPc2NZZWtPclFiWjlrSktCMnkwQ3ZRNDFuWWZQMWpFbEl6Rk4xczdmbzg0ZHZFemxhZ3RmZG5EQWlHWnVud1dEZXBTaWQ4QnhaVzM5SzVMZEt3T1Z0OXVnalFaZFEtVVhSdVI2T3BtME5kMFRQbWZZNnBrRnVqNGF2ZGhBU0NUZmtKMUU0WUlSMG1LS3RGaXU3a1hoQ3FqOVZOd2RhWGtDd0FCNHExczhTY2VXUjJxQV9sTVow?oc=5,2026-02-12 19:04:45,Communications Today,Singapore,SG
[Next-Generation Communications Leadership Interview ②] Charting the Course to 6G Standardization With a Unified Vision - samsung.com,https://news.google.com/rss/articles/CBMi7gFBVV95cUxOeUNvV3dLbWFWTE9Hb0VOY2V5anQ5V09QeTFpUWZ2eFhRZlpsRHdfeF9YR3hwQ2hYSndIaFhWaUEyUnJvNkNqaVpXWDQzTzA1M0Z2RGo0YVVMNUtZV3hTODNCczhTRF82VGZiZmpkZjZmWXlINFl3TG9LeklCQzZpc2sta2syeUw5UGpPUGhOcFJKejk1TUkya2M1VlR6MU12TTlIWHFKYmNMUTJkOW91SXkyMlhINm5rXzRPSVdTdi1HM0lDb1VlNzc5azVaRWZ0N0M4N1RJVDl0bjR0a0hVcnI2VUw5YVJhVjZxUlNn?oc=5,2025-08-12 08:00:00,samsung.com,Singapore,SG
Enhancing track and field training feedback through 6G enabled transparent optical sensor networks | Scientific Reports - Nature,https://news.google.com/rss/articles/CBMiX0FVX3lxTE5HdXhSVHJ0clY1ZjFtZWxWMzBVUS12VU5hZXhLd19LTkZSVlg3MU1PSzNuWERPQlRoSUtWWkRkc04yeldBbElKeFJZeVhkNnlWTjZEVElCU2tkQjhRSklZ?oc=5,2025-08-14 08:00:00,Nature,Singapore,SG
6G: Your passport to the immersive experience revolution - Nokia,https://news.google.com/rss/articles/CBMiiwFBVV95cUxQaXJ3ODBSR0V1X0FCbFFtZGdISXhQTHRqUF94bkNPd21vS251bXRsNUJwNzNGdjNUWHhfbGNDdGdrQjNsOHdpOGNOSFc0ZlNYU0htaVVBUllGUDFQVVZuUnJjeE9MWUhqNF8wT2dNaUcxMGM2RTkyMnBZUjBuTDNOVkxqVlFCQXJ5MWs4?oc=5,2025-10-27 07:00:00,Nokia,Singapore,SG
Cabinet approves NT$27 billion project targeting commercial 6G by 2030 - Focus Taiwan,https://news.google.com/rss/articles/CBMiV0FVX3lxTE9FUGlfbVpJclNrSEt1ZnVDMDBTQUsydFZBZktQMnlEM0hxdTZoMFlFODJ6c0k4Rm5ad0VRdVZOWFdyRFB5bE5LTEJjQlFuWUZyUmlRT0NnVQ?oc=5,2025-07-10 08:00:00,Focus Taiwan,Singapore,SG
VARNet-6G with FIERO model for anomaly detection and enhancing network stability in future-ready communication systems - Nature,https://news.google.com/rss/articles/CBMiX0FVX3lxTFBPODdPTzlTTEk4R05rdWVtOFFVNzg2Si1mMzN0MzNFY3NrQmd5bEs4TnVMcUd1YzNiWmY1amJiRGxYcVF0MmlzTi11SFZoMUtQeGs0MnZ0anh2Z28za3lV?oc=5,2025-10-02 08:00:00,Nature,Singapore,SG
How a new terahertz antenna could unlock one-terabit 6G speeds - TechSpot,https://news.google.com/rss/articles/CBMilwFBVV95cUxObTFudlJVbFE4Wjlod1ZvUTUwTXJzelRyZzRhTDJnZGxOWVhaTnFyUDNDR29BSUJUODZMUm0tclhta1JUVWJYb2ZESmp5SUxCQm1sdndTM1BfVzU1MUlxaXk4ZElibHZtVHBWSUc0SG5SWEptN2tIN0ZVVFNCYUJjZmkzYkVyc2NNYjRySGgxSlpkTFJTSnJJ?oc=5,2026-02-10 14:04:00,TechSpot,Singapore,SG
"Scientists develop the world's first 6G chip, capable of 100 Gbps speeds - Tech Xplore",https://news.google.com/rss/articles/CBMifkFVX3lxTFBONG9ranQ0bnBIS3BzOGxrMGdyWEZRSWdiUGh2WjZVUGNnMnhVcjc0Y0ZPd1dsSGxpYXFQTzNrSkxacHZkSHlzQ0EwNUtMV1YyTC15UXJRT1Etam1wdks1Q25YbWdpQ3lZNlJnX21FUEpJUDU0TUhEOUFla0RtQQ?oc=5,2025-09-01 08:00:00,Tech Xplore,Singapore,SG
High-performance quatrefoil-slotted THz MIMO antenna for 6G applications with regression-based machine learning validation - Nature,https://news.google.com/rss/articles/CBMiX0FVX3lxTE9PT0VjSzBCeFNGd2hKdmJPSXlJWEE5Q0w4WVVSUzlmaEpaRnlMY3Y0VDVpM0ZZdjVaUlh2QzBLRUxEcXhsbnhKYVlVZlo1TDJyakhwWHBNbXUtTnlvd1Fv?oc=5,2025-12-08 08:00:00,Nature,Singapore,SG
European Researchers Develop AI-Native Wireless Networks With NVIDIA 6G Research Portfolio - NVIDIA Blog,https://news.google.com/rss/articles/CBMiXkFVX3lxTE9ROUtGT1ZNemhadFE5SjNScmlBRnhMckVNREE0VC1TNlRwYTBKZk5WRVJvMWpQdldCMWNySXlaM2Q1Nm5aeHNWYzlBRFBHaERqRXhDbHRYc280Y3Nma2c?oc=5,2025-06-11 08:00:00,NVIDIA Blog,Singapore,SG
How Southeast Asia Is Racing to Catch Up with Global Tech Giants in the 6G Era - Telecom Review Asia,https://news.google.com/rss/articles/CBMi2gFBVV95cUxObXM4UWhUSnAyMnh1aV9wSWQwaWNwcnlsYUJCQmpKMGxOTWY2WmpZUFVlVEdRcXJnekdGM2NlSkNpZEZPVlcyV1dxUlZPMlpvUHhTNjRIT25iNlVHMUtfbXdrUHNuUW5fX1JycnVtUXEwdVliZUdneTBXRDNGcmcwRndGVi1saHgyVlBsamRrVlE0RDZNS0U1QmRkeTFtTzVjMUZ2RG1lQURidFphQ01YSmVPemRBQ09MZHpsLVRQN1lNYVlmMV9KWm9zMDg5SDlOTHZTeWhRYlctUQ?oc=5,2025-03-13 07:00:00,Telecom Review Asia,Singapore,SG
"6G commercial rollout in UAE expected in 3 years, says du CEO - Khaleej Times",https://news.google.com/rss/articles/CBMikAFBVV95cUxQUzF5Y2M5OW1LWVV3OXJOWDFDTXBFZ2RvUFRNU1BmZkpZcVVYNmpwXzdMT0xmMndmQlpqemlfYTdMWm44RU1TU3NVdERJTUpfazBSWk02NUp0MnFPdk9RWVlwME1rU3ZxZ05WN3ZLdDhpYmRRWDkzUG9lNlI5OE5TX0RxNDROOFd0NFowajJmaGbSAZgBQVVfeXFMT1piSWlUMVBNYi1zUHN4UGd0OWlXckphLVpESUFMSmdyaGNETzRLNDh1WkhNczFQMl9iMUNSYkU3UktjZzJ6R2lMdjNndlEwLWJ6Um1uY29QbzAtZG1EWTFjUzFkSW1kc0JaSkZwcnBtbHFLZF9Dci1WRlBMYlRHa1RzZ0U3dFNyeTNKMEk1SWpscVRQc1ljejU?oc=5,2026-02-10 13:38:13,Khaleej Times,Singapore,SG
"What 6G Should Be: Ubiquitous and Seamless Connectivity, Not Just Another “G” - New America",https://news.google.com/rss/articles/CBMiaEFVX3lxTFB0Q0hGUDBkT202SndaZWRwWEpfVld0VHFYeTdHc25wRkNlMzc2c0pCRzZlR1BmT1dyeFQ5QnZjel96Q0cxbGFqS0lJYXRuNWxubmRXdE54WUhGdGRDcF83SWVLM0MzYlFy?oc=5,2026-01-22 08:00:00,New America,Singapore,SG
6G isn’t about speed. It’s about sovereignty - The Strategist | ASPI's analysis and commentary site,https://news.google.com/rss/articles/CBMiggFBVV95cUxPcDlReGo0dVNCM1Q3Nzd1NUViN1dDRk9LQ0laTTRGejNXUGYtUy0tUnR0czRKdzF6WVp5cUQ4c19qZ3RFdGpCMUJXS0JmZGlXVEZsX0NiRWtHNUp4MldUa01lR2xhTEpLRUlQRldvVVluUXRVbE1QcF9NUDV1R3E1OEVB?oc=5,2025-10-16 08:00:00,The Strategist | ASPI's analysis and commentary site,Singapore,SG
6G momentum is building - Light Reading,https://news.google.com/rss/articles/CBMiZkFVX3lxTE02T3J1eVItVlRjNXlTblZ2SmpPM0JpVElBczdOWktrTzI0dGhJazVCbWRHN1JMZ2t0d2psejh1Y2lqd0Z4MWxyUHp2ZGxGeFdwOGhIMmVZcHIzR1F0LVNZN2w4S0h4dw?oc=5,2025-10-31 07:00:00,Light Reading,Singapore,SG
Balancing resource utilization and slice dissatisfaction through dynamic soft slicing for 6G wireless networks - Nature,https://news.google.com/rss/articles/CBMiX0FVX3lxTE9ESDlOakViQnBLYzJLRk9ZS2RHdllXWEVBQWx4Uk1ySEFaQm5jc05VdUoxMVJTTDZPN2VtSGl3QkFIRzBzNFBYME12X0VrUFJGMnBfWTZaUEhDcEptaUJz?oc=5,2025-07-02 08:00:00,Nature,Singapore,SG
A unified AI-driven framework for quantum-secured 6G THz networks with intelligent reflecting surfaces and federated edge learning - Nature,https://news.google.com/rss/articles/CBMiX0FVX3lxTE10ZlJRWWkzNTFHUmVPUFBHcVdQTXBvX2VhLUdXMUNUcjdMLUo3c3B4VlA4Nnktenk2U1BxZEQzanNtUm55WGhGcTUyZXpsYTNyQW9sUU5scHMyMjhubnFZ?oc=5,2025-11-27 08:00:00,Nature,Singapore,SG
6G explained - Nokia,https://news.google.com/rss/articles/CBMiT0FVX3lxTE00V05pUUlLR0Y1Z2VWdlpkbk90UXNjaENGZTRWa1F6MVJTdEhWeWg2eHFla2Q5WlhuV1MtUWNZUHlKdHVVbFlsQk1ZR0o2U00?oc=5,2025-05-09 18:02:34,Nokia,Singapore,SG
Empowering next-generation user experiences and services at scale with 6G - RCR Wireless News,https://news.google.com/rss/articles/CBMiaEFVX3lxTE9xVnhCbHNxaWR0OENsQUhpdmJsVXhpdlk5VXhRWWptQmVSc05YR1p3VS1TcXY5SmtrQ0lqczhYWThzSUQzbHFJTWpVS3A5Zkp4ckhmU1JZLUgwNDJZaHZ5YmxRYTg4SnNr?oc=5,2025-09-05 08:00:00,RCR Wireless News,Singapore,SG
2025 6G Progress Review - Omdia,https://news.google.com/rss/articles/CBMicEFVX3lxTE1NbnphMUlKemRoeE5raW5iSDQ1MXF3enZhZVc2U0JZMU9zUFJfaGVXZFQ2cGlrbmJhYkNBZUUyRjVpcjdhQ1JJV1dNMy0tUFpHWlZ0NFd1MTkwa2VkSlhtOVFhSlV0Rl9MQ05lOFFFejE?oc=5,2025-12-19 08:00:00,Omdia,Singapore,SG
