title,link,published,source,region,country_code
Varma yhteys: Syed Mohsin Abbas ja 6G-verkon uusi luotettavuusstandardi - Tampereen korkeakouluyhteisö,https://news.google.com/rss/articles/CBMiqwFBVV95cUxQd0E4azBKSnVybzMtTGxka05nSDdfSThmeFlUeXVwX3lCaW54cXVvMmhvaHU0QXI2eVo1YzhlNXkzQi1kNEhrRDFub19ISktSYUxzSVJQSEg4ZDBIVU5oN2NNd1hJVmhOOHlheTRFR05ORVJRRUVVLXBLWGJVUkQ2MWMyOWRDVVBXWElab1NHdktJVWFLM2VnNWRPUE9QZ05NN1dZS3AwSHI3N3M?oc=5,2026-02-10 11:40:56,Tampereen korkeakouluyhteisö,Finland,FI
DNA:n teknologiajohtaja: 6G tulee matkapuhelinverkoissa käyttöön pehmeästi - Lapin Kansa,https://news.google.com/rss/articles/CBMijgFBVV95cUxPd0FCYU5palY5S1d2RENzYUQzRE9jcTFDY3dUaUVtU05HR1dmMXR1WG5PZDRra0I0RVF5dWZ3cXlWNjNFYjc3VTNNNHoxUmNqZ1duS0FvMkFPNTN2eTE4UXhyRmQxUk5lODUxd1pfUEpBOTNPUEJ4R19tdUloa2tfSlJWRFM0UjJkVWdRc2RB?oc=5,2026-02-09 15:06:15,Lapin Kansa,Finland,FI
SafeRoute-6G parantaa liikenneturvallisuutta - Osto&Logistiikka,https://news.google.com/rss/articles/CBMinwFBVV95cUxNYk1vcXZLckhzQ1lmTEh3UnA1cGNJbmZOeVV2X3Jyay1uRmdqRUxlTzgwdUFuS1JUeURVeTZHT29ZeWQ0cFNxWWJISkx1M04zdVJ5QzNHcldORmg0c0I1MF9LSG53X0xSSHpRMXVZNVZxNW9jRG8yUDFwV1FEVVlDWHpXRDRSdGRiYi1jOG9pSmNBUkVkNEd5NmVscllRZ2M?oc=5,2026-02-13 09:15:01,Osto&Logistiikka,Finland,FI
"Oululainen 6G-tutkimus on ällistyttävän laajaa: kaksoiskäyttöteknologioita, palkittuja tutkimuksia, terveysinnovaatioita, tuhansia julkaisuja ja satoja kumppanuuksia - STT Info",https://news.google.com/rss/articles/CBMizwJBVV95cUxNOTI2LWRMaWdCYW5Ba2xUNXp5dnNlYnlXempRZ3RESElpbFItVmxsM0ZPeHpiWFQyNk5rbks0cEdCU3ZqNW1XZUd6b0Fycm5MLVNpTW9GV1dSdHJYVG1WZ3ZMZUZBNEREeXU4Wkt5bGJTLS1VdEQzYVF1bkFXV2N1eV9NQ21fcFU1YmplMHlVZTVEM29OVFVuSk9FNDFJbkJrdnJOOURBeXlUTU9KMHQ2dGF6aTRVbjliQ1p5UTJYcW5RNGY4RHFYQ1hxT1NORlBEc3o5ZVItcXNyS2Q0X2dVZjJ5NHBCWGp5SFpUZHVCWmFLYlVKVE1pQTNkTW50dlhkVEtxcWswSV80Y1ZtcHN5VmNYRUZUZWNkY245NF91VFlVUnJOamItRTdYcmNOOEMzS1pma3lTbUFWNkhVLXplQ1pCQU96SV9Ub1RNSk5WRQ?oc=5,2025-12-09 08:00:00,STT Info,Finland,FI
Nokia ja Rohde & Schwarz yhteistyössä 6G-radiovastaanottimissa - Arvopaperi,https://news.google.com/rss/articles/CBMifEFVX3lxTFAtNkJMVnhObTNpcEJpWS1kbXJwM1paV0FqWk9zdHAzajVpQlM0elgzVDIyVm5BSFA1RTduTlFKY2YzOXhiYktnb3ZSU0FCRnFHOS1ua3dCZVl0ejhEQVlrTjhxcnZNTzBueW1pTjdSY0g3MkpfMGlmT0lGWEY?oc=5,2025-11-03 08:00:00,Arvopaperi,Finland,FI
Donald Trump horisi kummia 6g-yhteyksistä - Iltalehti,https://news.google.com/rss/articles/CBMigAFBVV95cUxNYTQ1Znk0UFR4cGV1N1JMRGk4SU5haHNQZ0RFY3pNZXRFbkZFazVkNDJJdkhfeUJYeFRhLUJMTlJ2R1ZwbkMxMWVEVjJCcEw0eUZPUElycmlnMng3RmJ4aTNtSDA1Y09BTVA4OHgyVU1WUkNROUZHZkx1dGpvbDNEWg?oc=5,2025-12-12 08:00:00,Iltalehti,Finland,FI
Nokia ja kumppanit kehittävät uutta videokoodausstandardia 6g-aikakaudelle - Kauppalehti,https://news.google.com/rss/articles/CBMifkFVX3lxTE93MHExTzREbE0wOXdyMTgzRlhUaUg1a3AxZWdtSkZOOVJrYWJPUVJ3Y2RiSEhRTHluMUVTT0dXYVJNTEJPbXhQV1U1SnllQXFPcWd4SFluSzZUUFpLSkZJeTZmZGozb19rNm9lQ1F5akdVeDNIS2NQcWhqZzc5QQ?oc=5,2025-10-27 07:00:00,Kauppalehti,Finland,FI
"The Global 5G/6G Race: Regulation, Markets, and Innovation Dynamics - ETLA - Elinkeinoelämän tutkimuslaitos",https://news.google.com/rss/articles/CBMipwFBVV95cUxORWFndFphVk1URG1Ea0h3STBuOGdzWHZQd2N4ZHJmTzhGZFhCRG1zR2ZsbHFjUEtCLVA4NXFJRFJHSHlmbkU3MTkyOTZZb2Z2MHhjVnhDbXZuM0ZqblZYNHR4ak1qa3FEZHJ4ZjY2d1prUzdTWVFGYUNFRVBHdDdOb1JQUGdSb0JhelVoa0xOTkNFTkxSYkR0OWNZeXRDZWRIblNVeV9yQQ?oc=5,2025-12-10 08:00:00,ETLA - Elinkeinoelämän tutkimuslaitos,Finland,FI
Kansallinen 6G-tiekartta viitoittaa matkaviestinteknologioiden kehittämistä ja käyttöönottoa - Valtioneuvosto,https://news.google.com/rss/articles/CBMi3gFBVV95cUxOVGowQVc4aG40S05Ga1NxM0pCczNLTG45X2tjQ2Vva01DMF9EVjZ2VXB5UEY4OEV0OHJmN3p1YUd0NU42emxLQ1lrU2tfWExfU2Z0bFBlczJ0U0E2S0cwalU1VlV1UnE4NWhRMUZyR1ZKMWVYTFhhT01wTzJDdzIyRVZkbjZmbHU3VlNmRGF5SUhIaWtRMnBoSVRQSkVSWGFJaTR4TWo1Q0MtaldILUlobm9EN0xOeks1c08waFBpbWVpWGJyZl94TS1RVzBiVTk2SU1RS1BZLUxGUzBYNmc?oc=5,2025-06-17 08:00:00,Valtioneuvosto,Finland,FI
Edessä voi olla paluu 1990-luvulle: sama puhelin ei ehkä jatkossa toimi eri puolella maailmaa - Yle,https://news.google.com/rss/articles/CBMiQkFVX3lxTE5seVNwQTFUQUlkSVBKcFAyYWY4eFg2QWVmRzQyNDFpckpULUQ4Tm43SVlyRWVlOENDbkNjdjBNcFZSUQ?oc=5,2025-10-13 08:00:00,Yle,Finland,FI
Trumpin töräys puhelimista hämmästyttää: ”Päättyykö tämä koskaan?” - Ilta-Sanomat,https://news.google.com/rss/articles/CBMiakFVX3lxTE93YjNmUWhaYmJ5MHhzXy1fZlV2cllwMGlIYkxDcEQ4VFp5QVRFSDBLVUZQaXVZZm4zRjNCVE1mQzlDeGwwcVRMWFFZdmZmWEJnUEFXX3pVTVVRdjZKR0FuNnk5UHQxQWRLM2c?oc=5,2025-12-12 08:00:00,Ilta-Sanomat,Finland,FI
Telefónica ja Nokia testasivat 6 gigahertsin taajuutta mobiiliverkoissa – odotetaan tärkeäksi palaseksi 6G-verkkoja - Mobiili.fi,https://news.google.com/rss/articles/CBMi3AFBVV95cUxORnFpYXBuS2ItYlNjcDRFeDhvTElCSDAtZ0dXYU1QTHM0NEgwNXVyUDduWVhzeEtVSGZmaUE5YzViWjBNVE84V3FxZ3NlcFdoYVJWaFB2MVdzT2tWQWVqWEFVWVpBNEFvZGFwYVVLS05USTFtMkU4ZWY4UTQtU1EtdHd2VXpEai10MWJIeHRjODVxZl9nZjJLY09iVnVQNmJiaVhNNzJqaVNvSlNLRDNCRWthTVdKNkJvd084NkphU0FJTU91VFdMcTdRUEswbk4zaHhwSVNXV092YWo2?oc=5,2025-11-11 08:00:00,Mobiili.fi,Finland,FI
Tällaisia palveluita 6g tuo mukanaan – jopa 100 kertaa 5g:tä nopeampi verkko mullistaa arkea - tivi.fi,https://news.google.com/rss/articles/CBMidEFVX3lxTFBwYThkcllrcUVpUk1oZ3BfZnRqRFBNMXVranduaV9rUHBmUVdTMWZucWRUZUk1cFFHdFFHVy1ON1ZOR09oODFLckFlTTRJb2V1SGY4VGI0LUl4QzF2LXFwem9tY3lQTmcweV8yTUZHQ0l6QUFv?oc=5,2025-07-14 15:34:04,tivi.fi,Finland,FI
6G-testikeskuksen yritysasiakkaat tekevät monipuolisesti tuotteita puolustusteollisuuteen - STT Info,https://news.google.com/rss/articles/CBMi7wFBVV95cUxOUkZXTW9uRUZINXpXRW1XX3p3T21YOHhpOHNDN0RiSm5pZy1oZGEtLWRwQ3ZGOHhzb3psRmNfSEhfY1VZSlljVV9KeWhlMmUwTnVjcUF0a1dfX1gxWWEzYmJjeEtPTld3MG5peWo2VHVHd3EtZmJIZFk1VkhuWlFHalpuTml1cEsweGJ3VHVwbEpHTkJzbmxHTGlJZVRnWnVfMG1RUUJ3V1hfTFZtazFEV3l3cnFpdVA3S3hKcUlwQ181MllZQmkyUTh4WXlkUkl6WlhlZlRWRUgxQlR1R1JVeTU0VXBiZWJ4a2lXdUpBVQ?oc=5,2025-12-03 08:00:00,STT Info,Finland,FI
Seuraavan sukupolven mobiiliverkko koputtaa jo oveen – Tätä se tarkoittaa - Kauppalehti,https://news.google.com/rss/articles/CBMifkFVX3lxTE01T1FDbDFMTnNvSThBSTVsZTR6ZFhrbFNPakZIVXNsX3V1dzd6LUVkWTV2WGFUS0NVU0NkMzB2MS1fc19FME9MVHduSV9lQ3BBX09xa2JaMjRhYTZiMnZTRW5BNEFnTEFUa09aMTJrRnJVTXFzZUsxb2J3dmxEZw?oc=5,2026-01-28 08:00:00,Kauppalehti,Finland,FI
Eurooppa vaarassa jäädä 5G/6G kyydistä – datavetoisen talouden arvonluonti karkaamassa Yhdysvaltoihin ja Aasiaan - ETLA - Elinkeinoelämän tutkimuslaitos,https://news.google.com/rss/articles/CBMi5AFBVV95cUxNakpNdVdObmFEME5rZHRfYzR3X2p0SHBpWmlMRWR6OGFsQnltTXlKWWZZalREcFp4b2J2QS1NNm5OZjlvclFQUGF1VkdPRzRnS1UybmhkNk5HM3hZZ0JuLXVoMTBKX1RnRWVFbTVDdWpzTnYwaVhISG9ta2pyc1lGTjJGUnR6WVFIVi1SM2RKUU0taldLcDBTVFVVU2pHUld1OHV0TkNZY1p4OHZuSWFhWDM5S3NIdk1GY3FhUXR5OHUtV1ltbUFJemVJb0hZdjZCbGRUTUdncEphVVlCcFVmNURTang?oc=5,2025-12-10 08:00:00,ETLA - Elinkeinoelämän tutkimuslaitos,Finland,FI
Vaikuttavuussäätiö tukee Tampereen yliopiston kvanttiavusteista 6G-tutkimusta - Tampereen korkeakouluyhteisö,https://news.google.com/rss/articles/CBMitAFBVV95cUxORG1ZTDl3eHlZR3QzdG1EclJhMFBrbFBKWlJMMW4wNm1OR3QzSTE0TWRzalJYQV9nTDRTU2hCZXJIU0JDamZELXRCWGxnQ0R0dlFZejVNdWdyZ0Y1cGlISGhIdzl0UHBwTlotQjUtYy1nZmlMQmJaa1ljRnNRY0pTa3RGMEFxY1R1SXJ5enhKekM4TFdhaTFsUkRMb3EwLTVTRmRvMjNSUE5CLTM2cFlmUEpTY04?oc=5,2025-12-09 08:00:00,Tampereen korkeakouluyhteisö,Finland,FI
Millog ja Oulun yliopiston 6G-testikeskus aloittavat yhteistyön kaksikäyttöteknologiakehityksen tukemiseksi - STT Info,https://news.google.com/rss/articles/CBMihwJBVV95cUxNNXZWTWFYRXQwaTc4Ty1WaTFRS1l0a2J3S1ZoeV8xMFNPNEZsbWRwd0FRRUJfczBIUHdKaGFwbDFUZlFxa3dfcnVKS1U5R2hfNnY0dXdPczZOZjBHTEpLNWc4QlY2MmI3X1dTcmY3c3g3RzF1cWlhSGxtY1BBQkZJMzlJOUt1LUxSd1JBWjZxeWI5WUJOX2hhWjE3N0M0RGhKMlFkeU5fVXdkQWY5N0tuaHVYeFlZQTBRYVk0elRheWxtVWM4cDdlamNzRG9oNmdFWktVaXMxQlZOeWhzbURBNnpqNXA0QlZzUHJtRWZhVExlMGFOelN6b01Od2xmcWdjWUJTYUIwUQ?oc=5,2025-12-10 08:00:00,STT Info,Finland,FI
Driving global leadership in next-generation connectivity -the 11th Edition of 6G Waves Magazine - STT Info,https://news.google.com/rss/articles/CBMi9wFBVV95cUxOaFkyVHc1Vlg5UXo2U0lVMTR3eUoxRks3TUZic3pGNUgzYzlHZ01CYXUxakdpVFFwOUpreW9va1NVd29EMHAteld6UFZtVEJZWHVWd2N1MEFmczJxdHJHeHkyNVNaS0x4TVJ6VFppUVJPUWFROVRZdWh0dlRMRjllbkE1LXQ0ZjRyZTlGZDhMM3lfM1RhUUZvekVpellrdlFxcm1GMWU3RkhJTG9ybmpFMHpJU0pHb1dzZWFic1c4ZnlPcWJSUTllRUNnSFR4UmNtbVZnWVF6dlFCRW93aEJSbE4wRWFWdVdQWV9JcXlaS1Ntb2lMNmg0?oc=5,2025-12-09 08:00:00,STT Info,Finland,FI
6G-professori Mehdi Bennis nimetty maailman viitatuimpien tutkijoiden joukkoon jo kuudetta vuotta peräkkäin - STT Info,https://news.google.com/rss/articles/CBMihwJBVV95cUxOUmtOUEJ6aHAyakJwTmhydUd0VElDQjhyUVBsNzdqNjhhVHJ2Y05VOGd0ckhGM3JhcGNEcEtoS242d0Vack1hRWNYUFlVUGZRZkoyd0JvQXZTNlFaMUVTSm9oOVJiNXdEWlZJM2NDOUVnY19iSDhaUnl3dHFheUNITGlTSWpLR1V3Yzk1YnhHZXVEd3c3bkthaVBFNDA2MW5tMW5aZHgyOEJJeEtaUGZ4S1hzVWl3V19xN2RlVUhPaXJkQ3ViVTlCR3hPdHFFOWFablF1dDV0NnBKM0hFZGhpLVhNSVlBck5vc2NEbmJwakhrVnlra3pkUFYyeG5QYUFTSFU1Y0NSQQ?oc=5,2025-11-12 08:00:00,STT Info,Finland,FI
Keysightilta merkittävä laitelahjoitus Oulun yliopiston 6G-tutkimukselle - STT Info,https://news.google.com/rss/articles/CBMi2AFBVV95cUxPTlZZVjNmOFBoYlhaeUlfVGJCUmk0VG91VTdNX1NPdE5oVHBpRzk5YlAyeEgwNWN0RDhVdWlaejRtWGEteW45NlZoOXRaSzZ4MmNUQzNCaVBOY1BITFhuVy1LcDBHRXFSYkJuWW1QWEtZYnNkNlZZVExWV0J3YWdHZDdGSFgxblhSNzI2WXRtSGw3bHAxMDRfMzlMOWI1MVlQTEJma1F4XzVuckJOX3RQT0EwQmluZzNkYUJuQ2w1c3otb08xNGFXa2JnZnRhYW1qWU55czV1Nlk?oc=5,2025-09-03 08:00:00,STT Info,Finland,FI
Nokia sai miljardiluokan rahoituksen – Näin se vaikuttaa Oulun yliopistoon - Kaleva,https://news.google.com/rss/articles/CBMiiAFBVV95cUxPZ3lVV2JZZFh6eU9QUWZBWEc5TUxkT2lfQ0dwcEJGMmdsblR5dnh1d2JvNG5qYjhaUXd0RlcyOFV4YnRKMFlQTm9FVmJSdFc2ZWhYOWpCV3ZodXl2U3ZSdmc2bnhYVzNwTXczc3Qxb2tzd2JSVXdJLWhZVDRKSG80SkFfZ25zeklJ?oc=5,2025-10-29 07:00:00,Kaleva,Finland,FI
Johtavien suomalaisyritysten 6G-hankkeessa kehitetään tulevaisuuden verkkoja - STT Info,https://news.google.com/rss/articles/CBMi3gFBVV95cUxOd3RjR0FhSi1pSmxhZnlIQlRGU1I1YWJlZHgzN0tpQnBZSlZ3c0ZIekxXLXJCRTNyUTc2TTlwb2VtMXdiZGJrRjdVX0tnZmRkakt6OXBnZ2ZId0Z5ZmdjQ1l1ZV8zUGo1NXUzREpDSnZxd01KLVQxUWxPTGRqUjF0Tk8yMGJteXpCa2xYQ09RcGl0Zll1MXE3d1p6eFR5S25BTW4xN3VGTTQxYXdZTjVXN05HS2JkUDN3SzExOVc5a0NrWVNPcHNSUzZVLXI0ZW93SWgtN2FJUUxrSzhQZVE?oc=5,2025-05-06 08:00:00,STT Info,Finland,FI
Stubb sanoi Trumpille yhden lauseen – Ja se voi tietää Nokialle hyvää - Iltalehti,https://news.google.com/rss/articles/CBMiekFVX3lxTE95YlZKVlpybmR3VmVTdndoZmxxeUdFWkJybkh0bElBRjFwMGNUUTd6aTkzUHFqcl8zYWszSnM4cjZYcllUWEpQa1dsYkFMcWxQQkpwb204b2ZldHk3Z0xza3BEWHkxLTYzSG9HWGFZZEF2U1oyUDBiQ1Zn?oc=5,2025-10-15 08:00:00,Iltalehti,Finland,FI
"Nokia kiihdyttää 6G-aikaan amerikkalaisen jätin siivellä: ""Rahaa kuin roskaa"" - mtvuutiset.fi",https://news.google.com/rss/articles/CBMiugFBVV95cUxQYUVFbXotV2lWT1JGOTZTVU5iUUlsR0lpYUpLZC1NNTB0WnNFTUpqUHBvZERPYlVGbjFKT0otc2NPSDMyNEQwS052RUV1dlhCTHJvNHdZNGFBR21ibUtkTkJ3R3lsLWR1R2NrVXpxakpiTThEdGRaV1RRMDlQVlhlSFNDcEt6aDN0ZzJNbHp1M24zbDQzQTRValk4cmVOMGhmbmF5MTFPaVNlaXJGTTN0Y1dxY1NodFZNWWc?oc=5,2025-10-28 07:00:00,mtvuutiset.fi,Finland,FI
6g-verkko voi olla käytössä jo 2030-luvulla: näin se muuttaa elämää - Iltalehti,https://news.google.com/rss/articles/CBMigAFBVV95cUxQa3p4RDBXT0ZNSGcyRXl2dzh0UXUxMW1NaFItODNmQVZSMkZYOThtQnRKUFVFZVBSY05UaEx4ZmNzZXBQU29LUVZES2lkbURfY0NYaXk3bV9ZODdnYjdma05XY0djb2l1QXZyVkV1eFpER2NMeXlxSUdick16QVlCUQ?oc=5,2025-12-09 22:15:39,Iltalehti,Finland,FI
"6G-testikeskuksen ensimmäinen yritysasiakas kehittää luodinkestävää lasia, joka suojaa myös RF-signaaleilta - STT Info",https://news.google.com/rss/articles/CBMihgJBVV95cUxOUC1kRDVrZGZPS1NYUFlRSnotX2tTTExMZGJHdHRsNHMyZ2s1azRoSDRlMlIzeHNXeUszbHZqQktVWmRUVlhLRUVfYXNXR3V0eVdNWHgtcXZwUnlZcjRQZllRMXRVVk1xZXZKRXVkTjd1UWZ0V0t5Uk9DSjloaEk5NUtWY0FXNzJlYll0LU83Tm44VW5vNHFTLUN4LVJGeHZ4ZEt3RmRYcnd3WGZHNUlGYVo1WmpoaVlNbjh6M0JUbzR6Uy1nOUxmT3FteURvWDFlUFJNUl94NThOYWpuc25rQUxvb2VVVTlPVHk3RVNDMHRNR19JQ0JhNktvRHdsX0g0Y2tVbERB?oc=5,2025-04-17 08:00:00,STT Info,Finland,FI
Asiantuntijakirjoitukset 6G:n kyberturvasta sekä nuorista teknologiasankareista - STT Info,https://news.google.com/rss/articles/CBMi4AFBVV95cUxPUEF6R1BUbjRaYmR4ZW4wQ1hQc0lUSkNsTDBqR2U3Yk1SRkEwV0N6NDc5NUthbUwtNzc1WnZEWVhCU0FiUmpaTF83MTVDaGtLd0VNcTVWZGIyazZqZzNubm1Ta1QyaFRyLUlzS2U3ZTFtV2hOQmdFcEswMHVtU3BndUFlN1RMMHpPQkIwQWtGSFNtMnQ2WFB2Tm81LVNac1oyZDVwZHhlX2VnWVQzeEJwWC1rWi14N1IxSFNwamxISTNZSkswOVZiakVUMFFTOGRpX1BKZm54TnNqSUtJN2c1Nw?oc=5,2025-10-30 07:00:00,STT Info,Finland,FI
Oulun yliopiston 6G-testikeskus tuo tehoja tutkimukseen - STT Info,https://news.google.com/rss/articles/CBMiwgFBVV95cUxOcE5zWXNzakI4RExfYjh6YzRLZnlMdjdxNk5fM010TnpVNDZsZEhJTWZOZW55WHdXdU9IajJ1c3lpaVNNZHhjT1dPcHlra1Z6cXBfdXlGN2FZeGJfZV8yWkZDaEd4dFplSEE3cnUtUUc0UXhGenIxWkFUYW9GTnFrSW9KTVlPX2JPNGN6OEdTeW16TEZSTUZrODQ3MFRnWWVSX0xtS2dINXNnQTZxT3RiczhTSDFUSllsTjlBTGZNOERrUQ?oc=5,2025-06-11 08:00:00,STT Info,Finland,FI
"Nokia shares soar after Nvidia's $1b investment in AI, 6G partnership - Daily Finland",https://news.google.com/rss/articles/CBMirwFBVV95cUxQNW1odHZDNnI1WXRpSkFmYVZrRE9TcWpDQ1FFaVNiam5mbkc0aW5aLXVTVks0R1RGQlM2UXFydWY1VVdmU3ZoSTB2VjJEU01KVncwTVE0MFp6NGZNeVNEd2Z1MGdaRDExeXB1MDdkWjVjMUxtdHZoUFhQblotQ1JBcTFDQmxhVjhZSTRvc2k3Rkw4LVpCQlFzRVBRSEZReS1ocU12bERYRnU4aENTZHJR?oc=5,2025-10-29 07:00:00,Daily Finland,Finland,FI
"Suomessa on kehitteillä rintaliivit, jotka tunnistavat syövän - Iltalehti",https://news.google.com/rss/articles/CBMieEFVX3lxTE5fRnJQUlo1dzdoRy1mQjV0ZzNuOHFFQzBUd1ZvUlA2QjdaQjdXYmZ1WVBwcjNpRjJCdDhieTBISTNzVGhta01ObDRld0pTTzljTENvYjFfQkswWU1ESGJfRU1Xc2lJZC1ncVVnYW9JTWZpN0ZvMTlDdg?oc=5,2025-09-24 08:00:00,Iltalehti,Finland,FI
​6G valjastaa tekoälyn mobiiliverkon käyttöön - Tekniikan Maailma,https://news.google.com/rss/articles/CBMikAFBVV95cUxPRUszOGdZdm02MFdrVnhMT3V1N0IyNTN2YjU4R0lWZ2FpQXJRaXA3YkFUT1g4djFyaFJ3SXl4bVRzdnd4bU9hMW8zeGJmd0FJd1pweFZRUWRvV2FEZEo1bEZ3Mk1PbGZKMGQ2cWR5MHlFTDdmak00LXFqTk9uTVB5cWtDUGtla1JET1BNamlpdU8?oc=5,2025-04-11 08:00:00,Tekniikan Maailma,Finland,FI
Analyysi / Nokiaan tarttui Nvidia-diilin myötä hype – mutta sopimuksella on myös kääntöpuoli - Talouselämä,https://news.google.com/rss/articles/CBMifkFVX3lxTE9sdGZ6ZmlMSThyLThNOFlkLUt2dGRMOWlXU1JpZ3Z4QkliN0x2UjdyYlFpMy0yQmhpWXBTTkF5UnhaVU9DWnRpT3lJbHRobUlsaDk5QlVOel8wOHpyMGU0N3hRbUxlNVJkUVc4RERWY1VYaGZIN3kyaVc0NmgwQQ?oc=5,2025-10-29 07:00:00,Talouselämä,Finland,FI
"6G voi tuoda digipalvelut syrjäkylillekin, uskoo lippulaivahankkeen johtaja – Oululainen huippututkimus on riippuvainen ulkomaisista opiskelijoista - Kaleva",https://news.google.com/rss/articles/CBMiiAFBVV95cUxONXU4QjhMajJvU2FwczZZQ01lVklJTU13cy0zSmg1T015Qm02VUYxWjhoQnVtYTJjZ1JHZEpYbUdvaEdya2NVMGYwRDhYYTdvRjVZZndhMVJnRG9pR2U2MDFQcU5BRVZzeVl5RVYtY1FWcmJFd2IzVTRrcnpMVFMtSEx0LTR3bGhy?oc=5,2025-02-28 08:00:00,Kaleva,Finland,FI
Suomen nanosatelliitti vietti 4 vuotta Maan kiertoradalla – onnistui tehtävässään - mtvuutiset.fi,https://news.google.com/rss/articles/CBMiwAFBVV95cUxQMXJ0OXZRbVpjNW02d0FtUGNUaGFGaGpjSmZTY2kzd2VqcjNGeXd2ZFljYkJEbVgxTHByNW04QUl0T3JZT3hNYnhlVW5kRjdBQ3lsNGZsODg2ZUV1ZUxuNzhHc04wMzBBcjVSdVlfQkNzUloyeFlQU0I2bkNvQTVJRkt0eFhHOTROWXdsUHVKQ1dPWUMySmRSbElBVjFSRHhILTN1LV9nWVpSN0NiREcxTnFEa2oycDNJa1Fzc0tkY0o?oc=5,2025-09-25 08:00:00,mtvuutiset.fi,Finland,FI
5G-verkko vahvistui Loviisassa - Loviisan Sanomat,https://news.google.com/rss/articles/CBMiX0FVX3lxTE9FWlBWQUZkc1ZEZEd4c2UyeWtlSDM0Q0ctWW1TVmltd2Fad0NsVzVMZ1BLNDFEdFFlby1ReGJnaWN0OXNmUy1zekxmb0U1TWoyUURva0F1RFRhUmwzcnFB?oc=5,2025-12-31 08:00:00,Loviisan Sanomat,Finland,FI
Elisa saavutti 5G-verkossaan jopa 8 gigan nopeuden - Puhelinvertailu,https://news.google.com/rss/articles/CBMimgFBVV95cUxORnJSSndUWllzOHNvOXh2dkM4SE5UeTB4R1I0VzRxZlRMRkhidlFjekxDMFFXR0pEV01BNmVhdkJfZFdqTkcwUEc5T3l4bVdna2hzdnhQcGdaeTlWZ3NwTUFqVk1NVFRqQUU4ZkRES0J0dFBNVDMwMzBHb3NsWFkwU3BMaVl1SzV2dWNRclZNTWpRZUFFRzRVQ0p30gGfAUFVX3lxTE1BSWJBTWlwaU5PczNIWmFpZjdnZW91V01LUzh2elkzaHdfdmNqNWkwVXdjblhqdHRheDRZUEhEcmZxdUFqMXZsREx2RzZZODE0Yk40eFh2bDM1bWZsR25oZGh2a3gycllqblFJUXhmTlhmZGlDVWg0ZzhXTEVVZHk1aHFOdEVjb2w3TVlNUnBEM3VkYzZCLWt6aHB5a0hBdw?oc=5,2025-06-27 08:00:00,Puhelinvertailu,Finland,FI
6G-professori Matti Latva-aho saa arvostetun WWRF Fellow -tunnustuksen - STT Info,https://news.google.com/rss/articles/CBMi1AFBVV95cUxNQUxXR0hPRE5sUXRsbExuME9YT0VXZ3J0WmFGN2syUkVJZlVaQzYwZy1GVlNkWWlQTlZDcXVmT1dQWEZGbWFzSUZEa05CeGxuS29rNXR4SU5TcU1MUlcxQkJ6d3AxdDVnbmtseEZDTlJ3MHVUYWowc0NqdmcwdmtVNGlWeVBSaEF2MjZzM1JXSkdjS3JzQWpiaExtUXlNQWVNeWw1YXl2MXZJNEs0WldLN1hGODNJNVFHSUtPZFVvQUl5QXlBQTVTc3RobFllbUI0bVRUSQ?oc=5,2025-02-18 08:00:00,STT Info,Finland,FI
6G-viestintäteknologioiden edistämisen työryhmä - Valtioneuvosto,https://news.google.com/rss/articles/CBMiY0FVX3lxTE8wdUdKMkhiVTZqbl9wLU9HOUs2b3QwTnA4c3NiNVBfMU9zemY3MWZ6WVlvRWp5V2hBQzJGeVhIblBpZ2NVYUpaWTFMd0dnVnVMSEF6clhaWlBzdFVhVm1lZTcxVQ?oc=5,2024-09-04 11:14:48,Valtioneuvosto,Finland,FI
5G-verkko parani ja laajeni Porvoossa ja Askolassa - Uusimaa,https://news.google.com/rss/articles/CBMiVEFVX3lxTE53ZE5mRnMzb2xqM2d4YWFlbTFyd1BrQ1NxSWdkSExtWDIxMTduaDFGVG9CTnhXU2ZjMmFJdmcyMWxBdm1VcGxWcTBnQThhYzFyQ2FaUw?oc=5,2026-01-02 08:00:00,Uusimaa,Finland,FI
Oulun yliopiston 6G-professori Matti Latva-aho saa arvostetun WWRF Fellow -tunnustuksen - Kaleva,https://news.google.com/rss/articles/CBMiiAFBVV95cUxQcEtyRDlnT2duV0VnNzJwOGtQV0R4UTY4ckxDeDFvWk56Yl9yTzVJTFkxNU9KQkxSVjhZSFRzZGZGa0l1eHlYcnliUDBNNG50dlF2SEF6RnpnUHMzNnloNXdMNThmRlFlOThXWjBZUXNxR1FyaU8xV19TTVdlR0hPeDFaUmlaOGo1?oc=5,2025-02-18 08:00:00,Kaleva,Finland,FI
Ulkoministerit Haavisto ja Blinken allekirjoittivat 6G-yhteistyötä koskevan julkilausuman - Valtioneuvosto,https://news.google.com/rss/articles/CBMiuAFBVV95cUxNNDNrSmI2VXMxUkNyLXRtNzhYSzJHaXFIM0ZsWk0xTnBJUW1XUjV0aFZ5NVh4MHJQMl9GZlZaMTVtUG15NWVfd3BES0pBc2xkV2gyRzNPckE2V290ZnZ5OHVyQVBuN0R3NE9sWF9fSVcyV1JvOEJNTHpUengzNWw2QlduZnVaUTBxWUl3NTY5elFSMnI0TVZYdU1zenlBM3hGWnI2WE54Z24wdlV3bTlKSmFXLU5CaDFo?oc=5,2023-06-02 08:00:00,Valtioneuvosto,Finland,FI
"6G-signaali tietää kohta, miten voit kotona – tästä on kyse biosignaalien mittaamisessa - Yle",https://news.google.com/rss/articles/CBMiQkFVX3lxTE15TlpWbjUtSVFwQnd4eFZWT3c4MVJQSDQzSWFzY1lyamhPRlpRVEZZbDkzbWNzYXJTV2h3bDB2bzhtZw?oc=5,2023-02-05 08:00:00,Yle,Finland,FI
Aalto-yliopisto ja Etla vauhdittavat 5G- ja 6G-mobiiliteknologian tutkimusta - ETLA - Elinkeinoelämän tutkimuslaitos,https://news.google.com/rss/articles/CBMizAFBVV95cUxOU2c0OFBFMlg3Ni1neWVVZElqSzRpbHB3b3dBdl9BYVoxX21RZ2tCWktJUGRhVHFrYzlta3ZCYjluR2g2OXBlMUV0WGhUQlpmeDRrZ0p5Y2VJNWNVT08tZkd2aVAwTldBOUVVeTRrYnE0S2V1RGQxYllwVTJQNlpJMXRGRUw2VDRLMlhYd2RnWHFtMGFpLXloSDBROEpvdDBkV1RGZ0RnaFNXRl9hRllGVTJJV0lKcVgzUlIxRkJmWUZPWHA1WU1scWVzMmY?oc=5,2024-11-13 08:00:00,ETLA - Elinkeinoelämän tutkimuslaitos,Finland,FI
Tällainen on 6g – scifi-elokuvan ennustus voi toteutua - Ilta-Sanomat,https://news.google.com/rss/articles/CBMiakFVX3lxTFBDQVAzWkZQZks2VlRYU0ZJSjRxMWhENktwbHNzZUFyOGx1cTFxdkQyVkJiTFBoZkFDSUZKLUVWTjhDdlEwRkFxNkplY0dqZk9EcHphMjN0a0pfTGhnbnExd0ZvbXg4N0g3MVE?oc=5,2020-12-19 08:00:00,Ilta-Sanomat,Finland,FI
"Arki sujuu paremmin, kun aikaa jää enemmän kaikkeen, uskoo nopean mobiiliverkon kehittäjä – Tätä kaikkea on 6g - HS.fi",https://news.google.com/rss/articles/CBMiWkFVX3lxTFBHTWp5cktYUjdRRlc1WERVY3AydnZGZV9XbHNNY1FnREFoUmU3TGNfVDdURnZmcHp3MnFjWW50LXlLdGVKT3ZKOEhacllWemI1eF9jaXdsSmJWUQ?oc=5,2023-03-14 07:00:00,HS.fi,Finland,FI
Nokia vetää yhtä EU:n 6G-tutkimusryhmää - etn.fi,https://news.google.com/rss/articles/CBMiiwFBVV95cUxPbG9oeTZwdEEtOVllMTJJazAwaHFaSWdYN2dFYWM5MDBrZE1waFpDSFRaYTlUSGFxNjhfS2tLUDFrcENCR2ZBWFc5ekZocnBERTFXNmJKWlo4UnJ0QVZrMEc5Y0JxcGVQTU9yZ2JwQWhDNWxCeTVWc3c0OEJRWGFZMXZheGNkUWlpSzlj?oc=5,2024-10-31 07:00:00,etn.fi,Finland,FI
Tutkija odottaa 6G-verkkoa käyttöön alle 10 vuodessa - Yle,https://news.google.com/rss/articles/CBMiQkFVX3lxTE1fa19ndXZEUXdfNUNDcUs5OE1KV2YtaGpjaTNibHRCMTUwdjBCT2tacXVwSWxuNTNUc0FXYVFFVFN6QQ?oc=5,2023-02-07 08:00:00,Yle,Finland,FI
"Suomen korkean teknologian profiili vahvistuu Natossa, 6G-testikeskus Ouluun - STT Info",https://news.google.com/rss/articles/CBMi3AFBVV95cUxPTmVZTHBTSE9TRzVjNktJRDdJS25pYWlUV3VsNUNhOXJnVi01TmtydWN6YW5QbHVmQWl6WklCaDBtSGcyQ0kwNzFra1FDSV9YZnJEMjBhRjl2V0xtVVhGRU9ic1VNUmZiSEdFUFhaR1RDMmlVLUoyODJpOGVDalRGU0wyT1g1eUEtYmtZYjZzaXh1akNkVjdyLXdOUFF5ZU5JUTIxV0lVem1qMmZaN1Vhbi1mNHc1Rmd2czJZMTNIVkR3TEc3eEtFY1FaMjZuMTUydzlVQTl6VVRleGJt?oc=5,2024-03-14 07:00:00,STT Info,Finland,FI
Analyysi: Miksi huipputapaamisessa puhuttiin 6G-verkoista? Kyse on Yhdysvaltain ja Kiinan kauppasodasta - Yle,https://news.google.com/rss/articles/CBMiQkFVX3lxTE1RT1VPTU1meHc3SmR6eG1DVnA0NE9zR1hxdXBXc3RxZW44N3Q4U1ZNZkNZMHNxVFlJLWcyV0pjUHAydw?oc=5,2023-06-02 08:00:00,Yle,Finland,FI
Nokian pomo: Älypuhelin katoaa – näin 6g:tä käytetään vuonna 2030 - Ilta-Sanomat,https://news.google.com/rss/articles/CBMiakFVX3lxTE1TZjF3WWhkdVRZOEpSZEVpTk14aEN1c2VqaEQ0M0ljQlZ6czJCMmt3b1oyelhKSmdva1VzbVhCTXQ2VmduN1FqXzUtYl9reE5vWm0wS2RhV3I5RmdQZFRnX2J3RzNUZmRsQ0E?oc=5,2022-05-31 08:00:00,Ilta-Sanomat,Finland,FI
"Neljä uutta 6G-hanketta edistämään kestävää kehitystä, energiatehokkuutta, langatonta virransiirtoa ja Euroopan kilpailukykyä | Oulun yliopisto - STT Info",https://news.google.com/rss/articles/CBMinAJBVV95cUxNVC11cXc4RS1YSUx3VUY5Q3RhektyTUhPb3BjUXpqQUl4b3RDRU9FaGxNdG9pVk1VRXU2ekdoQ283MkluSlRqcFVRMWQxMjVCNF9EVVM1Y0FiTnhlcGpHZXVRSUM5Ul9jUlNCb2FmZ01uVWJXclVINUNnVW9uVFVBLWhPaFB5MzlDM0RYRE1xQ2tSZnloaGNOWnB6ZFdCQU44TkZuUG5MX1kxeDNhbkFXNVF1TVNvRHpWanNjUTNLWWxmRGFyQ0NFMDN2MUxzemJRYzZfMHJFU3UwZEljdm0xdUNJa3J0bW5pazFuSXVOUWMyQ1U5MG1ENGlMa0NNYjVTTEU1UTlVUWlBQTQ1dzVBSjVsRlpFRlZqVEJHSQ?oc=5,2024-12-13 08:00:00,STT Info,Finland,FI
Kahdelle 6G-professorille merkittävä IEEE Fellow -arvonimi - STT Info,https://news.google.com/rss/articles/CBMixAFBVV95cUxPQXpTMUpyUXpScTd6MGM3UGJuU0NyUEZBVUNOckVLbkc2RVh2M2NoSnN4U0NieVZSd3FtbUptalM5OEJLVlpISi1RdW9LZzNiSjd3dXNYeVFWUm9EZlV2a2w0MjNINW14RGsxVlB4Wjg4U2tJXzJaQjBBZEhIYXBNcktyUFhaczltdE5wWmlKN0xaMjBYbUhlWElFVm5wSXlneXdPOHRqUEFSZjZVbjhiUTFacDliMXdIdWI3aFBDNGNHRUN1?oc=5,2025-01-13 08:00:00,STT Info,Finland,FI
"6G tulee olemaan verkko, jota tekoäly optimoi kaiken aikaa - etn.fi",https://news.google.com/rss/articles/CBMirwFBVV95cUxNMjVXV3p2M1FidE81c0NtLTlwQXljem4tVDRObmdjX05QSEtGbm9Hb2hIZDZpZjlpblBoT3NDQ05JTzlFNjB3ZUpSaE5pX3RJbTY0MXNESmRuOTFhTzNZT1phbVZrT2RJWXRtTnZoS1lDdmM5cVk5VDA1SEY2YnhiR1RVOUprcGNZTVpiZ1BsRW82QkJzRUxLVWFrazg0VnVkNU9mbVdsN1h2dUV2M2dR?oc=5,2025-02-13 08:00:00,etn.fi,Finland,FI
Nato kiinnostui Oulun 6G-osaamisesta – tämän tiedämme uudesta testikeskuksesta - Yle,https://news.google.com/rss/articles/CBMiQkFVX3lxTE9zcHd6X3NTS1dnR2pEUEVuMFhxY1RYdXZqQlV6SXNJYXhtLUpRdVZEZXpTbmRwWnFWa0ZxRkVRSFoxZw?oc=5,2024-03-20 07:00:00,Yle,Finland,FI
Mitä 6G tuo tullessaan? - ficom.fi,https://news.google.com/rss/articles/CBMib0FVX3lxTE1NMnhuNGZHek40MlgwMnJfeGJCZ2w1aDVZdlJjSnRoekJCbWk0SWh3Ql9jb0VaSld6WGRIMGFZZEZDeUxJbUEtRmdNWEl4bi13RmRXZXRJeWROTkI3UDB6Y3BkdEpCTFo4SWFieFktaw?oc=5,2023-11-30 08:00:00,ficom.fi,Finland,FI
Tutkija Mariella Särestöniemen työssä yhdistyy terveys ja 6G-teknologia - STT Info,https://news.google.com/rss/articles/CBMi1wFBVV95cUxNaDVxVnpxZjdGRC1JUGhWQ0dDai02SEdsY0p0LWJxdms3bjZUMmJjcGtZT1d4Z3ljWnpnUEFwalVVWUpRTG9ESmc1VUx4UWhhSzlNa1dDWlJiTWdHS19XamtyUTdWcmpEX0dnRDQ0N2RYYS1Fd2J5Wnc1STRKb0c3ZFZVekM3QllxdmRGa1p2RzFhelhQSk1QY2x3MlZOdFBxbVZ2Nk1POUZFamg4NzBMTHB5cEI3OUp2RWpfUmszT1BmcVE0QllhcHkzWWJ3SmVXSVhBNHVGcw?oc=5,2024-03-08 08:00:00,STT Info,Finland,FI
Tekoäly 6G-kehityksessä: suunta ja tarkoitus | Oulun yliopisto - STT Info,https://news.google.com/rss/articles/CBMisgFBVV95cUxQQzh5SGF3RXo2ZzZKeEpTaUpxVGc5bThtQXhEbGxwbThVbXRCRlNtUUt3N1pDM3Jyb2lVZlFfd1V4Q21kUV9JbFc2TkU4cHZGTnhhaUJQM0xyUm04X2VVai1yRzZZbldPYjJkaWdrb2hhbVFwZkpsSTdrTGZJQ0sxRElZVWFZY0dSLXFYM0c2SG92Rzd5dVBvRTlSS0ZDXzZPOWk4S05rdzFvWnlYNTFqb053?oc=5,2025-02-12 08:00:00,STT Info,Finland,FI
It-konkarit keksivät puolivitsillä liikeidean – siitä kasvoi yli 7 miljoonan bisnes - tivi.fi,https://news.google.com/rss/articles/CBMidEFVX3lxTE5oSDg2N3JtTzhZMEdKT1Q0dUFSQ0Mwc3FMTEx4V29KYWdxcFV5dE8zRGZOY1JMSzB6YWtNWUUxR3FGTkJVRl9ybk9yYVNVS1diLV9UZk92emNuRUV1WndVNXhKWHh3UzMzR2VpVHcxc0p3QVVy?oc=5,2024-09-20 08:00:00,tivi.fi,Finland,FI
Nikita Tafintsev: Enabling future 6G and beyond networks for efficient operation and integration with emerging technologies - Tampereen korkeakouluyhteisö,https://news.google.com/rss/articles/CBMitwFBVV95cUxOT2VHZ3hxYjg1eks2cFJya3AtaG5PODlyUG1iZzQxR1pNcDladExvZUF4NExsdEZaYmpTVVZUbHRoTzVON1RKOWFfZ2xuSDRHNDFsR1RKNUZrb0t4UnIzQjg1SDlsNnBNNlBUWVhjZjh1a2xVSHZLXzhGb3piYURLdlgzQWo2MXpRVm9sZ2Y1N2VBTG1keUFtN0sxSm1CbjA4QXo5ekdybktRNnpCOXFMNWxiRzFMZFE?oc=5,2024-10-23 07:13:55,Tampereen korkeakouluyhteisö,Finland,FI
Oulun yliopiston projektissa yhdistyvät 6G-teknologia ja autonomiset autot - STT Info,https://news.google.com/rss/articles/CBMi2wFBVV95cUxNSF9Eb19XcDFTQUdIcklrV3c0RU1ZTVhpaFVoTUNZNXlMRGl4Y01PZU9HSHVZYU5XS3BNcVBzd1cwTEVUSEc0MWhsVDZaMTlOQlUwc2o4ZHB0TjRVdGMtckNxTVN6VmlMb1duTEc4OURYYkVodTFQWGo4Z05GNThmMFp6MGg0cTRqQjdUd2NEYWNNU0NhNkhKSEJDRE9sZkdPVUdacjlJS0s1eU8ydFkzVTJuUkkyNEJiby03NVN5UnhMeDMxbkUtbkZEYW9CWmVnQUl1UE43aThiTDA?oc=5,2023-09-25 08:00:00,STT Info,Finland,FI
6G Coming to Country Roads Too - tivi.fi,https://news.google.com/rss/articles/CBMidEFVX3lxTFBObW5GUlkzaGtKbXZFZlczV05rd09qYkdLLTJRVklnclprZHZ1bThVYlZUSUI0UFJDYXQ3dnc3ck5UVG9vY3diWXdMcjlNZUFKTDRsejdXaGE1VTM3U20xOGZmSXQ2SXFfNTJwVkwxZkNkQ1Y1?oc=5,2024-02-06 08:00:00,tivi.fi,Finland,FI
Suomessa käyttöön Euroopan ensimmäinen 5g-pilviverkko: raivaa tietä jo 6g-aikakauden tulolle - tivi.fi,https://news.google.com/rss/articles/CBMidEFVX3lxTFBSYnRRa1g4ZkpENVM1aExOMVk3NnROeHhRWGVyVjlURF82dmg4ZDBFUEs0aXp1Yzd3ZEtBN052ckdDX0tPMFRNQ090T0YzR2ZWNVlyX1Q1UjlPazBtR182eFJnVUNuY0gxSHVxNGE0VkdoazVV?oc=5,2024-12-17 08:00:00,tivi.fi,Finland,FI
Oulun yliopistossa saavutettiin merkittäviä tuloksia 6G RF -elektroniikassa - STT Info,https://news.google.com/rss/articles/CBMi2wFBVV95cUxOejY1WFEzaC1GdmJ0YU5keHhwZ0hIbUstTVlUdjRNQTh4WV8yOTh1NDZ2SWxCZ29nMUxUV25uY01yajJxcENjcVZzWWJfb2JGMUhEUWJXRUcydmNyRjlIVk1NLUkxS19Jd2ZEZjRkQ0pDYVl4VlpGbGtrdFN2eGVVb2pfZFNuZVV6N0ZpaVAtc1I0a3FDWGpMbGtkTWItN1lxdENCbFRaemphUDlFNVM4M2dhMEtLQ1hPdmk5SGU1bXFOZjdmWTN2RXNlT2ZwM0FwRjB2RlAwVC0xNlU?oc=5,2024-06-24 08:00:00,STT Info,Finland,FI
Maailman ensimmäinen kokeellinen 6G-tutkimusympäristö rakentuu Suomeen - Tampereen korkeakouluyhteisö,https://news.google.com/rss/articles/CBMiqwFBVV95cUxNamNrWWJkOFMxRWp1UTNZUjVpRkd2dXB6b09lTVlVWHRhWnFMdnZhZ0hnSVFRZEFESnBhWHctYnlheEt5NTc0cFVaaWVoUEtyYkRMa3hjWWR6cnlvUnE4Z1VxQ2xoZDdzWFZ4Qng4eWNrT2EzRkk5ZnRLZGUxWkpvb1FEZG5yLUxRQmpiSHRrbG53Sm5sbk9KQ2s5QWxtR3hvY3kwbHVWQW5fVU0?oc=5,2020-12-09 08:00:00,Tampereen korkeakouluyhteisö,Finland,FI
Two Finnish 6G professors awarded prestigious IEEE Fellow honour | Oulun yliopisto - STT Info,https://news.google.com/rss/articles/CBMizgFBVV95cUxPWFZ3aG1wSmdJMzdKS2NIdHB0d2tRRGlYOVNoRTFmdndQaFBiX0REVlVGcnN2NVBWbGM2NWhjdUhrR09ieEhsZnc1Rl9zRmJzZFhwbmlrNTkwSGhOTTI4Wkw1dFJ1VkVXYTcxVkRydlVhN2wzRlhYanAwUDZPMFdkSmdZVThhdTUwdUl0RVdQSFRPOGdPbEFVQmFIckE5d0EtTzdyZ1ZNazB6TnZLSVdMczVwcTB6aklIN29rT1dtZGhrbTh0Nnh2V0YzaDN0Zw?oc=5,2025-01-13 08:00:00,STT Info,Finland,FI
6G - Katso monipuolinen opas tulevaisuuden teknologiaan - Cryptonews,https://news.google.com/rss/articles/CBMiUkFVX3lxTE0ybm5lSkRIem5hSXNRbk9wZ0pBZXZNbjNSUGFqMVFPeEZtMG55em5vU3QtdllKc2J6TDdSSC1PS0dmejBnZUd6cm43UlhMX3EzRkE?oc=5,2024-11-11 08:00:00,Cryptonews,Finland,FI
Mikä on 6g? Faktat 6g-verkosta ja tekniikan kehityksestä - Iltalehti,https://news.google.com/rss/articles/CBMigAFBVV95cUxPRHJIcVlpZGZ5NUtvTTMtWlZ0SDhEd21qRGxiSTlDd1doVktsM3BjRHBaVFFPellxMzdObkV2dnJXSFQ5Z3p0R1pvREVOUXJNNW1Pc25fNlFzRHlQVjRTZWExRk9Cel9kbnhhN3dVQXlRbFBVY01VYnVScVBpSUp0bQ?oc=5,2021-02-27 08:00:00,Iltalehti,Finland,FI
"Luulitko, että 5G on uusinta uutta? 6G:n tuoma scifi-tulevaisuus häämöttää jo kulman takana – ja sitä kehitetään Oulussa - Yle",https://news.google.com/rss/articles/CBMiQEFVX3lxTE1CdGpYNElnN2RsSmxhYlJiM2xscVN3OUdNSzRTQldrWUFqeDFzdHNITlRPSXM3dnEyYnFYOWhOVzY?oc=5,2018-05-05 08:00:00,Yle,Finland,FI
Nokian Lundmark: vuonna 2030 6g-verkko on käytössä ja älypuhelimet jäävät historiaan - Kauppalehti,https://news.google.com/rss/articles/CBMifkFVX3lxTE4tekRWVFpST2VSMWFZMW1qcGhkNEpsY1FjMFRWQ3EyZEVBLUc5Slh5Yk5jbnRGb1JDTTdTYV83SmNYZmJPdlNGY0p0bjlBSUc4M1JlTng5eGt2UWVWbWZNbWpvOTU4S1BzY1RBYTd0bng4SElUYk9XMTN3OHdHZw?oc=5,2022-05-31 08:00:00,Kauppalehti,Finland,FI
"6G-tutkimuksen johtajalle, professori Matti Latva-aholle merkittävä IEEE Fellow -arvonimi - STT Info",https://news.google.com/rss/articles/CBMi7AFBVV95cUxORS04dkdDTzlfSUFuYWpzZDRtWVVtT0NwOWNpMktNQ0xIQmxsNUhUaFY1c2djYkk2TklFYVRuOFZ0N1NUSmplbktWM2dqR0dBVWtnV2U1X0NsbEZRVGtDcEtPVjJKY2F6bURTY2N2Q19ocjdTdmdwa3VRZFpxSG9YUDBIV3ZYTmF5aWsxX2g1QWpURENNWXVxRGx3bXJGTWtULTVFVnlrcGUxX0Q0SnNUR29FZFJTVGswVjJxT1o3MUNhSl8za0dvRG5xVGg3QVFBa24zTU4wNUx3MnppVXA2SFYzVVFJa0VFNVhzMw?oc=5,2024-01-11 08:00:00,STT Info,Finland,FI
Nokian toimitusjohtajan Pekka Lundmarkin mukaan 6G-verkko voi olla käytössä jo vuonna 2030 - mtvuutiset.fi,https://news.google.com/rss/articles/CBMi-gFBVV95cUxQWHZnSFExcV92RW9xNjE1dUlSbjdmRWJteURMbmp5R01IYVdnXy0zbVpGZzgyWk9nV3FSWDhzSGNYMU5mQVBCamM0ekFMdDBoZkxIUXRwanNnQmQ5ckVQcnUxV0I5eWFmdGhRMFd4VWU2XzFWRFdFS2p6ZWYtN2ZWRlRfMXNHNFYtVjFTaHprZXIyOTlCTTdrSkhSa1FHVktHWWFHOFpMZ25VSUkwc1l6VDhja3VzSkFHeGNqLThEbGF5OV9BNzR1TTAzemJ5N0oxVFBoeC04blN3RFRadmZnSmdzN2tmZjMtd2FFZHNaT2NBUmRSTFcxU1Bn?oc=5,2022-06-04 08:00:00,mtvuutiset.fi,Finland,FI
Oulun yliopiston 6G-tutkijat arvioivat Starlinkin suorituskykyä pohjoisen syrjäseuduilla - STT Info,https://news.google.com/rss/articles/CBMi7gFBVV95cUxOOHI3OXI0NEtrZnNrcUJsZW9uaDV1eDJ2UjFFVGhBWGZGMUdqOWstOUZLRWlkd3JMM1hhYVBPNFFqTkcwWGhZUy12RzFNZE1GSzJySWF1bEZJU0J6akN6TWw1Z19QdnJCQW5rRE91XzdKTXQyNzJTRHR5dHZEbkg3dnZBNU00ZjFOU2hiZ2tERmd5bFFoUGp2REZVRE9RVk5aczFlMzh0VVRZcWNWUVk3c1lCLWhaWEVxQnhCNVBZTHJXUU1SQlRoeUVuX3FrRE5UUHhTN2VTUlZUYUszQkJHQlBoZzRpb3B0RHdIYmd3?oc=5,2023-10-05 08:00:00,STT Info,Finland,FI
Blinkenin vierailu | Suomen ja Yhdysvaltojen 6G-yhteistyöllä varaudutaan myös Kiinan uhkaan - HS.fi,https://news.google.com/rss/articles/CBMiYEFVX3lxTE95TDdTc2FtZHJ0dXRWanZWcmVWc0RSbnQ4RDRLRDk0SlI1X0ZVMDI5WUhra1lYNU5JanA0dXJXNy1kWmpXTU1xSXBoOE01QUFfbklZQjZJaTR3aUpCQjZnXw?oc=5,2023-06-02 08:00:00,HS.fi,Finland,FI
Telia ja Nokia pilotoivat onnistuneesti tulevaisuuden 5g- ja 6g-taajuuksia - Tekniikan Maailma,https://news.google.com/rss/articles/CBMipAFBVV95cUxOX09PTWQyQ1ByWnpGSmFEZF81MVFQVXNVaGQ0bWR3TmotNGNhdWhHVWIwTS11WXZzQkw0dTFDbVRJRldBa2gxWHhKcElYQmxYZTFCRzVSSFlaOGYwekJIbWVaeGFSdDA1OWZ6Z3FidTIzbTZ2WFF2eC05b09GVFNwMnRlOF82LTBYZkFHZHJzTWtXM3R6c0I0OWpsTnQ5M3hNUXluZg?oc=5,2024-06-06 08:00:00,Tekniikan Maailma,Finland,FI
Nokia paljasti 6g-suunnitelmansa - Iltalehti,https://news.google.com/rss/articles/CBMigAFBVV95cUxONGFfQTFkNUUtN3llUE5YcUk0cWotbjdJUm9BNloxNnpTMXN1bEdTODJuQmtQR2ZRMzdHNmJqeklpTGd2YXJpbWJnLUhDYkFmTGppY1lqbWZCOHk0OFFWT01ieVZCdHlOcnlmRFROSmpXN1N1dnpHZ1JUZkVxSFNETw?oc=5,2024-11-10 08:00:00,Iltalehti,Finland,FI
Suomeen kaksi Naton uutta teknologioiden testikeskusta – Ouluun 6G-testikeskus - Mobiili.fi,https://news.google.com/rss/articles/CBMiqwFBVV95cUxOeFNFOF9oOFRoQTVJNXFtcWtSdFFRV202cUhaRzRya29CcXVPTW5Pb0pPZkJwN18tQ2pXNV9XekJpamtvZlgyV0wzbFhGUFMwa3ZROS1iVjIyUFlyTkFiUHc3dEtBa21IRXJWcWEzOHUyRDJHZXdGWU4wdmdQM2FTZ3FCUVl5bzM5SkRWMXJiVDA1LVJ3V21QYlhsSW83anBQMVU3cnoyQ0Q2Slk?oc=5,2024-03-14 07:00:00,Mobiili.fi,Finland,FI
Kaksi uutta 6G-professuuria yrityslahjoituksena Oulun yliopistoon - STT Info,https://news.google.com/rss/articles/CBMixAFBVV95cUxNaHZUbFpQc3l2eC03VDhVRlJBenJtODFsN25ybG9nU0hnZHJWbXJDLXktSmhWWTNkdVdvQThjRndneWx4VmJrcFlSQWlva3A3WmdXUXlFSnVlRHZGR3pYYzBKUTNENGtIaFFXcVBUQ2RKbVF4cDM3VS1RcmpFNEJZWG5XcGlobS1fQllEWGZyNENHNlFXTTNwWmZHWGgwRktXTE1QVTZqcjhTNm40ZEM3ay1WTkpzUkRLXzNDa2RNQ2p2RVpL?oc=5,2023-02-28 08:00:00,STT Info,Finland,FI
Helsingin yliopisto mukana yhteenliittymässä 6G-kilpailukyvyn edistämiseksi - University of Helsinki,https://news.google.com/rss/articles/CBMi2AFBVV95cUxPcWpkWm5kb3NVb2dmemhLUVZ3YnpVNG9XRWJ5b2Vrb3VPWGpPaHVNTTB5ZUpRRDU1blFzelg2VU1CaGpIb05NSkRQbV96MGY1M01PRG14dm4xSGVfNFhpZTNOQWdiM0REZUptYmQ2NXp2ZGVPNUlVYmFEbnhqRjQ5TnNKSmg2UzVhMDNlY1c1c21RdHgtc25hcHRhb1QwTkhGLWswdS1YQnJOT3kzUFZ6QmdTNjY1XzNsZ1VnNmQwcnBKMzVFREVxZWdELVZQTEFNOEstX0RDeHY?oc=5,2022-05-11 08:00:00,University of Helsinki,Finland,FI
Ouluun perustetaan Naton testikeskus – ”Oulu on 6G-teknologian edelläkävijä ja keskeisessä asemassa uuden teknologian kehityksessä” – Mun Oulu - Mun Oulu,https://news.google.com/rss/articles/CBMi7wFBVV95cUxQR0RmT18wV0JKb0hMRl9ib1lINHMtNGgtQ0NNSVdJZHhtNTBVcnRaZDRNQmZDNUhEdUI2VnVSUjlHM0Z3d1hoamRqaUQ1OHluazFHN09yUXVZWjRvQl9qUmh5TEI3a1hWendkaUQwdmJrb2lRQ3B5RUVqT3BJRjJaakZiQm9rX0FOeUtHVm5fWkZ0bXVWdEdObDRBMk9wTVhoVHZhY1hHQUFsVkVjVktnbkF6RlNtZWs5N2hVandtRjkzbTUyUEpRRkRBOEdBZk9xVDl0aEg3R2xjd0xBRFZhUUVOVy1Va25nRG8yVl9KTQ?oc=5,2024-03-14 07:00:00,Mun Oulu,Finland,FI
6g lunastaa 4g:lle asetettuja odotuksia – tekoäly saa tärkeän tehtävän - tivi.fi,https://news.google.com/rss/articles/CBMidEFVX3lxTFBqLWZuTzdxbjBOYVY4VTlBUHg2azc4XzJnWXJNTXBtTG1UYThtMk1sTWcxX0V1SGs5MElCbDlJQ3JuZ1ozckZYWmZ5U3JyTS1FbWo3T0EyX3lyeGdCV3BQeGlicEZuenRITTdvb3lLTG9YSDJi?oc=5,2023-08-18 08:00:00,tivi.fi,Finland,FI
Oletko jo 5G-kaistalla? Lue suurkatsaus uuteen mobiiliverkkoon - kotimikro.fi,https://news.google.com/rss/articles/CBMitgFBVV95cUxOMmprcXp0UUtKZDRmNEdNY2dPeG5YUWxDNEFYWUJOMzJXVUt2WlRPRWstNldFMDZqbldxYVJxa2Z6Y3Q0ejlSUG43UExqZmYyM3VjTmJhWThSU1A2WmNBYzVvNjBHTk43S014QlFjRWc0TzBjNUhtMzVBMGY5ems3dTZ5azVZRDdsOWxGRGJWb0NlRHByOEtad3pzbGpiUzZmckx5Zk9nRkR0dWJCazQ2Z3hmQVFUZw?oc=5,2021-02-03 08:00:00,kotimikro.fi,Finland,FI
Nokian toimitusjohtaja: Vuonna 2030 6g on käytössä ja älypuhelimet ehkä historiaa - Iltalehti,https://news.google.com/rss/articles/CBMigAFBVV95cUxQQWlGOEpSM2FVdGJvUmthc0w0eVBrNUswM3o3TkU0ckh0ODNscENNUnlJTVhTc0NQLVJpdVRqY3QzZ3FzN21FU3V5LUJ5S3Q2Qlczb3pOcUFhbkcxMzliSDdOeEVsUW8xdG10MGRKSkFiVE9ndmRmY1ZoNWVIcjVjSw?oc=5,2022-05-31 08:00:00,Iltalehti,Finland,FI
Tuore 6G-lehti esittelee tutkimusta monipuolisesti - STT Info,https://news.google.com/rss/articles/CBMisAFBVV95cUxOczVxTWFGWFJjdDBuTUNBbFI5dExXNEtSVzhxQlpDd25TYzJIWnFneWtfcEhPZFRVQ2todVdZa2tTN3VhU3VETHFaZWljVzRUeWJiSTlRWjFrRi1Xc1RPU1Q5S0U2U2dGNXVDcm1iZjFaMjM3T09adnFGMVl1T3g5OTZPTGs0aTdJN1VhUmVReGlMakpBTHNfWDFuVFZQclY0M24tRExVSFVrakJJMmhSSA?oc=5,2020-10-19 08:00:00,STT Info,Finland,FI
Puhtaan signaalin unelma - STT Info,https://news.google.com/rss/articles/CBMijgFBVV95cUxOZnFjSGJOcFhZQllCU0NhbGM5OXdVY3RqcXp6MFNCNzVYZktaMVNubVpvcVFDeXBVSlA2S3cxOEpQc08zYmNKLWVhWUJ0QmZ3Y3lXVG5zV2ZfOTR1S1NTZmxVTDlqRmdrOXdBdTVsZWhrenB1M0oxUF9wQkJQcjVnenVLMTlBWTlKYkNBOGlB?oc=5,2022-02-24 08:00:00,STT Info,Finland,FI
Oululaisprofessori ennustaa: 6g-teknologia auttaa hillitsemään ruokahävikkiä ja kulutusta - Ilta-Sanomat,https://news.google.com/rss/articles/CBMiYkFVX3lxTE1WSzhtNmVRVHFOUnQ0bjhncEVuR1I0cVhPeFJpR0NBYmNadXRkUExmR1JzWE5SYWJGN3FQYW9UMi12RUpzQzlYUDNJN0Z2Z2lZeHlLYVl4eV9hSnQ4ODNVRHlR?oc=5,2020-02-14 08:00:00,Ilta-Sanomat,Finland,FI
Suomalainen 6G-teknologian tutkimus kiinnostaa maailmalla - SalkunRakentaja,https://news.google.com/rss/articles/CBMib0FVX3lxTFBBVVNkbEs3N0haUGdPb045cTE2cy1lZE1Ca3ROdWVpazJTVVhzYmFDOHhFaFhwY3VzTU01LWpTWjBZNG5makZLR0xETW8xSnFJYjE1dk00d3ByRFVNOW9hWlVBSHFpaXBPSTM4dkF6bw?oc=5,2020-11-06 08:00:00,SalkunRakentaja,Finland,FI
Älykkäät verkot ja palvelut -yhteisyritys - european-union.europa.eu,https://news.google.com/rss/articles/CBMi-wFBVV95cUxPcjJMU2hFaG4xZ3hCWnhLTmxXNVAwUjQ1TTQtSXhfM3d6WVdoVFRoNGctMk83ZllwWDVMdENhREk2czVXYzBldmxmSmhOYTJtSXAwT3dnSktycnZrZGJ4WW41emVMb0FJWDUzUVdvSnl5SjhJdDNKU0ZUaG1IX1dvbUZoeGxkNFR6SlV0TS1KVmJjeHZWaXRnRVVvM3Z0X3R6cnNxLWZYRE9SaWF6X2VBS2Z6YzFWcDM5ZzNUZW51OERhbDd3Y2hMeGNGbXVUVUhhTmVFRDhlSy0ya1VtOU1ldGNLU0REWEI0OXNWWk1YS01qek4zMkpzNDhjZw?oc=5,2023-06-10 19:21:58,european-union.europa.eu,Finland,FI
Ouluun avautui yritysten lahjoituksena kaksi 6g-professuuria - tivi.fi,https://news.google.com/rss/articles/CBMidEFVX3lxTE1UWTBXaWZEcTd0QVhWLUs2RVhvcFpkZUo1dHFWVllFS0o1Y1QxYkl5dEZueF9JclF2bTVFdzU0QjN0cFdqd05rQnFLQVRiVnFqTlY4bE9zRkhoSDVyODlZeHlDcWZKV0k2UlMzMGVwdE9JQlZf?oc=5,2023-03-01 08:00:00,tivi.fi,Finland,FI
"Professori Markku Juntti: ”6G on liima, joka sitoo kaiken yhteen” - STT Info",https://news.google.com/rss/articles/CBMivwFBVV95cUxNa2xRUGNBY29hRXk3VjV0TTc1NFZ4Yl9BX003aDZGS1hQVlNEWHFNa2JzRUFBOU95QUVJS3h0VEw2YVhGX1BCelZMWVYtSGsxaUtCMUdZNWJqeFNUWlpiak1mckY2ZEJZaENiX3AwYkhIUHplNGptRFliTV9PTDdyb1QzSndzMnNMUDZTYmhKdVpCLUhsOUtWV1lFWFFJc0tIYld6SHZmMVdJeFBmWFpzVF9tY0hsTlFWVGhPMzUtUQ?oc=5,2020-02-04 08:00:00,STT Info,Finland,FI
”Kaupallisia sovelluksia vuonna 2028”: Samsung suunnittelee jo 6g-verkkoja - Uusi Suomi,https://news.google.com/rss/articles/CBMie0FVX3lxTE10ZHpjZzltS1JVX3RqRmpRUTFwcy1GUXBpOFpHeUNab0JacVZrb3VxRVBJdEd3WDRxZktGakJUeGdMcF9Tay1SXy05VWlTYk5mNy1aUDFpQVdoQk1kTEFURXdzSmw2NmpUQUcwYkpibjlWVnFNQ0tLQzZJcw?oc=5,2020-07-26 08:00:00,Uusi Suomi,Finland,FI
Testissä MSI GeForce GTX 1660 Ventus XS 6G OC - io-tech.fi,https://news.google.com/rss/articles/CBMihwFBVV95cUxOSGpEN3JSbm9WTjh5cXhfU2lwU0ZIc1VUVG14ekVUYXBLRzJSbXRWc0NoMm1pcXRqYm9MNU56QUUyQWp3MGZQeXZoQzRSV2hXUm05V1FFUWtDUW1WNlRSa08waEw5MGdPdHVVU3g5ZDBWbjl0SFNua2d2aEhLU2wxbUZKN2tleXc?oc=5,2019-03-21 07:00:00,io-tech.fi,Finland,FI
"Etäkirurgiaa ja terveyttä mittaavia pukuja – 5G- ja 6G-teknologia voi auttaa diagnostiikan ja hoidon lisäksi myös hoitajapulassa, uskovat asiantuntijat - Lapin Kansa",https://news.google.com/rss/articles/CBMijAFBVV95cUxQT2ZpLXpxYk1kQjFadl9fT2lWT0hqajlBUzllc3ExVUFQcUJJRTlGeF9uVzRRc0JmU1RiY2ExT1hhNjFmaE5CbnBVWXlkd0pXQmRybWtrSkRzeS1LYk9COU52ZjZMR1BzMW9lMzhHd1MxQ0NyVkg4NFpCZzhFWVNVOUdxTUxHUTdNVDFLbQ?oc=5,2022-11-28 08:00:00,Lapin Kansa,Finland,FI
Mariella Särestöniemi sai vuoden 2024 eHealth-palkinnon | Oulun yliopisto - STT Info,https://news.google.com/rss/articles/CBMiwgFBVV95cUxNWEtCVTR4ODJxU2d3amJoR3ZQaElvekNGeGZEYl8xQkY5YTRldjRIUjlHb2x0S2NFOE91SThFR3YtWmVON1VmczdsWjZsM2drRDNIWjlxWWdPcnZyMllHVGxfSVAxdHR5VFUwWU9OcDJEQ0daZFp0blU5OXN0ZGxwSUdpSUVGNVhMX2JWWUxvUGZfWW9Hb2F2czZzMDZtZExpZDRCb0ZQN0hrZllONnNoWVgyMGdVNFlIZk5Ia0kyUlpnQQ?oc=5,2024-12-05 08:00:00,STT Info,Finland,FI
"Elon Muskin Starlink-satelliittien nettiyhteyksiä testattiin Pohjois-Suomessa: ”Jos netti on pakko saada, niin onhan tämä toimiva peli” - Yle",https://news.google.com/rss/articles/CBMiQkFVX3lxTE9YY3B2ZFFZeFBwVXFaVVFNSXc2VGl5WUNtT3ZyWUNrSS03RGZLNmUwLXRyLUp3UG9LTXRIc1k4UVd1dw?oc=5,2023-10-06 08:00:00,Yle,Finland,FI
"”Ihan klassisia vakoilujuttuja”, Oulun yliopiston 6G-tutkija Matti Latva-aho toteaa Kiinaan liittyvistä turvallisuusriskeistä – Oulu ja Kiina tekevät yhteistyötä muun muassa BusinessOulun ja oppilaitosten kautta - Kaleva",https://news.google.com/rss/articles/CBMihwFBVV95cUxQM2ltYnZWYkpSSDZSMEZlQmpPT0EwS2xLMFJBbVRLVkNEY2JZbjZCRlJ3T21DYTl3dWgzZkxXTTQzel9TZkUxLXV6bzdyMm1XTkV4N19tV0ktMlhXdlg2TDF1NlQtTFF6aTVlZEpQcm1DUW1lZzZjRmhWcUNmZEJuRi1fTVZWRTg?oc=5,2022-07-17 08:00:00,Kaleva,Finland,FI
Nokia 6G-yhteistyöhön japanilaisoperaattorien kanssa – tavoitteena tutkia kahta merkittävää teknologista edistysaskelta - Mobiili.fi,https://news.google.com/rss/articles/CBMi4gFBVV95cUxNbHRfRHJRSmhkSVJ5Uk9xWTA2UlpXcUd5NTJodWU5MUhuTkFGVlBtUDVFTHJFejRTWWpOVkRhYUV3VF9lVjBVVW1HX0VQUkNQRjhFS3ZWU2N0Z1F4R0I0T3B6VWk1ajBvQndsblFnc3gxVDRPcVRPZVdDdGliWjBmLXJTQkNzcHh6ajNpQ3Nha3FCRTIyV25aTWQyMUdCTDJKdjlMaU1nVlZGbVM4THVZUkw4SEUwUlRSLXd3VDlrd2E2b1VtdlVDUVRFYTZIR05UNW1TYmdhZnJVYUNWWWRtanhn?oc=5,2022-06-06 08:00:00,Mobiili.fi,Finland,FI
Tutkijat kehittivät ehdokkaan 6G-vastaanottimeksi - etn.fi,https://news.google.com/rss/articles/CBMikgFBVV95cUxPZkpWNG85VElUQzRzRFE3bFQzUEpiLWFTVTBJdTlGNTlfbF9iaXdsbE5wMDcxUU0xWUxSaFlmc2JNbXhBWmp2Yk1JR0dFLXNGU1R0VGpoMW1rMUVmZ3A4NGRYRi1LVk0yMlo5d0gyTlZKYjV3bktJRUl3RHB3MHNaa1pWZ0pnLWk2WVRxbFRITlhQUQ?oc=5,2019-12-05 08:00:00,etn.fi,Finland,FI
Uusi 6G-internet-nopeusennätys on tehty! - İndigo Dergisi,https://news.google.com/rss/articles/CBMinAFBVV95cUxNTWhISDRjTUhuS1JPa3laTHQxNkJQcnczMzhINUJMVXVXZmszcVhXZDRwVGJqc2toRnJvUGZUWTFJMUIyekRlcXd4UDRueGlEbTd0Q0puWFcwbWJWOWVQaU1waEhGb1N4VzI3aXBnM2g4dFdTMlcwd2ZVbWlpbUQwUjZSZkJFWGR5cXBURGZUM2hwd092a1JJbU9mVFY?oc=5,2023-04-25 08:00:00,İndigo Dergisi,Finland,FI
Marraskuun kybersäässä kiristyshaittaohjelmat aiheuttivat salamointia - Traficomin Kyberturvallisuuskeskus,https://news.google.com/rss/articles/CBMigAFBVV95cUxOUkRrdXF2WGRnLVJMcmRvR1pKeGlmc0g1Ynl2VWVKUWdWRi1uTGZYbTYwYWxaZjNqM0d0c2dTaERCLVV4UzEtTy15ZGU4TUFhSXowX0l0SUtEUkJzNXFBZDBLLUdzUGlnOFV2N2Y3TEhoTkpFaHk4Nzc1QUdtY2JDbQ?oc=5,2023-12-14 08:00:00,Traficomin Kyberturvallisuuskeskus,Finland,FI
Så kommer 6G kunna förändra ditt liv - SVT Nyheter,https://news.google.com/rss/articles/CBMigAFBVV95cUxOTmR5UEFEdlFNbVRsR0ctbGthdlA0SVItY0ZoOXFJVUxnMGlJSTgyXzVJTTdFc3QySWJlTVhqOFNocDhEZmtLRzlJZUhYSG45ZTRsbmxYOWY1QTNwYzZNYllEMVFmWXM2bEExdzVrb1poanRoU0x5bGd0eXFCamxndw?oc=5,2025-08-18 08:00:00,SVT Nyheter,Sweden,SE
"SynaXG and Tech Mahindra Partner to Advance AI-Native, 6G-Ready Network Solutions (PR Newswire) - Aktiellt",https://news.google.com/rss/articles/CBMiX0FVX3lxTE95ZmhRdEtRSVpuU1JTT1hPR2hkVUhRXzlKNEtaWTB4a1V2SU5yWXVzWWl4ZU1hSF9HTXBDSzFKbXJFU3lNVWVYaERsZ3pGWlRZU3N6UVB2UkZlQlExNGtV?oc=5,2026-02-10 11:08:24,Aktiellt,Sweden,SE
Högre säkerhet med 6G i gruvan - Forskning & Framsteg,https://news.google.com/rss/articles/CBMiZEFVX3lxTE5GNGRPTTg2MXNZRVl1dklKQUl1Qkt4Z282S0ZYamRfLVR4Y29mMExJTm5RNHVHM3NHdVk5ZEs3NG8xZ0UwdFNsaUo2NGh3VUd5TlhOdjNOQXF0RVJEZ1FjQXZIMGo?oc=5,2025-08-27 08:00:00,Forskning & Framsteg,Sweden,SE
6G – Allt om sjätte generationens mobilsystem - Bredbandsval.se,https://news.google.com/rss/articles/CBMiUEFVX3lxTE9tQjliWW9Ya3J5WV9XLW1RQnZYT1JyM2ZQdHc2Um9QbnA3YWhPOURNa2VXQUItak5OM25OYTJhcWg1VjhwS0pNNlFfdkVoRUVw?oc=5,2025-04-14 08:00:00,Bredbandsval.se,Sweden,SE
Kommer 6G-internet att förändra våra onlinevanor – eller är 5G redan tillräckligt? - dagensinfrastruktur -,https://news.google.com/rss/articles/CBMixAFBVV95cUxNR05FTDl6bnVhQWFKT0JmT3c5YjBMSFlfU3VvRG1kTEVLUlhyTTdLSHJZOVYxRzh5c0hGZ1dmMGJOT2s3b2dwc0x5OWQwZ0VBR3I4cEdWWC14ajV3Vmw4Q1hQV1BpQTFpY2oyR01ZMzlmSU5zbUJHdVZ0OG84Z2UwTy1fUnFfWnpGcWdUemJlR2lnZmRpTVZZYzh1V2d1X1YzM2RyQUFwR3ZTdWxxazRhMzQyQ2xQUXpxSjNSUEdPbVZsTTRw?oc=5,2025-08-11 08:00:00,dagensinfrastruktur -,Sweden,SE
Nyheter | Elskåpets revansch: Från förvaring till 6G-testbädd - Future by Lund,https://news.google.com/rss/articles/CBMib0FVX3lxTE9HRk5oTjhxWERoazlJOXVPQVhMTnN4Nk0wN3FITlM3ZVdXSWd0bWRxNWwzUC1VRGRsVTRrSXM2R1o3ZTJidXBkcnVhRDM3dFhRUlowRDZnb0tkeldwMVhtMWo5Rjh6NVRwWkF0V21MRQ?oc=5,2025-09-17 08:00:00,Future by Lund,Sweden,SE
Nvidia investerar miljarder i Nokia för 6g-satsning - Computer Sweden,https://news.google.com/rss/articles/CBMinwFBVV95cUxPc2xzVTJxS2d3M2xzai1qQVdqd0dhdWtXRmNQNHJ6RWJGaWpRY0p2SC1GOTlWVHNpZ0VyZHhudzRrOHFaai03WWstVVRuTFVEeTVsd1llUDY4SFItSG1fZ1RDb1FhNzFKSjVMWWdZcUx0ZDRIZjN6b1NQeHUySEVkbV8yUXhUR19xZnJUT0RlallNZjlrMmZFSncyTEh1Tjg?oc=5,2025-10-29 07:00:00,Computer Sweden,Sweden,SE
6G: Cybersecurity and defence implications - Utrikespolitiska institutet (UI),https://news.google.com/rss/articles/CBMiogFBVV95cUxQT2EtQ1J0UmV6SXU3OElyU0JuUlAybmU2SDRSQjJfUWZ6aTF6b2wtRTE4OHM3OGpCV1RPUVpxRmVSOVkyNDU2b2dRaFB2TzdJOHBFX01yMlNnWjdOX1loSU5CRGlvU3Z4NjlmUElodW1NbExrczMzeXB0clQwXzR1MmV6TW1zXzVUbDlDdWlQS2h2S2dlcVBFb0tVcE45S2thdFE?oc=5,2025-05-01 16:11:53,Utrikespolitiska institutet (UI),Sweden,SE
Ericsson och Nokia samarbetar om videokodning för 6G - Elektroniktidningen,https://news.google.com/rss/articles/CBMinwFBVV95cUxPb05Idzl1OVpSZG0xcmhkY1ZzVmZiaFFxVUhqcm9oTnA3WjBwbG03d25DV2lVNzg3QnE5UTlOV3B4RVJ4bUVhbnA0OG84bnU2YndfNHJtdk1uN2NSdW5fVENGb2QxaFpzeUFGOTFYZkhzc0pHOGV3bjdZQnJnUTFkcVF6cTlPbEI2REYtNWxTLXhYSkV4LXBuU2drUXJ6TFk?oc=5,2025-10-27 07:00:00,Elektroniktidningen,Sweden,SE
Nu utvecklas 6G på Chalmers: ”Lite mer mänsklig känsla” - P4 Göteborg - Sveriges Radio,https://news.google.com/rss/articles/CBMikwFBVV95cUxPZlZ2ZHdtdlZpN1RtQktIckhXYnVtRFNVelU5bE5hdUFEXzY3WUFVbTAzRjgxdXZFNlNNRjZOdDNkRE1WamRYOGo3VW1YTG9sT2dPckNzNUhwYzdaMmI5c2c4dEZzSk9qMUtmZi1WZjNsYTlWTUlMSzdiX2dnUXFCMVg4bWpJVmVHSUVISXNFYmtyY0k?oc=5,2025-08-23 08:00:00,Sveriges Radio,Sweden,SE
6G tar form: Sverige i frontlinjen för ny teknik - Svenska Epoch Times,https://news.google.com/rss/articles/CBMifkFVX3lxTE5QcHdVRlY0cW9Qem5iRHZUYWVBT2QwNXhmaVFBSjE5ZHhHQldKam8zclcxX0JQbEV1SDNRNTRpYzlhbkZxQlVhM3otVE5LUnFueHNVeWRfSVZMb3lQcUg0RTJqeWd0UlBnTkJsZzFyTUFPZFZjUFpBZEIySnoyZw?oc=5,2025-08-28 08:00:00,Svenska Epoch Times,Sweden,SE
Driv framtiden: samarbeten Sverige–Japan inom halvledare och 6G - Vinnova,https://news.google.com/rss/articles/CBMi4gFBVV95cUxNTHNTQmFwQUQtTVFUaFF4WUZHYzVzbDdxbGxoazgzbk9XSGtxd2oyNXYtTWdTaE9CdUFuTDkzVXpVbzhNYjJFUEMzdldET0tBRG9lam9qNzVmZ09ta0c3XzdEZi1zd2VZc0Y4SXJVdFdlWU95LVpGOHFNRU0xa1FGN29BOE1nSU1pSUlzYUNZOWh4N1A4VFdLYjNHbERzWjI1ejNwMFJIUHpHM3NxV0phY0ZyaC1Hdm1DbHk5R0Vwd2dPMDJJNC1iMURydU80Ykp2RDEwSl8tRVdwdjctX0xLVkl3?oc=5,2025-10-27 12:57:25,Vinnova,Sweden,SE
Förarlösa bilar testas i Sverige – med ultrasnabbt 6G-nät - Teknikens Värld,https://news.google.com/rss/articles/CBMitAFBVV95cUxOR3JjMzFrMEJtZWw2Zl9WSk5SbDJzZXZrWFJ5VjlTNlVGRFZjd2p5amdQNm9KRFNuN0J3Yk5peGJyOEY4ZGtOdDdQTXZEM0tseGZOdFNwREVlT0dLMFRNUTZKTTU5NENFeFpGZURKWDhYdloyZkE1dEdnZThySkt5T0daTE84WUZGQ1pMNkFJY0JWLWNzQUxUeWQxS29VLVRwUGkxb3NfU2ZIalpvbHVvTWV0Q3c?oc=5,2025-08-31 08:00:00,Teknikens Värld,Sweden,SE
Här utvecklas 6G av forskarna på Chalmers - SVT Nyheter,https://news.google.com/rss/articles/CBMihwFBVV95cUxNYmdwWVd6NVRKUUtRcDJjZkQ3YlI2NkdLWVFlbDBvekxlNm1XX3gweGVNVGRRTEV4WHkyd2s1ZzZlcGo2WFpMX0FQY0loLVlrNjlBSm1fSTFWcUhKdTFMVjAtNXVCWDRZeGdvbFF0YWhweVRqeTRFV1IySF84cHJuQkM5OGVzWHc?oc=5,2025-08-18 08:00:00,SVT Nyheter,Sweden,SE
Nvidia inleder miljardpartnerskap med Nokia – för framtidens 6g-nät - Techtidningen,https://news.google.com/rss/articles/CBMifkFVX3lxTE1xLVZsanpuNlZRU252N0JZZnVyV3dKMHNUd0NtcVNsSVNkWmFhNVhZa3pjSFpfbGhwTldhdFJtaG5kcWVtd05SVWFxN2k3d0ZNYkhpWHh5VWNkdGE1cFpacThZZlR6eW5UVk1RbE45cW5RZjBrOTYwdlBPTnVVdw?oc=5,2025-10-29 07:00:00,Techtidningen,Sweden,SE
300 nya jobb när Ericsson satsar på 6g-forskning i Japan - Ny Teknik,https://news.google.com/rss/articles/CBMimAFBVV95cUxQVEFSRl9QeUlwaXZXQnBFVjlWU3dZTklqcnF3RE9mSjlsYXg5RlhxWmhjd1hwbVBabzlINlpQS3VKeFF6N3JGTDVCZ09LQlRVakNMNHFpMVZvaVZtdlhxT2dEVGhGODdOT0hXNWNsQU5Mb1IwNFg1bXUxVVBmMFRWMEozZmotcTlLQVRiU1J3blNpX0E1NjYycg?oc=5,2025-05-15 08:00:00,Ny Teknik,Sweden,SE
Så kan 6G förändra vardagen – från hologram till fjärrkirurgi - Forskning & Framsteg,https://news.google.com/rss/articles/CBMiiwFBVV95cUxNb1k2SzVJRkxlN21TYmhyb1dqQ0tSc0lEbEJ3bVFnQUpzQWxtNVRGeloybUZrbWNaeURfZWQ2REhXS1BIME4zak94MG9wZkNtSlkxc1BFZkp4b2Q1NTJrWFlHSFVMZHdWTjRrVFkwMUJMRWJDX3J2b0hPelpwT2pyZnFXRXpnekFfQ2Vj?oc=5,2025-08-27 08:00:00,Forskning & Framsteg,Sweden,SE
"Nvidia vill se 6G ""Made in America"" - Elektroniktidningen",https://news.google.com/rss/articles/CBMigwFBVV95cUxQS0pueC1HSzlPdzNwSlQ1UWZFdDU2NEVkWEJHdEF6bVVveldFT19BWHdvSDh6dzNOUko1Ym84cUx6LTRuMlRjMm9DRW9OUmVMT1lFaGNWYUVER0hsYVplcDgzUDVTTFF0a1dSc0VkSVR5NG92Z25VdHN6RjJlcmp6bkNVTQ?oc=5,2025-10-30 07:00:00,Elektroniktidningen,Sweden,SE
6G - internationellt forskning- och innovationssamarbete 2025 - Vinnova,https://news.google.com/rss/articles/CBMilgFBVV95cUxNLVFJN0xnd24tV1BkQkdFS1ZUZmpOdXJ2cWFkbzVRdDlYalE3bFlGSnBocTZqOEtibmxvUTVFcGZJamJSNWc4eVhRNzZtT1htZ2hTdkdLSTFJZndTd2t6V2g3SUNZSnZncnhyNkJxS1l5VDl1aXBMbG9YNXVkUFpJU1dsMnBhdmljc2tGTWFsMTRBcnZkNVE?oc=5,2025-03-25 15:34:35,Vinnova,Sweden,SE
Projekt | Öppen testbädd i 5G+/6G i publik miljö planeras - Future by Lund,https://news.google.com/rss/articles/CBMiigFBVV95cUxNbVY4VEl3NXo4UVlobklpcXZpYTJVY3kxTTljbDRrQnFVcVpJVGVmR2N1bzN6aTVaV01yNlR4U0Z6Vk1ncHVkeTg1YzN1eEI1R192T2VBaGJBY2FyOGdNWWRDNkNqalpSYzRpQk1DMndjNGR4R0JpVy1YdldRVEZNR1pEalprSldZT1E?oc=5,2025-03-13 10:59:50,Future by Lund,Sweden,SE
Telekomrävarnas miljardbygge utmanar USA:s techjättar - DI,https://news.google.com/rss/articles/CBMihwFBVV95cUxNX0o0cF9GZ3Z3dEJ5d3N0OWNQV3pkdlR0eE5RZFZUZjVnTTFZZ3FDMDFEdlEyYXJkMHdremJBWXRiZGs3YVJiVVFWa3NhVWJ2cGhSSGdUOHRKYUFvZU1Qbm1pZ1lEVHZWRnkwT1hlSk9hSmVJd015bFQzOEFxMjU2X3hkNzlLR2M?oc=5,2025-07-02 08:00:00,DI,Sweden,SE
Video: Då kommer 6G i mobilen - EFN,https://news.google.com/rss/articles/CBMiVEFVX3lxTE5YbEdNMnRzYVRETlM3S0JRWUlqQkE3Rzl6Rm40cGx4eFVUVjU4bi0tdFl2SWVXb2szQ2N6UFN5YVdvYnZreGVlRFoxblZ0SkNxNm1JYg?oc=5,2025-03-04 08:00:00,EFN,Sweden,SE
Stubb talade varmt för Finlands kvantteknik och 6G – det här handlar det om - Yle,https://news.google.com/rss/articles/CBMiQEFVX3lxTFBiTmtRQXJDeEUyZUllbldHU0lONU42Z1RUN3BraDJMQVRMemVjdmg2VkkyNFZpMWIzWEVRNm9VWk0?oc=5,2025-10-14 08:00:00,Yle,Sweden,SE
Zheng Chen - Knut och Alice Wallenbergs Stiftelse,https://news.google.com/rss/articles/CBMiTkFVX3lxTE5GYUZ6aUEtOFpGVU0xSDBrSXJWeHA3RkE3T1Y4WlJoZnZlNjlOenVadUNyUnRYY2JlRnBBblJOMWdmNk0telRXc0lCeTNIdw?oc=5,2025-12-03 08:59:33,Knut och Alice Wallenbergs Stiftelse,Sweden,SE
Teknik och ROI i telekom – vad blir nästa steg? - dagensinfrastruktur -,https://news.google.com/rss/articles/CBMilgFBVV95cUxOdU5RdTVudXJuZXFJcXI2UFBvZm93WFB4U2RRMDJhUndVMk1JdFRfUlNxTXllLXRlQmFaTm1sbHdXZ3lFVFRNTnl1MTJkRU9jd1JabU1RVDliTzJSOHJ0UGZiTktNd1lfLTR5d3diUUExMXgyUkpvcUtYd3ZoWEo4d1JlQkVSYjdKLWlyOFk1SDMwV3JqS0E?oc=5,2025-09-17 08:00:00,dagensinfrastruktur -,Sweden,SE
"6G – Ett nationellt uppdrag att stärka grundforskning, tillämpad forskning och innovation - Vinnova",https://news.google.com/rss/articles/CBMivwFBVV95cUxOSHJuZ0I4cnkyY0JzZmcxYkUwTi00akZXSFlZcFZmeGRGSmUtZnRueVB1eWhnZ1VYdXpvM2FaTGVXNUR6Q2dWa3owT2FQa0hMWUg2NUhzX24xM3lhbjNsYm9pbE1rVmtJYmYxWHF2aTdFZjAzZDJwU2lLSFJXdkttbGx2MzZ4ZlhfRzBlZ016WmkxZ2dKWVhnZGtaT0M1enNLal8zTGtOWWplTUNiWTItQzhDbXhaVTdfNU0xVzRaRQ?oc=5,2024-10-09 08:00:00,Vinnova,Sweden,SE
Nvidias framtid: • Monsterchip • 6g-nät med AI • Superdatorer - Ny Teknik,https://news.google.com/rss/articles/CBMiqAFBVV95cUxNMWYzUXhtbVdUSjBrLW4zQjU1VmRKVzE2T2JrMXhSX1J5QnlyZUFlNk1IWEtXd0ZZcVV5YjZNTlFlR2s5bE5Dbm5iZUoyTm15U2RrZGVGMkUyNUQ4VXVfRXpGMXdWejY3YmN2aHdaYWlZam5JaDl2enlvMkx3TUw3R2ZwUDNFLTBOM1htUEk4dGpHbXkxcjhKZWZDT1hRQUlBR21hdFIwMkk?oc=5,2025-03-19 07:00:00,Ny Teknik,Sweden,SE
Kompromissen Ericsson ångrar: ”Det handlar om överlevnad” - Ny Teknik,https://news.google.com/rss/articles/CBMimgFBVV95cUxNa2t1dEdpTnNZYm40cVR3bXhiNHhGV1FjZHk5Q09wenl0cXNwdDRpR2ZObVBYajJnblcyUGx5OHktcTZjRDVoUWdkODh3NUZPUHdyeDNJMUk4UlRJMHVzeERBTEE2UWZka3ZXejRrZmhGaVMwZFctb2FUbFV6RUZrdWZwZFdCX3Y3WlhXcVhKT0plSGlXdk12Q3Fn?oc=5,2025-09-10 08:00:00,Ny Teknik,Sweden,SE
Fred Wallenberg tar plats i Investor – första ur ”sjätte generationen - Expressen,https://news.google.com/rss/articles/CBMiiwFBVV95cUxPTzEyRkVGQ1NRbHdIdnQxQ3hLNzBfbE5PNk1hNmZzRXYzN0hEZ2JnbWNYdFFmODVDMVZ3dk54dGFmZmszcTJkMDc5TVgwdkVKaUxJbDFnVVFaTVR6UnVIYm1DdEVtZEMtWXlwbHNORDZxUkNHalBhM3NVVXVqNllvcjUwVE9IRXVuUHJz?oc=5,2025-05-07 08:00:00,Expressen,Sweden,SE
Framtidens 6G-nät ett viktigt verktyg för en hållbar värld - Chalmers,https://news.google.com/rss/articles/CBMipgFBVV95cUxPNlp2Zk5GbXVqbGtBZGExWVl2QXZOVWM1cGx5cWxBdzVVbV9xSTZZV3BBOTlFYjFqN1JFN3NHYmhZVDU4bjhLRHNvYU0yQ0wyY1NxWVByYzBuU2xTeWFhZWd0MmZ1Y3hWdWZOYjdJLURReVR5UDFzR0JuVDlTN0tsXzRGcUpVY3dITlc1ZnNxa3E3WmZkMEdDT3B0cm9oUGk0eGFLLWVB?oc=5,2023-03-30 08:00:00,Chalmers,Sweden,SE
LEDARE: Näringslivets AI-satsningar minskar vår sårbarhet - DI,https://news.google.com/rss/articles/CBMigAFBVV95cUxQMi1wcUptVlVYMGF0Qm9yaGhoVWtBQUR4OVdvRkhCdGlzc0VibVd1WnljZHAyTEFNaGNCY3gzQkhrV2Y2OG42NzBCc3cxSVZXcEMtclNXdFNPekpicWw4c0IzaWF4RnhBR2xxc0Y0VWlGQVRzTUtOcTBvaFVJeUJ5OA?oc=5,2025-07-03 08:00:00,DI,Sweden,SE
Ericsson och Softbank vill samarbeta om AI och 6G - Börsvärlden,https://news.google.com/rss/articles/CBMijwFBVV95cUxQQXpOQWZQTGtOWmJNY0hhZFFlR3I2TVFlcjNmbDhSVVE0RHl1ekdMdEdXWmZ0XzVzOVR6Ukc3YnA4ZGRISDdrdFFYZU5XMmJKWHBqX2JhS1R2TjFOWVhDdmJtT20wYU0yMk5RTktMcUU5MWNuYXdjOVdtd2N0NlhTLWI2UklwMmpFZ2xhVTYyWQ?oc=5,2025-03-26 07:00:00,Börsvärlden,Sweden,SE
Nokia inviger AI-campus i Uleåborg - Evertiq,https://news.google.com/rss/articles/CBMieEFVX3lxTE02U2pSS2RweVZxOVowVHNDM1Y5YmRHeEJLdUNITGlESWthZWNob05fQndJM3BKYWQtcmVqOUg4Q25mRHRCQnZTUEhxNUV3QXZZMlBPaEIzY1czaUgxWENKSmdPOW1mZ1VrVGVLTTRFVzV2UW1nVUlSSA?oc=5,2025-09-08 08:00:00,Evertiq,Sweden,SE
Ericsson ska få dig att fimpa telefonen - DI,https://news.google.com/rss/articles/CBMidEFVX3lxTE9SVEFkWGlqM2t3MW00Ri02dTRCUi12OGw3Y1ROUXlqOV9DRDQ3SnJhdFNlNmpjSGlqLThEQ3ZoUFl4WDJBTzQyWmRhOUZZTXJfTV9XLUliWEppMXJZOFp3UllQYWcySzdCQnlFaFZFLWJIWnZl?oc=5,2023-09-12 08:00:00,DI,Sweden,SE
Nya satsningar på 6G – nästa generations trådlösa teknik - Vinnova,https://news.google.com/rss/articles/CBMipAFBVV95cUxPdmg2Tk94dWU2Y1N6bk9ZUXUtR29kRktleWx4UTgtXzJQYlZRNVNHX05JUmJuYlVEOW5pcXhwM3JvV2pRcEkwRkRmZzVnUFUyWGNXaUNSMWRPTFFwVk9qSFk4LUcyZkVjSDhCemxtakxiUVBOT21rel9ldElGUXV2eFA3elVjUHlQd1FzUFdvZHV6Wm5mWjBLbFlNUWVNZGxPVV9EUQ?oc=5,2024-05-31 08:00:00,Vinnova,Sweden,SE
Här är jobben som flest söker på Ericsson - Ingenjören,https://news.google.com/rss/articles/CBMigAFBVV95cUxNUUR3amkwUlhkUTI2X0pGVlZxNTN0MGdydzdZRDdCV19oU05GVXdlUFpWdkhURjYtN3FoT3dURDJ2bU5jZ29mcW1vZnNHODNsTDM0Q3BWTTJtZDFSNE9WdmJaRU9hWVBXblIxTlUyQzVoQm43YmxTSFd0akI3S0VrOQ?oc=5,2025-05-27 08:00:00,Ingenjören,Sweden,SE
En glimt av 6G – revolutionerande tjänster runt hörnet | Cellnex Telecom - Mynewsdesk,https://news.google.com/rss/articles/CBMivwFBVV95cUxPMVBQaGNIMm1WUXYtdnFlb0oxVk9PVVhrNk9VVXR2RHRrdV9iMUozUXk3LURnazhCNnRCX0YyaUpGOENGLVg2Ql9mNTNhY1dDVnZRdU5BLU1RT1Y2SmIxbHJ4RV9SajBXVWNHX2NuS1lnS2lHb2s1aVNkcFJnSEhkcWhYWkxwdERmZDlLRG1VLW5wd2ZOMzBSV3R1b2VNemhLU1l3N2phUFJtNnYwNlpiX3FDLXJHVWFxSHRpMkZXdw?oc=5,2025-01-14 08:00:00,Mynewsdesk,Sweden,SE
Nvidia pumpar in en miljard dollar i Nokia - Teknikveckan,https://news.google.com/rss/articles/CBMidEFVX3lxTE5UejBXbmNlNWN3SS13QkpIR080VGhIMGVYNDJuWWVmVWMyVlEwZmRORF9keEJKZTE5TzF6NHdyRUxPcXNRU29zRlk4VXk5cEJHS0tNdW5UYkM1RmZWMmgzc05Tc04zY2ZjQTlwS3JyREQyUjdC?oc=5,2025-10-29 07:00:00,Teknikveckan,Sweden,SE
Här är allt du behöver veta om 6g - Techtidningen,https://news.google.com/rss/articles/CBMia0FVX3lxTE9fcUZ6S0s2QV84aTA1Mnc1U0xpR2ZDUzJMclZhbDNrMXYtdzhaYndxYjVWNkxlU1ktbllVVEl6aHF5cTZEdnRZZVp2aVltek9YN2RfcWpMakkyTzZ5WjFyZEh6U0FhUGdNWFhB?oc=5,2023-09-04 08:00:00,Techtidningen,Sweden,SE
6G nu till Luleå tekniska universitet - Mynewsdesk,https://news.google.com/rss/articles/CBMiuAFBVV95cUxNLTZyeWZCMllEV0JhS3dMcnJVLXlBMmoxYUg2OWdxdHpCbW5qdlJibkctcTAyeXV0bXlfdVZBVzM5ZFVyUVItUXhMT3c1WEhna2pkNFlLUlo3aUFuTTVvaFZIQ0RCY19YUkQtUkhRSllSMENnanN3bVo1S1RBVXRUeF9Lem00SmY1dWRvOEhGbUpHWTNJbkR0QXpFWkhXalBVemY2SGt4TG5hMlZfV0xhemRiandjQWlO?oc=5,2024-09-05 08:00:00,Mynewsdesk,Sweden,SE
6G banar väg för framtidens AI - Knut och Alice Wallenbergs Stiftelse,https://news.google.com/rss/articles/CBMiY0FVX3lxTE4tdDYtNWtOTGVvM1hpWWZhNzJWX1VFaW5DYTB0dWxaZ1BVcjB2cUxFWGh0eGRGQ2hpaXRzbHdVaU4wVjZkZFctWEhkVmFMcm1xV0lNbUwwVEFWbG9xUFU4T3ZmUQ?oc=5,2022-11-12 03:31:36,Knut och Alice Wallenbergs Stiftelse,Sweden,SE
60 miljoner till 6G-till-satellit - Elektroniktidningen,https://news.google.com/rss/articles/CBMikwFBVV95cUxQSFlQQ1FuYW9xdlBheHBkT2lUSmdPaFFiWndKb3J4UnBXdl9GR05iZlZSZERfYnVaUXQ2c2FpakhMQ05Xb2w2TVpfRnNBSXhoMWVEQnVkMjV1N0N5YWxHTGpMVU1pYVpEMmtGLWF0V3JhYTl6Sm1jeXowQ2FTU3I0enUzM2dNZnZUeF80czlwS3lkWTg?oc=5,2024-12-13 08:00:00,Elektroniktidningen,Sweden,SE
AI-drivna 6g-nät öppnar för stora innovationer - Computer Sweden,https://news.google.com/rss/articles/CBMikwFBVV95cUxOYlVNQTZuWG5TMmxqQnZQNzc3X3QtaWtfMkpnYjh3RjcxVUp5aFNFS3VnQlZIUHJiZHlkRzBERjFITDRpcUdicGVSOURkWVh3NlRyNlR3di0xa3phQ0dUb1pGZ0dxMkw3MVU2emo3U1pyXzhNM3pGelZrSnJWRnFXbDNiZ3N3b0pIdEp3aURpTzVRLXc?oc=5,2024-02-20 08:00:00,Computer Sweden,Sweden,SE
Med 6G blir världen hyperuppkopplad - Forskning & Framsteg,https://news.google.com/rss/articles/CBMia0FVX3lxTE10YURuSkhSVGRoR2o0N0VTeDdzeTFQQnpQVEw4UW9memFnR0tjUFR5c3B1TlNLQ2o5Z3lVd0xlckEyZ0JVMDRCN1hzamtLM0dGc2VuMjNSVkQ2ZUlScjVoUVZaaDlVb1hlb1Zr?oc=5,2019-11-26 08:00:00,Forskning & Framsteg,Sweden,SE
📲 Rekord: 6G som är 500 gånger snabbare än genomsnittlig 5G - Warp News,https://news.google.com/rss/articles/CBMilwFBVV95cUxPQXEwbDZCWGJmQlFWNmdhWTlLWVRnSXlQaVl5d1ZQRFFEVlZVckt5VDdBVFFpSUdHSEhuTkMwSlljZUE5d0ZvekE3a3V6b3oweXUwZ3BNQmpSRWJXc24wczZlSHFsTHhuM0pILWJxZFdINTlBOGUyX2lvVGZnXzBMSG1hS01STEg1UnZCdHlqLWZldmREMmlj?oc=5,2024-05-06 08:00:00,Warp News,Sweden,SE
Forskningsprojekt inom 6G tilldelas anslag från Vetenskapsrådet - Chalmers,https://news.google.com/rss/articles/CBMirAFBVV95cUxNMm5HOXlNdFg5MF9wUUR6YVpfc2xjLU5VNGtQcFY1ZjNjYmg5ZXpYc1BWT29Cc0FvUUlKak9ieURrakdJNXpfXzNSMlpKZk40WmpqZ3NTYWs5aUZfclZGWFNHcWhmczhMLTdvQWVka1Z3UERBZnhZZE5mUFJZdEF2VnRfbFhoQ1FEaGYwOGNQRUxPU1AwcjdHWjYxdUFLOTVDeUZ2V0NzR19jem4w?oc=5,2024-11-15 08:00:00,Chalmers,Sweden,SE
Sverige och USA ingår avtal om 6G-samarbete - Nordisk infrastruktur,https://news.google.com/rss/articles/CBMimgFBVV95cUxNLUpsRm1DTTZ5LWFzczhzcG41OERiM1FvUVg5aC1ERlZMLXlyNi1URU05WWR6eFRZV3FNLU1DcFJJc0NDamJaQ2p6NjlEVUx5ckpWcGdmblN0RWhKRWtUWFg1VDBXTDBBNl9NRlY5OFZrVFhicDhuZlVtSVg4TWZVX2Y1ZUZqWTdXQzlwZUliVk9Nclp1bkNlMS1B?oc=5,2024-08-06 08:00:00,Nordisk infrastruktur,Sweden,SE
Gemensamma företaget SNS | Europeiska unionen - european-union.europa.eu,https://news.google.com/rss/articles/CBMi-wFBVV95cUxPLXhZeGIxUWVwdzZOS1pYOTZQd3NhSEpiWUFZVEJucVFobWVobDZNdVIxakg4YndSdEh5YWU3YTZzbHN1QWFjSmFHVFdOZllTRWhXbGozZV9SRkdCUmJhTWdPRVQ1Vnh3ZGJvYm8yWGhySFM5R0xycWh3WW1zM3RpQVYxRG90TldCSzBIM0xmckQyTmJiNGM3SEx1c0hOb0JzRldQWHg5b2dlamlFd1JEeTVGc1dHVTJLMVRwQ2RuWWc3aUlkV2VoVjBESEJvZ0xBU3AyWWgwZ0h4UmZIVVA1RmVTdHdabzNoSDdWb2RfZVFkS04tdTd1d3o5NA?oc=5,2023-05-31 23:15:33,european-union.europa.eu,Sweden,SE
"GSM-internetfeber: 48 timmar av blixtsnabba 6G-tester, 5G-kraftspel & IoT-innovationer (14–15 september 2025) - Bez Kabli",https://news.google.com/rss/articles/CBMizAFBVV95cUxOMlZrNlJFMGZCMEs0Rm5aNXFNUzcxdEh1T0ZCQUFGazA3RUJLZHFHMXViN1FsMGZZTnZXSkliUTY1TFgtMS00RXNjSW41cGRDQnpTUWktRnNkbWhiQ2R1Tnk3cDJfNlpWeGZEU0ltbVV6eVhIdGlXQklEUmNTMUZ0ck1TS0lmZ2oxdWNiZVVrcWdNMWFzdjZiWEZTNGtIeS1TMnZaNEpJWXppR2VIVVgtZkFneEF2Rk9rN25SOXhLUnRnaW9hTk1YUm1EdDY?oc=5,2025-09-17 08:00:00,Bez Kabli,Sweden,SE
Trådlös 6g slår hastighetsrekord med 938 gigabit per sekund - PC för Alla,https://news.google.com/rss/articles/CBMiqAFBVV95cUxQSXN4NTJLekxaSGZJNWZ4aEdOLVRWbFpEb05FRjYwV3hGUVRwYzcxUkltd3JSeWNHdVZsOUNKSU1DVFl3czZlS1NTcnBsQnFsbWVDUDV4RWNqbGllZWs2UGpmUWpESS1ielNOZGVROHAxLXdadWViQ1pCSjZSTHl5cWVpaWx1RmtqMm16d1lLLTRUaThZRlpHY2FuSEo1aDFsZVJ0ckl0VXA?oc=5,2024-10-18 08:00:00,PC för Alla,Sweden,SE
Glöm 5G – snart kommer 6G - Dagens PS,https://news.google.com/rss/articles/CBMiZkFVX3lxTE5KOFZ2X3M5empnS0pDSG5ocUNfRDR0dEhsZTlGQkk3WXRhM3k0U0EyS2ZPM0pyMFlnOFpyYVpwSVR0cUZJOHdoSHJKaE5vMlZGX05Gd0xnUUlIelcyNVUzTTBxS3JwUQ?oc=5,2023-03-08 13:42:25,Dagens PS,Sweden,SE
Forskargruppen inom Robotik och AI utvärderar och testar nya funktioner för framtidens 6G-nätverk - Mynewsdesk,https://news.google.com/rss/articles/CBMiiwJBVV95cUxOc1k5Q1hNMTN3a1o2T0p3REZwbjROem53bFFtTlFVQnlGTlJMNUNlSlFlTWU0b0w4WWNsd2VEZzB3bDc4SllhX2xraE1Hd2RnM3duR19uRzhRdUFGUlVfRmxISkl3NmNYODI0Z2JCcTVFd0ExWVZxRTAwVmZPRTJXNjFIdm5lVjhWTWJpRWY2VnBTeW5CRFRCVF96bU5yV3ZYTWJRbC1RTXE1QU5Dd2ZRamY3WkNYTk1hcU1hVW8zTm80QXVkcWhzYTB3LWxDeEJ6R2lqdHBtTGh5Z0V3UWRscDZrcERZanhjNkVsYzB2MVFvVmZja0U2d0dPcEpHem5lcjhNNVFLYW12LU0?oc=5,2024-05-30 08:00:00,Mynewsdesk,Sweden,SE
“Om 3-5 år försvinner de smarta mobiltelefonerna” - Dagens Nyheter,https://news.google.com/rss/articles/CBMif0FVX3lxTE9wU09DU20xQ2RPOElkTHVZRXExUm54TzhvcjlfNGs5LVp4RzdQR291MUVweVhsU0NVU2sxYkxIQUx6TThPcnlPVEVqMUo0eDJ0QUdHMExqcHBVYzBNc2liZEJaLVRLcG02Q0gya0ZWSkhYelFWU01iVWtqdFFmR2s?oc=5,2023-06-27 08:00:00,Dagens Nyheter,Sweden,SE
Så kan du resa i tiden med nya 6G-tekniken - Aftonbladet,https://news.google.com/rss/articles/CBMigAFBVV95cUxQdU1BTlM1OEl1cUduNHdaNUs2eG5mZkJFSExINlpXaDgtWU4xaXpSVTYzSnh1VGp1YlY4VHJPem4zWS1zVzNSM0YtY3htRTk3VEZ0cVo2UzJmOENNM21ZbXMwLWlGY3V0c3BGaFlXRXRwRFc1SHhOZmVkNGNRMHk1LQ?oc=5,2024-10-15 08:00:00,Aftonbladet,Sweden,SE
Chalmers-professorn om framtiden för 6g: “Jag tror vi kommer få en global standard” - Techtidningen,https://news.google.com/rss/articles/CBMidkFVX3lxTFBZYXpad2VXUW1ZTTZZMXVBWFZkck1Ra3JRaUdmcVd5V3RHT1pzck55NHJsRzVleHNERDRiaGRXdjRsc3JBN2k3UUIxS0JNSklJUWFPMEx4eDN4VS00SE80aWhvRGZRbnlFbktCc3RaZE5XTHpjTXc?oc=5,2023-08-17 08:00:00,Techtidningen,Sweden,SE
Här tas 200 patent om året – nu har jakten på 6G inletts - Corren,https://news.google.com/rss/articles/CBMisAFBVV95cUxQUXNEb1BYdUdyVGRtdHlndWswWUx6aFdIOVc5OTZDQW9yNUg1OGhta0hSd1Jwa3JBQzFQQ3NwTVlEbFpLUjIwSk5IcVBVR3BUdkV0NWFONkEtLVBMajl2anJTTW5ZNE40VWVpTXRBZHExRzNPOEtyY1dCd2Q0NUlPTExXdC0xa3pWQ3BKeXk4ajJsRW5zRUpyY3FtN0FEemROUVFmR2JpLVZzTVVNRG9tMA?oc=5,2024-12-11 08:00:00,Corren,Sweden,SE
"Ovzon, Ericsson och Saab i 6G-projekt - Affärsvärlden",https://news.google.com/rss/articles/CBMifkFVX3lxTE9laWlWaVdacTZ0ZkxNRHBiS00xMHJUSm5vd3FnT3U1cERNMVhEdjczNF8xNWVMVmVuN2tRbFpRVzY4UU5GdGE3ajI2b0QyUHYxcDNOY2p5cWp1VzNmU2h1bkpiNE9BOHpvd0VUZWZJcTk3VklmRmw0LXNLdG9XQQ?oc=5,2025-01-02 10:45:04,Affärsvärlden,Sweden,SE
Telia om 6g-förberedelserna: ”Stora möjligheter för både konsument- och företagsaffären” - Techtidningen,https://news.google.com/rss/articles/CBMidEFVX3lxTE5tRjN4YWI5QlFWYmxyT2FCYTZkWW1vc25iTnpMZGFRRHBwWHNEZFlQRDVMUVdRQktjVGI5aUNMNlhpMkcwWXdMWUh6U2pDLUJtdVhseFo1N0kwbjBoTTJZOHBWZXRjbVRlWTZCcFRDOEpnM1Ix?oc=5,2023-09-04 08:00:00,Techtidningen,Sweden,SE
6G: Pejlar dig med centimeternoggrannhet - Elektroniktidningen,https://news.google.com/rss/articles/CBMiigFBVV95cUxPQlZ1SjZDb0dhSTZGQlRSQTdfVTZjb1p3N0FzNi11cDBZRl9qMmp4aW9SakRXSEhpbE5hbzEtYldFTlRreE1ocVR5VmEyaFNGMHJNbXZmODM1aDlETmFzNE9rYkJhSERXWU5FNnNsVmdXd0Njd0hzdU1ra2JnY3d3SjdNcGxtWEhhWVE?oc=5,2020-02-11 08:00:00,Elektroniktidningen,Sweden,SE
"LTU först ut med 6G-tester: ""Fantastisk möjlighet"" - Kuriren",https://news.google.com/rss/articles/CBMiowFBVV95cUxPaXB0bHlqMXl3TmRoOTJjRWV1Q19XTk9LZkdiM0U1NzJFLWZsWWJXbzE5Wmw3dlFLT0x3U0FTNGlyc0piNl92X1h4YkZYWnJiRk1EVHdjNjVMbHp2MXhOMS1Zdi16NW1DUjJzNWRkSUVYdFJCU3FPTkZ2NzJVR0UxNUNOZE9VZUxIaGFMOXRFMXMtV2E4c0xDQlRic1F1a25QSDZZ?oc=5,2024-09-05 08:00:00,Kuriren,Sweden,SE
Samarbete ska ge snabbare 6G-utveckling - mobil.se,https://news.google.com/rss/articles/CBMiggFBVV95cUxNYTE1b2o4YWdiTkY3NkJ5RzlwNDJVb1RvcTJuZUdNTTFKTm9fX2dnckRIemgzR0NTanUxZUtldHlWVDdWN3ViMEFBMm14eGMwMkZvTUdjdGYyZl9MQ1c5blBUcEJ3YVkySWprZDlJbHRXdWoySG82YmVFaXdzOXNzd3B3?oc=5,2024-05-23 08:00:00,mobil.se,Sweden,SE
Chalmers tekniska högskola stolt värd för EuCNC & 6G Summit 2023 - Chalmers,https://news.google.com/rss/articles/CBMihAFBVV95cUxQZUJwT3A3RnNRcjl3SkVoYmY0Y2tHSUl4ZmV3eEphUGoyQlRiSURMYjZTRTFfcjliY3lBX0MtOV9rSElQVmZhY0JxbFZwTEI5TG1pdTdSb2JibERpcDQ3a3lpWkhxWVhLQUdxTlRUV1pJU3JSa290SzJ2UkxEQXUwZThIRU0?oc=5,2023-03-23 07:00:00,Chalmers,Sweden,SE
Ericsson: Så kan 6g användas - Techtidningen,https://news.google.com/rss/articles/CBMiY0FVX3lxTE9SNEZQSDF0cDUyS1ZNY0pvYzM2VlQ2bGxxdmk3b00ya2xjSzNLUF9oM01uZWJSVC1iR0s0OThQZElEZEUxTzBDazg2andJN21GNWJZaDdtSTU0QTFKZi1GVC1FUQ?oc=5,2023-06-16 08:00:00,Techtidningen,Sweden,SE
Så häftigt blir det kommande 6G-nätverket - Illustrerad Vetenskap,https://news.google.com/rss/articles/CBMiY0FVX3lxTE1tQXFpRzlMNlBNSVgySUVxenFWMEstVzFXdGhGeWo4Tmw2bmxLWmN0VkUwM09JTk1iTlNEM01ITlJYeGVrRUVRVHlGcGFMUUFtb21QRl9tVGJmUm9rTUtIX1B6WQ?oc=5,2022-08-01 08:00:00,Illustrerad Vetenskap,Sweden,SE
Apple vänder blicken mot 6G - mobil.se,https://news.google.com/rss/articles/CBMickFVX3lxTE9WaHJwbWpramNLSWRJSlJLOFR5SmpLOHNLSnRhN0dwQkU2dXZGeUVYaVJiQ09kZTJRM242YWg3Ni1FcWxoN0VRUVA5aVprckdCcklqU2d5WkgtaE83bkFyQWxmSk5ITlBBMVViX2FESVUwQQ?oc=5,2023-12-05 08:00:00,mobil.se,Sweden,SE
"Killander & Björk: Karin Thurberg, Huawei om 6G - Techarenan News",https://news.google.com/rss/articles/CBMif0FVX3lxTE9mQ0ZYUmcweTZneV9rNGZwMVUwSjU5dlNoTlRQd3NjeHRUdUFTa3U3NHZQWTR4NkJkNUVMM0dMdl9OdjBpWC1JWDI3VzREdTdpOE0zWTQ5X3ZXdHRfUlk4YnRWaXIyenZxb2IxQnhLOTgtVG5lSGRFS0tDbm5fN3c?oc=5,2020-11-23 08:00:00,Techarenan News,Sweden,SE
Samsung optimerar för 6G med ny teknik - mobil.se,https://news.google.com/rss/articles/CBMif0FVX3lxTE5HTUxlRWZweEJsRnlIaUU2ZVBrNjhXRFZFRlYwSGJiYlhKTGZCdzRSbE5NbnRJR2JDV2VtVVBrZ1Nsb2Y5SmlEUzl6b1JKRWtkYzE5UVR2MEttZldGQ3FHT0ZJdUJENmc2YjBPZU9vd2FQWDZaeTdQMTBUY01JSkU?oc=5,2023-07-03 08:00:00,mobil.se,Sweden,SE
Regeringen storsatsar på 6G – men kritiseras för minskade forskningsanslag - Dagens Nyheter,https://news.google.com/rss/articles/CBMioAFBVV95cUxNYzRhcmVKR0oxOW91a2x3bDhEbjZhVDdfZzU3X2IybUlZSnd6elQ0Tm9hU0gtX2JfX1hrdlFsUzlSaEVPMHNjeHBhdG5PM2lQVXc0eXNOQk81R2dXRkswcTlOWDYxQXY2VzhQM1FCbmZUWjRsUWpDaXFaSGdjYS1iSG1JT0I0bmppUXRZdlE5TjlTU3lHWVNlTC1kZXBETVFJ?oc=5,2023-09-26 08:00:00,Dagens Nyheter,Sweden,SE
Kina säger sig ha skjutit upp världens första 6G-satellit. För mobilnätverken vi kommer att använda nästa årtionde. - feber.se,https://news.google.com/rss/articles/CBMikgFBVV95cUxOOFVCYVphZ19lNWxwbTJyNWhqMHdqUTBxd19qVGdJQUpDWm9JckcxU0JJengzUnpvVW9OS1V4TTRrdTVwM3JEN1VmbW1WMmVueWpycDZlUkJpa1RKTkVQX3ZBbU11V052ODJla3dtU1F2MmZOWENpMHBmaHUxSkhFbC04OWt5VWs5VmFpWjY2WDVzZw?oc=5,2020-11-09 12:03:32,feber.se,Sweden,SE
Ericsson tappar stort i 6G-racet - Dagens PS,https://news.google.com/rss/articles/CBMickFVX3lxTE9USVpXRmRkZFhpZkVxZU9iVHI1WHM1MFUtNUFNdnhGVEJCc2tNLTZmOFU0US14aHFjYTREY2c4OG5yd1VIczRLMkJzTzU4QkVoc3NCOHJjUDBQRmt3OVNNNkhBRW1TODMzRWNSS01ib0R6Zw?oc=5,2021-10-02 08:00:00,Dagens PS,Sweden,SE
Ny Teknik Insight: 6g blir starten för en ny värld - Ny Teknik,https://news.google.com/rss/articles/CBMikgFBVV95cUxOVFlKTDZsNUk1b2ZPQnBaa1hMN0VQR3BWNGp1Z2VNaW8yeXV1UWVtOXFYQV9lMUxCOUFQajdVa2NQbnh4N2ttNXFHUjdwUkFISERFTWZ5X2xlVnV3MjFSc0x1aGJLWE1MUmpuc2d5TzgxWl9CNkdnRXEtREJLb3I1OTFsQU90NGRPclQ2OVRsZjROQQ?oc=5,2023-03-10 11:51:11,Ny Teknik,Sweden,SE
Framtidens mobildata – det här är 6G-teknologin som Finland och USA avtalat om - Yle,https://news.google.com/rss/articles/CBMiQEFVX3lxTE43RHFUTW0zeldCelJuLW43cmtBVmNYVGx3WjVLMnhwR0xFcm5PQ0RHcEItZVg3QzRGbGdQZGxjUG8?oc=5,2023-06-02 08:00:00,Yle,Sweden,SE
Forskningschefen: Du får betala för splittrat 6g - DI,https://news.google.com/rss/articles/CBMif0FVX3lxTE9hamhleVhIY1JoeXViUFF2MC1SMmZaX0RyTG9xUHItOUZ1UWt3RV85RGpSaHA2V09kQXB1LUY0RjBiME4zVkJEMFJfbUptMkVuWFB6NFVyNnd0UlZMRG9hVVlPRzU0Qjg0LWNYLW5OZ0ZOWHplVVg2VGlzbE9tZ1U?oc=5,2023-03-02 08:00:00,DI,Sweden,SE
Samsung har börjat skissa på 6G - mobil.se,https://news.google.com/rss/articles/CBMidkFVX3lxTE9vMExfLXRzcHltVnB1UG5vRjh6NzI0azVIUlIwR2hTWVlMQ0xXVmRWbTBwcXUtZG1TclNBRVcxUlIyaVpZRHp0enZoRE85UWZCNUVzNVJEaXBLSFNjYUJ2YVh2ajh4Y3kzRG1iZUxWNzdBTTVlMlE?oc=5,2020-07-15 08:00:00,mobil.se,Sweden,SE
Samsung Electronics rankas topp fem främsta varumärket i världen - samsung.com,https://news.google.com/rss/articles/CBMiuAFBVV95cUxNamNHRlRyVUF4Nml6VU1Nc2RUWHVUamJNZjM2N2lXTTdzanpxX3NDNDV3OWdvbUI4T0V1LUd0c29Za2RMdGVZQWh5RU41ZEFCdU4wcldmeVIxNVc4WV93dUZMUXdSM2VtRkotYVFya0FVa0pHOEtHRkdnblJCZXUycU5hZk9Kem5SaVVHTEhWUDU1NkpRS0kwSXhpOEd6dERoVS1mbGRJeE1QeEpJX3FSTkZSOXNpQ29L?oc=5,2023-11-21 08:00:00,samsung.com,Sweden,SE
Glöm 5g – 6g blir starten för en helt ny värld - Ny Teknik,https://news.google.com/rss/articles/CBMijAFBVV95cUxPYVktMEZiOWhxZHlpbGNsd0ZQUFNhV09MVFFkNWFBa3pGeWZINnF5RmVWZ25oSWU1YUN5QkFHM21MYkVzRXBDbm9CVFBqekZoM2FzWjhya1NRdUttNDl3ckZHZGxHNjY4WnBMMm5ING5IU1gyQzhoa2U5TVltbVJWa3JuWWdRU1MtR3pfNA?oc=5,2020-10-22 08:00:00,Ny Teknik,Sweden,SE
Välkommen satsning på framtidens digitala kommunikationssystem - Teknikföretagen,https://news.google.com/rss/articles/CBMivAFBVV95cUxORktDbU1ORGVjRGNwQ1g0Uk5NUjRUX3FpTVFRVTZZdkhzdTlFYlZsaU5SN09WUFRqRTFVOEhGcUUtaUJGVXlPcnlxRGE0elVaWlNQUF9EUnpibE90Yi0tTV9QTmcwOTZWYV95QTNQLXVCOFlxZS1nR05aWnJucGpZemZucHJFSzdyaHdOY0NOTnlXaURBemRYc0lZaW1xbUhoT1VkV3lsUkY5bXhHbFRDN21admZyRlJSMmowNw?oc=5,2024-03-25 07:00:00,Teknikföretagen,Sweden,SE
TeraSi tar in en tredje medgrundare och stänger pre-seed runda för att utveckla 6G-hårdvara till rymden och jorden - Mynewsdesk,https://news.google.com/rss/articles/CBMihgJBVV95cUxQdEhhaC1vSkFXaDN6UjNaNWN1V0p5MWtMYUZIU2lVZGRMbUlINlBwSzExaHBDc2VNOENsMlRTSzdKVlhfUHBXUE5QdG1BNWdlRGUzTEJnTThLMEJCSFVCRHJhRlNybDQxcDI4ZnUtRzFVNDN0aHRhVHRISHdnZDBLNnpWNl82RzRjazdKT2ZhRFNGQWJRbFlvNTB1LTZqSUp4QkhpQjVtOTZjb2xKNlJTZU5LNFlVaUIzVFFwSXBQTTZ4MFotaGJIRWZmZU5PY2lDT3FSZWFyVmZ1RlJBWFZZSmN0MDhVYTNYeEFtOV9hRER4UHBDemtXSTRmTjQ0U1FmMkQyelBn?oc=5,2022-10-21 08:00:00,Mynewsdesk,Sweden,SE
"5G-ersättaren väntar i kulisserna - Apple, Google och Microsoft samarbetar om 6G - ljudochbild.se",https://news.google.com/rss/articles/CBMigAFBVV95cUxNeWFkWGMtdzNxMGF4VnEtLUJoZ29hUEl2R2todi1ENy1jT2NQVHhyUXlnejh1MVcxOHJsandqMTdLR1VJUnc5NG1KTDBrWFU3b1Rya05WSU5hbFBESlJMdFN0NDFTUHpTYTdaeXd5MExCRWhsYnFWQXBvT2pzUzVoUtIBiAFBVV95cUxPVHJPMmVkUE1BVWZPTEdrUlBmR1p3TDZUVG5XWU1rbnNUblVhdVQwczA3NEc5QUNwRlR5cmMtUnNHcE5DbUhGNTNWU2pHcVJ6MS1KcXdNVms1bGFPQzN0QXZMMnFiUFNMbzdHaG1pUXZGVEt2OVl5a2RRNjNpVndOTjI1eWZvVEN5?oc=5,2020-11-16 08:00:00,ljudochbild.se,Sweden,SE
6g redan 2028 om Samsung får bestämma - Ny Teknik,https://news.google.com/rss/articles/CBMiggFBVV95cUxQNVNqRzF1TDdPX0htaDZUNUdoQWI5eGVDcHQ5eE9OaEdiSldqcTl1d0I1bUxlckI1WGdWOFA5bzBhMnRTNHlQOTNPckdET1U2Vmw2bjZmRUs3REgxY3YwV0YyT09EYl9kZXJTbnR6bThqSHdTYlA4eURReTkySHpsY3pn?oc=5,2020-07-15 08:00:00,Ny Teknik,Sweden,SE
Kapplöpningen har startat - Elektroniktidningen,https://news.google.com/rss/articles/CBMigAFBVV95cUxQNkd4TmRXcGw5Tlg3N3Y2NkY4YUNZOEVoVFYtRmplNkhfOUlaWWJjUDdGY2dGcDRjSTlCMUVlTDFzcl9OakhZN0JKSDFJMDN3d2pTd3V0N0drdWgyMW54UFJqWVBIRnU4RGlXR3VmWUxLVXUtMjdldTNtUUIwd0VCUg?oc=5,2020-02-11 08:00:00,Elektroniktidningen,Sweden,SE
"Ovzon, Ericsson och Saab medverkar i projekt för framtidens mobila kommunikationslösningar - Börsvärlden",https://news.google.com/rss/articles/CBMivwFBVV95cUxOYmo2aHFHSG9oaVZkTV9MS2pGREVhYzM1eGlxdDZ2VldNOHpBUy1keGx1TEIyZnlKWEh5Q3RRZ2xnaDRPUjFZbzR3RWoxdHY1SXpXRk5QeDJIdXo3Mm5oV3h6TEMySHhqcGxwZXRDbDVldDdUejFEdVhndkhwQlNFRElhdHhiMTJYQWd0a1g4UlZSOE9VbXhrWWFjZDNDMnpnTFVPTGhSa2RoTlk0VVZnNnVBVXRtSzZ2TlE1c0lHdw?oc=5,2025-01-02 08:00:00,Börsvärlden,Sweden,SE
Nokia leder EU:s 6G-projekt Hexa-X. Ska utvecklas tillsammans med bland andra Ericsson och Chalmers. - feber.se,https://news.google.com/rss/articles/CBMidkFVX3lxTE5lbmlEZFpiQ1dfdUIwMWhoaGE0MEdCWjBNMXdXVmVzekNjbWRJX2VRenNXZ1VmXzdXNzE3WnU3bmJOTm40VFI0dHVUZHdxd1M3RW12OXZkZlk5b0JRanN3RGU3RlVjNklfYzlkYVRQY212MElLR1E?oc=5,2020-12-08 11:25:57,feber.se,Sweden,SE
Glöm 6G – alla skulle ha egen telefontråd - SvD,https://news.google.com/rss/articles/CBMidkFVX3lxTFBzU19kdFQ2TlMyQ3IwX2FWYkpWMEJZbHVPUlFYVXp5RldIV0xRM1lOOE5YWldiY0FjeGJaREpLd2ZyRUwtZTF5S25Ib01ua0hCbk84bHRtV1VxXzFxT001S2R6aEpuam1pY3dOanZHZGY3QkJTSGc?oc=5,2019-12-02 08:00:00,SvD,Sweden,SE
"""Om tio år kan vi ha hologrammöten och radiostyrda stridsvagnar"" – Heidi från Kvevlax en av dem som tar fram 6G-teknik - Vasabladet",https://news.google.com/rss/articles/CBMi4gFBVV95cUxNZXlWUmNTMW5DSlF2dFhucTFXb0JiVm91dHdzVjJYMG1WV1RJeG5lWkw4ZEtuRXZEdC1BNVdQX0VoUS05YzVWRGZJcUZoa2NrQ09aMWJDSG54bGpWVlVkQXF1ZFF2c2dVNlZSQVZLSnhEdjdpWEFFYV9CdGlwS0hQbVJsOXVJdWdiNHRPb09PX0xOajZOUXppYl9oTFE1Zk4yVG1hT2NoeUFkNkkybG96OFlwdkpYLUszNW14R1hXbklqc05pZUhDSVVWcUhPMzBzT3RlY1FHYS1rclNtdzEzSWhB?oc=5,2023-01-03 08:00:00,Vasabladet,Sweden,SE
”5 viktiga telekomtrender att ha koll på 2025” - Techtidningen,https://news.google.com/rss/articles/CBMibEFVX3lxTE56aGZSOXlwMWRiVU5XeTIwbnA0eGkwNzl2VjV0ZlU2TVp4OTBuV28xQXpzb09XYjRla2p5cFJtdjRDM05HZXhsTXIwTDJ4ZlZYQlZVX0pXQTliR1NCZWJtblUzR19KaWRGX1M4MA?oc=5,2024-12-18 08:00:00,Techtidningen,Sweden,SE
Ericsson: ”80 procent av all trafik kommer att gå via 5g 2030” - Techtidningen,https://news.google.com/rss/articles/CBMijgFBVV95cUxNR1J2alh1RW8tYlJhV1M1cVZleWVLT0hnY0lkWFkyTVowTmdOdVhBamZ0NWpIanV5VXo4S3hhdHdmRVdsTnQ2cGwyeXhjbnl1S2NuOVozRml0R21iV0NPNkRQMDdrdTVPRmFxNHVWb2xoaVFpcXlnWjNPZGdROElVTE9ZcmpuRnZPMHZ5bVpR?oc=5,2024-11-28 08:00:00,Techtidningen,Sweden,SE
"Skoterkafé drog mycket folk: ""Vykortsvackert i dag"" - Folkbladet",https://news.google.com/rss/articles/CBMinAFBVV95cUxOdU1DSERib1hKRzY1SzBqZGxKOEpYUk1LMW1tMEY3MjlQTFF4dDVUNWd3bHZlMmNNN1B1NVVwekhteG4xNTZocE1TVW5uakVfUHQ5WTRSLTY5QTEwaTJrZFFNYmVTaWpfekVSVWlCaWo4VkdtckJ5ZTlDLTJlbEJNVlE3dGNReFZuNGw2MV9wVHNYRVhpdTFRblVwTjc?oc=5,2023-01-21 08:00:00,Folkbladet,Sweden,SE
Möt BeammWaves VD i Ny Tekniks senaste podd - IPO.se,https://news.google.com/rss/articles/CBMia0FVX3lxTFBydXBfdm5VVDlXVzhwbHc2dGgwRi1SZ2ltUDdUdS1haTJwbkN1OWFWU0tLNXJ4c2NlTzR2QUx0dU10aGFvMlByaXB2NnZkZW9qbEJwY1Rsb2J4M1l2dDdoQ1I5UXB4eklwSVZF?oc=5,2022-05-31 08:00:00,IPO.se,Sweden,SE
Ekebackenskolans elever berättar själva om äventyret på Lilla Aktuellt - Smålänningen,https://news.google.com/rss/articles/CBMirwFBVV95cUxQOWJwQTRYUVloZGpQZS1jT1drbEJDMGZzdnlha3Y4YTZubmhfcFF4WFNWSV9WM1hta1JJa0FPSVIwbU5tWFBHUTVGZkRQeTJ5eUpkTlpJQURESjVMVEJaY3pSNGJweko1UVhMVXpkdmF0akM4RmlrNGx0dVJtVXJLXzJweGRfbmZ6Y3F3VkFkR2FQdS00RGV6RmdUVVRVVzQyakxsWmVzc2FaSTJZQmJB?oc=5,2020-10-07 08:00:00,Smålänningen,Sweden,SE
Störst i Sverige: Över 10 000 på Ericsson ägnar sig åt framtiden - Ny Teknik,https://news.google.com/rss/articles/CBMipAFBVV95cUxQSUozNDctbmNiZlAtdzRRM3RienBCRWlOYUJndlA3eFlFRk1XQzBnM2ZyTUlOUGI3dHcycmJLYzNVLURzQzQ2eVFjQm8zbVB0Q1RCWE9oWmtBUDB5OVFnWmVaczRkVjROVk5janhKT1lNYl9henk5VWx5YWtwaVpwYVkyUkRrYmJIRXl3Q2VSX25EZUpWeXZ0T3NZb21vQ2xwc080UA?oc=5,2021-11-19 08:00:00,Ny Teknik,Sweden,SE
Nikons nya 80-400 VR i händerna på en naturfotograf - Fotosidan,https://news.google.com/rss/articles/CBMilgFBVV95cUxNdkpkS29rUFBLcUk3VEQtTE5ZSTMzT195NlBtVk1EV0JDVEphckdGc1d1TkpqdlhhdVhMbTU4NnBHaEt6U1ZsYXpUdC1zYWkxYUpsMjJUc3dQRFdCZTV6cHdPWVpyOFFkVUw4S0FUek9jX2tLc1duWExsa0FialRDZ0pCRmE4QWhoQ0ZyM1dkdjh0U0NOX2c?oc=5,2013-10-09 08:00:00,Fotosidan,Sweden,SE
"Första intryck av Nikon Coolpix A och AF-S 80-400/4,5-5,6G VR - Fotosidan",https://news.google.com/rss/articles/CBMijgFBVV95cUxQdEpienRfdGxlN3hTTUZTTjhwcEhPMWRvV3ppMlRkM09HaUZ4cDN4WmNZS3l5cEpGYWdPNkozNVpTNUhNUnNldFg4Q3dqVTNEMXJPOFNfdHF3bFZwNUZLdmN3MmVTTTBHbEZUX040eUFJV0hiZmJNU2x1WVhMRFRwTkxXYWpIalpEN1lEU25B?oc=5,2013-03-05 08:00:00,Fotosidan,Sweden,SE
Nvidia investerar 1 miljard dollar i Nokia för att förbättra AI-driven uppkoppling och 6G-innovation - https://www.notebookcheck.se/Baerbara-datorer-laptops-tester-och-nyheter.69180.0.html,https://news.google.com/rss/articles/CBMi4AFBVV95cUxPb2xHNGVwU0d6NUdNYU1yQU55bU43TXNOU0ZUU0EwTGNBb2lJblFVZG4tRW9adDZ2Q0xOTVc3ZFp5bmZIbjJCMUVaUzNLUzdoZ21zeVV6bW1SV2Y3NW1IbFlSSkc4cEd4OXIzZk5FbEdQbG9aLVdWVDVXeFUtSDZuNzhDYkdmSFROcl80UENBeWVoQi1NV0JKY01SVmxqNEdTdzNNRlJoMXBnajAwWUI5VnprZnpoR3RNMzE5SnhvR0llZEV2NjZMSDkxeEM5OFc1Q2htWkpMcDVhV1QwSmNxeQ?oc=5,2025-10-29 07:00:00,https://www.notebookcheck.se/Baerbara-datorer-laptops-tester-och-nyheter.69180.0.html,Sweden,SE
6G chockar i test – 500 gånger snabbare än 5G - Nu.se,https://news.google.com/rss/articles/CBMiakFVX3lxTFBkYk84OFZaMWM2ZkVkaEJrZzRuRFozcktMMkZraGdjVG03SXpZakNLR245Q0gzandONklDczQydjNWVjZxaFNqQ0VldDREbXFsU1pkMlF1VHY2TWlKZW1MaDZROFhiNzhiS2c?oc=5,2024-05-08 08:00:00,Nu.se,Sweden,SE
5G-kompromisset Ericsson angrer på - Digi.no,https://news.google.com/rss/articles/CBMihAFBVV95cUxPQ3oyX3pRM2F3VzVkRTVyay1WN1prek13enRCaHkxeFJaTW8tbzZBbWVxaUZTbjZ3M3lvSWVoVWNRemRrTXoxcHh0aVEwYlZDU2lxUU95TGpoRVpUVFNTVFNscENYQjQ5ZTNNNC1Ld2VPbkNVb21SalRhQmExVmpzMnJUYlk?oc=5,2025-09-15 08:00:00,Digi.no,Norway,NO
5G og personvern - Datatilsynet,https://news.google.com/rss/articles/CBMiqwFBVV95cUxNSGktdm8wRUpYRzdZR1lfdzJ2WThLcERiQUVBSlZVMzljNkZPMWhuRUo4RmxVc0RoamNsMjJhNVhVcUYxQ3U4SDJsLS1JTWFhVEEyV1ZKTktMZ2p6VVUtODVhb3ctVDhzRC1laXJpYUdmaGRnYVM2T2Z3Vy1WdHRPOTVvdGVNZk83QTVWcFN0dXhVUFotRjh1eUpMM245ajVuaTMxMVAtcDZJY1E?oc=5,2023-06-22 08:00:00,Datatilsynet,Norway,NO
6G på vei: Forskere bidrar til raskere og bedre mobil kommunikasjon - Forskning.no,https://news.google.com/rss/articles/CBMi1AFBVV95cUxQSkZXbmlmWnFCN2tPZzJpWVFkUHpHSVBVVEZXU1NSOW9WYTduazFKSWtpeEItdHV4MXF3OUVDZDNQQU1JbHlSQjkxbkVnYXlGczJJSXZWb3l4VVZ6NzhQcldsTk55djVJNUxUbkdIVVNGT2hKdHlnc0ZxcUh2VWRQWTRrX1gtY2I2R3VJdzlVZWRNQUZPZzRmMllvaEhPSnFKOEVuM0NIQUxiQmNpUXRpY0lGczRvd25WdHUzX2tDbjEyajR0UDBtaWYzbTF3TVAwVnZTaA?oc=5,2024-04-17 08:00:00,Forskning.no,Norway,NO
Sykefravær - NHO - Næringslivets Hovedorganisasjon,https://news.google.com/rss/articles/CBMicEFVX3lxTE5BZjM2Nk9yX092ejNPVElrRW9mV0lkMWFGelBXVVJJb21RUWEtZUZsWlBlQ1BMN0gtZ0ZuRUVlX3NlX3lVMndNenJiQkMxbWNGRmpSeWVrUk1OOVkwaXJySGkyVm1PZlBKSlN1b0ZlZXY?oc=5,2024-12-12 02:56:04,NHO - Næringslivets Hovedorganisasjon,Norway,NO
1 million GB per sekund internett – ny verdensrekord i Japan - itavisen.no,https://news.google.com/rss/articles/CBMie0FVX3lxTE83al9DZ0g0ME9ueUhMSDVDZUtVXzVsS0x2N2g1dEYtSjV4OFZ0NHB1VGNONERlaUJsSG5BdUdVdmJUcGh2WEk4Vm5icVBTQi11Tmt5NmpaaHlOWkphaUw4emxYdENkeUdpNkw4LVJ3SG1oODhoLVRNckYtVQ?oc=5,2025-06-01 08:00:00,itavisen.no,Norway,NO
Så utrolig blir 6G-nettet når det kommer - Illustrert Vitenskap,https://news.google.com/rss/articles/CBMiaEFVX3lxTFBma0NLcnB5bnBraVVHYVQzRXdfYlNmNDQycW5TUUpyanA0S2tiR1FYdXlrY2NpaHRGTnJZQlpjWkVRRGVaTURWUVM4NTVUNGZuX1pPcjJRbDV5SFJPOV9veXNuZi1nSFhW?oc=5,2022-08-01 08:00:00,Illustrert Vitenskap,Norway,NO
"Fra 5G til 5,5G til 6G - cw.no",https://news.google.com/rss/articles/CBMiW0FVX3lxTE11RmVUa3p3UnpNbnRnNDRwdVRSR3ZOUzY0UEZIbEI2eU8zbllBSks2el9McXNtWkpOeVdpbDJLMzlsNXF4eTBrOGxzRFh0RlJnLW5YUmEyZlRjeEk?oc=5,2023-03-03 08:00:00,cw.no,Norway,NO
Smarttelefonen kan være historie innen få år - NRK,https://news.google.com/rss/articles/CBMiyAFBVV95cUxNMzhGM25XX3c1dl9sTG40YS1CYS00RVhLOVZ3X1BDTGE0TTVVaGZwcm5HdV9HZU4yam05T29SUmVRd1F6cHd0bS1VbDRvbDhzaWxIaUtrZWVPaUl2WWctOUF1cXNzWmhIRkNFMmw4N0lTdjc1SWZaR0hzQ0RDbWFfYUUta0lUMWZTbmZkYmk1MzZMZUwya0E4UFZMbHpFZGFjNVVSaTA2XzYxMndhZG0wckZ3SkxXUURQNGtCNEhsa1M4TExkMjlMaw?oc=5,2019-09-28 08:00:00,NRK,Norway,NO
Arbeiderne får ikke full lønn under sykmelding – men det får sjefene - FriFagbevegelse,https://news.google.com/rss/articles/CBMizgFBVV95cUxNcmcxdHA4bUQyOGNfM0d5dFdXd3dPeDREUzd2TzJWdHI1Rjhabi1fdEVmVHk5c1J1OW8xaTJYbmlLdmZzbmd0TGF0QkU0QWhwVS1fN1d1REJGV1E5T0tnLXhOTUM0eE00MkRoeXIyUUtLRnZpeElUZjFnODlOYkZvTGx0UHM3eUd3aHFLOHpESFFpNlp6dUVkQ1JZV0FGZDBBcHI0OGg5TDg2SE5OY2NYTEJIeUlTdkVtMDRVWk55YV9ySHNqYnBYdGNlSDYtQQ?oc=5,2025-05-22 08:00:00,FriFagbevegelse,Norway,NO
Tek giganter samler seg for å akselerere 6G overgang - Finansavisen,https://news.google.com/rss/articles/CBMipwFBVV95cUxQak90b0tBS241eW9iVXpyUm41Z2I3elB1Z2JOUUQ2QWZhaUlBOGVER0dHZHdPYzZ4UUZITmhWX2c0TTkxUzRFX0JMVGF2SU5aT0ZZWkxsUFY0bEVLTFFMeWw1eWJmU1V0M3IyX0QyTWhIcmszUzFqMWNrNlp3elFNajFiTEVBa1ZvVm5IR2VPUXJoTlhnTVlOOVhNR1BmYnp6S1NiaEViNA?oc=5,2024-06-25 08:00:00,Finansavisen,Norway,NO
Kostnadsberegning av sykefravær - KS,https://news.google.com/rss/articles/CBMilAFBVV95cUxQcWhERElEY0lKRldWblpyZVNGR3Q5bzdfbnVZOFZ0blB2cWZlSzhaZ0Y2X2RvcWl6RGxzQ1p5SXhGMURYV2xjSzhxZ0V6ZEFtV0g3YkJsUVprNzhkYnNUM1lrdmEtWG9LcDV0TFBkYmh6SGg1ZlpBVUVmbE9qREVmRHJNcWJVbnMzbldUajU5bVJMSUtu?oc=5,2024-12-01 08:00:00,KS,Norway,NO
Nav: 20.000 har fått utbetalt feil i dagpenger - Bergens Tidende,https://news.google.com/rss/articles/CBMiiwFBVV95cUxNZ09oak9BN1NHak9xZGpTeThHQXJKaC03X1dmQWpuUjRrUUY3R2lIUXVrM1pMUjI5MHlWYks4NXNwUlN5dDg1SjJGbWtDaF9NSnVWdWxxek5md3hkeUIzNzVKS252VHFpc2drZy0zY3hFanBOUUYwWWt2akdFTTU5N2ZRV2tLUVA1NFM4?oc=5,2024-02-13 08:00:00,Bergens Tidende,Norway,NO
6G – den nye digitale revolusjonen - Digi.no,https://news.google.com/rss/articles/CBMigAFBVV95cUxQeGFUV0ktYjkzTUc4RVBYSV9qYXkyNmtfMldCUVhQMGdfLXl0Mk5tU2hldTJPNTBmTVdVVjdCaHdqQWJ0bFhkV1ZieFFqUmxVa0pfU2E3Q1BHQVI4bWtrZUphVkljM0Vkd2V4ME1FZFJwNTFFOWhrQk9mak5IWUhBMg?oc=5,2022-04-26 08:00:00,Digi.no,Norway,NO
6G blir hundre ganger kjappere: målet er 8000Gb/s - itavisen.no,https://news.google.com/rss/articles/CBMihwFBVV95cUxOdXNSRGgybjB2cnljaXJEeUxWUEZxSy11Uzlvc1JidkJkbE9oSVI2d1JuQ2c5NVhQUXJmSUdNM1NVUVhjYUFnRk9CNTNRazkwcGdXRnoyN0FaUDRrbGxXT21RZHB4T2V5VnR3SXBmZFpxMnVNRjdKSkdrWWxYNlVTbFMtUnBEbTA?oc=5,2020-09-04 08:00:00,itavisen.no,Norway,NO
Kineserne har offisielt begynt å jobbe med 6G-teknologien – kan gi 8000 gigabit per sekund - Digi.no,https://news.google.com/rss/articles/CBMiwgFBVV95cUxNbElZVTNTejVUMUpaSlVmN2xHd1V2bmwtbV96aS1xVWlXYXBVY0pnUlp6U1Zzb2JlaW1wcDJTeG9BQzdXWjVSVm55b1RFOVA1cDBVSE8zSmhZZVR6UUwwbHptSTVUQW9xNWctZG9aS09TSWxKVFYzbUo4S0pqamd3MFRpV2NZRzZ6bGM2VWtmamNUYlZpMDlqVVd6dmdYNlVFQW5yS0g3WW1FT3V2djlzLXBZVk9ha3oyRlNhLUtsNWVNUQ?oc=5,2020-02-03 08:00:00,Digi.no,Norway,NO
Viste mobilkommunikasjon med 6G-teknologi i terahertz-bånd - Digi.no,https://news.google.com/rss/articles/CBMimgFBVV95cUxObHBkMEd2dnl2aElPb3o0SGVmMWo0Zi0wMzJVRy1vc3F5VW0yM1djRWp1d2Fyb0NlQ1NTMGlSeTJIVjF2MHVtNEhhRnY4Qk9LMmFidU1iMnhYNExkVHg3c3B6ekdFQjZJckJKbHRiWFBJV0dCQ1AyTHpsdG5xbEVycnBtUEFwSXFsNWI2U0c3SDg0SmI1aGtHY2l3?oc=5,2022-09-20 08:00:00,Digi.no,Norway,NO
Docomo sikter på 6G og 100 Gbit/s - Digi.no,https://news.google.com/rss/articles/CBMieEFVX3lxTE5iOF9PYVZJVFc0TXF1d216RVp1YXZPcWVVdE9feFVpV3NWTGUzczAwWHhMdUpxU3ZlbWF4YTFQdTRHQi01TG8xUW5GSzVleXhZb2JMWnoxa04xTWNFZEUzcVpnb2s0aVhSeVdGV21nbHNuMzh3SXFKSg?oc=5,2020-01-27 08:00:00,Digi.no,Norway,NO
Professor har jobbet med alt fra 1G til 6G: Målet er den trådløse kabelen - Digi.no,https://news.google.com/rss/articles/CBMirAFBVV95cUxQbkdjZ0t2THV5QzF1c3lYYnFYMFpVU3A0b1VuU3Zma0JEQnlzeGpfbjZNTFlVdzNlcTBHeEJQTGJUNF9NLU10WHZsb0cybTJNNWV4bEFqOWtZZHFoWEQxOWo3MDFhZVdzODdzelljR3oyUzFyS1JDMW5UZ2pMX05ZRG5JRE5haXdzWmc3dFl3TWRCLXVza0tlTkRXdnhuZmFDTjZKQ21paGo1bW9v?oc=5,2019-07-24 08:00:00,Digi.no,Norway,NO
"Dette så vi i Barcelona: Mobil med rulleskjerm, 6G og flyvende basestasjoner - Digi.no",https://news.google.com/rss/articles/CBMigwFBVV95cUxNNXI1eC1sRjBvYi1zU0p4T250eFVQUVd2MExQdEdMSWtuSGhLVThTcEtZbUdKajR0TmVXT3dQcVB2bzdoRjM4RjNGaWNlMEprdnN1d0xsTjlLMFZ3R0JhYlhNWUlWNF96dDZQRlJFX2pHVjBpdkVkeFduelhINFVsWFR1SQ?oc=5,2023-03-03 08:00:00,Digi.no,Norway,NO
"Mens alles øyne er på 5G, lurer Trump på hvorfor USA ikke har begynt å bygge ut 6G-nettet - Digi.no",https://news.google.com/rss/articles/CBMiwwFBVV95cUxPdXN4MHdHVHk4QWFZRGgwekR4TGhYbHg4YmFtdEV3b2JRc0NxNWRjTkZfSHRkbXZzZFlVOEFHNTNNQWhJSU5iMU5zYi1FUzJPMHZMV1RKZXU1UUMxcFRBNUFjVVZLNVF6bThhQUpaRkVBRXVWQWhqNEdvQWJUaVlGYnNPV1hRZzlvT29CUTMwYko0SXlDM3FXV3FpQVQxVjlrdTJNbHZsNjlQNXN4STUxX3Y0cDVNMVhOaFN4NEo1bkJnQkk?oc=5,2019-02-27 08:00:00,Digi.no,Norway,NO
Derfor rammes ikke Kolstad-sjefen av lønnskutt - adressa.no,https://news.google.com/rss/articles/CBMijgFBVV95cUxOTGJyUFJZdkhDMGFuakVVWUdwcEZIWDI1WktTZGlCR0hNenU0N0hOQVp6MFRVU0JJYUkyaFJNWnBlZmNyM01pLXh4SGVNQXFTc0czcHlzTWdvanQ3M2laSzRWUXNGbWd0X2ZwYmhhS1p0WlZ2bmxkZjJ6NGhielJXdE9rVzJjTnYyRkVFX3l3?oc=5,2023-07-13 08:00:00,adressa.no,Norway,NO
fagforbundet-fornoyd-med-stortingets-krisepakke - Fagforbundet,https://news.google.com/rss/articles/CBMilwFBVV95cUxQcEdKem14WklCRVdpSGs2by1aYXJ6aTRyX3Y4MU43ejZvXzlaUDJPZlZtSnY1LTBTeXJ3VlBFNEJ4VWlXVHd1STh4OHotMC00UnJLWXZ1NEp0WjcwckhYS3AwcVdpSE5hZUlGSEF5bjFsY3dIdlFSTnE5eDVPU1dQbHB4aEMyNVRDa3RIYUtIVFhxb2pvZ3Nn?oc=5,2020-03-16 07:00:00,Fagforbundet,Norway,NO
Kampen om teknologien som vil endre verden - Bergens Tidende,https://news.google.com/rss/articles/CBMijgFBVV95cUxQR3R0bHRwV2sxTW1pNy14M2RyMGxaTVJTTy1Ea2g1ck82ZEFUVFY1dUVGODh4NGFrRVBKS2hWaDh3VXNKWjdLRHNtV2ptNjRGX2tMd2tCRGRtODFMNUYyX1FsY09qQjJZVHNqNnNwbnItZVJhZWVsX1RiS05GWkhzTUVmdDV0Z2VrcFhhdVRR?oc=5,2021-02-13 08:00:00,Bergens Tidende,Norway,NO
Sjekk endringen: Nye regler om sykepenger etter lønnsoppgjøret - FriFagbevegelse,https://news.google.com/rss/articles/CBMi0AFBVV95cUxNZGFPRWFBMGlIeXZoUTR6VEZJQ3JiVmsxdVNqUW96Q2xfNHJoazRQUFJMd0t1dEY4SDJFMWlydzc3THpNQmViWWhYSmVqSWpBUy1DWVl1NVNYMFRNbEYyd1hiLUQzUC0xMzRLbHE2VFItbXVTckRaUS1IREVrSk1hUXdPTVlyVHRuaGM2M2Z1aS1NTkVGTUU4NnBzaWhOZV9oLTdSdTFZLTF1aFlGUHpSMzRFa3A1R05obnFtMTVUNFJRWkh4ME14dlJXYVB0UExx?oc=5,2020-08-26 08:00:00,FriFagbevegelse,Norway,NO
Hva er 6G? Her er alt du trenger å vite - TechRadar,https://news.google.com/rss/articles/CBMihAFBVV95cUxOWFQxYmtUYUlmNkpyOEZkNTcybVVUaG5hbjN6ak1yX3Npc0hMTlJuMlh6dW9uWlA3RTBtaVo1b1NXT3h1YnI4UnZKMjZQWG9IUVZaVk9xQlZmSFMzMzNELTFrdFNZYS1jZFdWTFg3SmF5ZmNkQW5SZkhKMEI1VXI2RlVjTkM?oc=5,2020-12-29 08:00:00,TechRadar,Norway,NO
Forberedelsene til neste generasjon mobilnett er i gang - Digi.no,https://news.google.com/rss/articles/CBMioAFBVV95cUxPQnZPYUVSYkplbVZhTzdhSjY4WVUwVEF6aHZpbFhJRlVWWVZVOW1UdjdwbFM0MFhkTDNGNkxCd0xDUlFyUjNvdVJXdUc5dXZuNnVkM3FhMXlRNVA4U1FXQk5CRnZiVWdSWEZOeGVuU0FNRXRrNGRZanRHR3hCY2pHNi1NbkQyQWhqbDU2NFB2VC1oRk5hd1g3X1FucDRSTWhw?oc=5,2024-06-29 08:00:00,Digi.no,Norway,NO
Leger blir også syke - Tidsskrift for Den norske legeforening,https://news.google.com/rss/articles/CBMifkFVX3lxTE4yZVhRUmxRTUZPaHpiZF9qaFlvWmdPT01fdlVSNVZwWWpYX05SdWM2N1BRRXFYNXdpSmZSZzQ4Y2RwZUFZS2dGVVNnODhGc0FDaTNNRE1leEpkbEszZENaVHZaTklqeVhLZjdNSDBrS3hIM3FqRmdDb1pnODVBdw?oc=5,2016-05-01 08:00:00,Tidsskrift for Den norske legeforening,Norway,NO
Her er regjeringens forslag til nye regler for dagpenger under permittering - FriFagbevegelse,https://news.google.com/rss/articles/CBMi6wFBVV95cUxNYWxzZ0I0MlJIS2h3WHhibENSSTZUWFlJSU9uZTk4dVN0NHRra0ZLZHdacXRDclBlUDdZTmt3LXBVWEVQQ1pfVVZlLWp3SFAwUWxvOEJxcTNNU3ZrUHZBbU1zMThKUjhseG8waHNfamU0ME5FelI2U3NTNEtLMXFvbkZmZEZtUDg0T1Z4SGhBWGtjMW9WMUE4T21sVklTd1Vicm1DV0FNNnFIU2hTcWo2cWJIVWdobzhYZjBrQWszVlFScGV0ZGRfOXdFdXo1SXJOcWttTUpzWXhOcVlfbzdXVW5LTTh5ZFdMZXJJ?oc=5,2020-03-13 07:00:00,FriFagbevegelse,Norway,NO
Boligen er den 5. dyreste i Indre Arna det siste året. Se topp fem-listen. - Bergens Tidende,https://news.google.com/rss/articles/CBMiuwFBVV95cUxOZUtmb0FoSXZtM2dXZWFtN1VydXQ1Rkpad21hTzJZd2lCb2paQ3lZVl9pTmx0OTA0NDNtZHZ5OURJV1BmY0E4SmtCQzFDYlNlUnBYX3dyemdBM2o0UElIM3cwNERibFpBbDZmal9XZlhPYlBKbDFEVU56cWRLb256dllpSy16WThGNWk4OW82TDJ4dGk3TVNoZzdnbGJWc2FZampMNGFUZWJHaWlzLWU4NGZ1R2tmU0pmNzVR?oc=5,2023-08-13 08:00:00,Bergens Tidende,Norway,NO
Leiligheten er 82 kvadratmeter. Snittprisen er helt i øvre sjikt. - Bergens Tidende,https://news.google.com/rss/articles/CBMisAFBVV95cUxNRE9uVjFKRmQtUlpHTEswM00wVEhtel9TSDctQkFLU2ZKOXVWR0ZtR3pBTmlGMXY2eENDY2s0S2RJNVhCOUxiRDV6bmZpazFXY0l2Sms3TzVxZ0xVaU1aeTVaWTJrYVlpU1R6WVZpVmdxMTlUc2VQV3ljanRfNWhod0dXbHJjQjk0dFdGeUxfX2hmUUNKZ2R6cTh5R0JxMjNlbVUzaDNtRUtZXy1NaFhsMg?oc=5,2022-06-15 08:00:00,Bergens Tidende,Norway,NO
Derfor får du ikke full lønn under permisjonen - Klikk.no,https://news.google.com/rss/articles/CBMimwFBVV95cUxQdmlIM3NLdmdNTW5tWF9KSzNtZkF5TUJ5aDBsTDN4XzlKT3FOMmt3Tk9CS0twTXlZaVprb1NfeWJEMDBLRENkSjdXZVh0cDVpa3lhU18yS09mRDJjMGN5U283R09Hc0lRdG1XYS1DYkw3Q2ZwS2dxV0dDdHNzS0I2Q0VkTG8wcXE2eE0zX2VudnczUzN2eGhIVGJQaw?oc=5,2015-02-28 08:00:00,Klikk.no,Norway,NO
Kongsberg og Nokia inngår avtale - Finansavisen,https://news.google.com/rss/articles/CBMikwFBVV95cUxNZTRERXRKZnRnYXhDeS1ic1pKbS1vZFNsMklOOUNaWlh2czNGTjROUVlHaENqOG1lSFduUmdlbld0cTRVMkdXVkNFbmRYZkxBaVBRVl9VcElRdEFZX1hMVHlGZVJmeFg0TDhZNVBUWEpmRzNqcEVWNWZoYk0xTFpULVNwX3hqQkZXbW1tMXVZYUJQUEk?oc=5,2025-09-11 08:00:00,Finansavisen,Norway,NO
"EU og USA diskuterer Kina, handel og teknologi i Luleå - cw.no",https://news.google.com/rss/articles/CBMilwFBVV95cUxOaDFiUVpiMjhVVHd2REtBQTh3WGdlU21KSHVjSDlHS0sxR2ZvT1dGc2Z0WkF0M0VpWk9yU1pUa3lTWURpV21yNmlrUzlmenk0RXBLYkg1ZEpOOTlhWXB6QVJFTzVsZkpVNUFyMmJmVE9GbzkwOTJFWm5LbkotSGRYU0EyTjJWWDR2aXdZLTZpRTRBbHZHQ1JZ?oc=5,2023-05-30 08:00:00,cw.no,Norway,NO
Leverer 100 Gbit/s trådløst over 1 kilometer - Digi.no,https://news.google.com/rss/articles/CBMihwFBVV95cUxONm9EeHBSMWo1b3h6Z1NBbGFrVmh5dU9fV3lTZGc3dnFKcENTeS1OSG9LQXVnQ0hCVGFkZ0x5WGxtREo4Ni1sbHozZ0l1S2xUTHM3Y293ZmpKYUV2Q2NwOW1BWC1lRGRER0Y5M08xWG4ycG1zNjJuU1ZyblYtY2FKZnBSRkFHSEk?oc=5,2023-03-01 08:00:00,Digi.no,Norway,NO
5G og personvern - Datatilsynet,https://news.google.com/rss/articles/CBMipAFBVV95cUxQLXBpTWw2R18yZ2dwUlhDaHk1TkdPTmkxMWM5N3o2aTN2ZWlaZDFqaGhHRjdUMkowR0pDMFlsaUs0dm9lSm5naHdvT3h4Wm92bEIzRF9lc2VkcEVxak5wYjVMcU51Uk5TYUY1X2pjTVRmVnowZ2p4OG5KLWFyMHIza3J4X3RsR3lSWTJIQmtTcmM3NHdGUFpZdk9Jb2RnREJwVTBFSQ?oc=5,2023-06-22 08:00:00,Datatilsynet,Norway,NO
Hundrevis av permitterte kan ha fått for lite i lønn - Teknisk Ukeblad,https://news.google.com/rss/articles/CBMijwFBVV95cUxPTjhwYmlCazVxdlBKMHNQYU0xMHJCQVFTQ0Y5UTJhM1VUMzdWMW1tSk1zeFN3M0pjN0ZxclRLWDI1YkVKYzJQVGJLWmFYajJ1ejNXYlNpYldfTVRVNjF3YU9KZlU0TUNUSTVRTmxuR2YwdEJSbU5QTHhtUkdGVWc1V3AzS1ZWZHpNWU9VMVpzYw?oc=5,2017-09-21 08:00:00,Teknisk Ukeblad,Norway,NO
5G får en rekke nye forbedringer - Digi.no,https://news.google.com/rss/articles/CBMid0FVX3lxTE1oaEdENllfRWoxQk4tM1VWdmhkLXlzRlpjZ0xJRU01bzV3QXNrLV9fOGY4UnJfX251X0xRd1RaZ2U2WmVpVEpWazhyRUUzTDNNRVphcEN5dTFvdFJWNVpxNnlIendtMG5NLXlSeEdEc093UHZqNWpz?oc=5,2024-06-27 08:00:00,Digi.no,Norway,NO
Aksjonærlisten full av golden oldies - Finansavisen,https://news.google.com/rss/articles/CBMimgFBVV95cUxNbEFrUldnV01HRTAzNktqNjZNMWtyTVgxTGltUUJRNzEzM1Vyai1Bd1R4bmNLSXcyRW8tYktMU1BQUkF3Z3lIU0NwWl9iU2hwZmhJdm5kb1czVUJNV3F4Sk01dElkRFNvU1JkTHgwMmhxRm9ZeG11NGlfNE9LUDNyazRzMlU3UVB1QmMtMHJySDI3Snkwd296WHZR?oc=5,2024-01-04 08:00:00,Finansavisen,Norway,NO
Trumps hemmelige plan: – Ønsker fire land ut av EU - Nettavisen,https://news.google.com/rss/articles/CBMipgFBVV95cUxOTFlQRVlENzZRa0EtS1RqdlNrU1hfU2NpQjZaQmxDQjRTU1lvTE9rRGZ5WjgxeV96QnJ2UVRkcU9aVE53b1J3YjdYQldTUXlBTDRYU0t0bGwyUEdWS1hFcEpmLVh6aDJidGIxckQ1LUptQWlPQUhZUkE4dHJZQmhJSkpkblp4TWFDZkU1MzVCSmdPdUdDNTlkRDBjN2RSV3NUQUZLTVRB?oc=5,2025-12-12 08:00:00,Nettavisen,Norway,NO
Li-Fi vil bli brukt i stedet for Wi-Fi i 6G-teknologier. - İndigo Dergisi,https://news.google.com/rss/articles/CBMihAFBVV95cUxQWGE5al8yRV9adFNwbFo5UU9QUGVNZUtRSHA2dUs3Nm95VTRPQ3JFdjc4R2JHUzZKQ2c3M0pmenRteVZqMmRpcUVUN3V6cDhTMThWazR2V1dnaTRvcjJuWVNxeklsTDQxdnVkNzl1dG5KeXlla01jYmtfUXZsbXFNOGZuaEg?oc=5,2022-10-19 08:00:00,İndigo Dergisi,Norway,NO
Golden oldies: Millionflom til luftslott - Finansavisen,https://news.google.com/rss/articles/CBMihgFBVV95cUxNNVZhenhTbFlHcjZCWGRMaXFzZEtoS1J5ZzVPZDFnd1ZkNy12ZDRlQVVsT2FTNlV6MGlzamhKbEloNmpOWDNza0Vpa1BncVVXMEV0T0VPa0hGeWlVN3R6ZlZFb3o1VXliVU55cldCRDdET2IyNWtQVzk4M1pMNFJuaGtnYkRZQQ?oc=5,2025-08-19 08:00:00,Finansavisen,Norway,NO
25 år etter søppelfiaskoen: Lokker småsparere med mangedobling - Finansavisen,https://news.google.com/rss/articles/CBMiugFBVV95cUxPRUU2N1AweXJNMTN4dWwzdzB6VkxiTEs5QTBxOGF5bDFldVR4ZExodUs0X29BZkhLSjcxbk5GRGdoRXp4TnlSZmplNkhfY1hVRlZPOWZfWDJjVWVrMzhXMFVKblk3QnhVQ05uZlpkRlRyY2JWamlZU0xVWUF0N0hQWXQ4YTExQWRlUDR1d1BobFBvOVNzRGtFVWRweE03Zk9qclR4VExVV2REUnBOUWZjUy03Z2VpcDB4eFE?oc=5,2023-04-17 08:00:00,Finansavisen,Norway,NO
Kjøper la 2.400.000 kroner på bordet for denne leiligheten på Madla - Stavanger Aftenblad,https://news.google.com/rss/articles/CBMivwFBVV95cUxQajJic09iU0VXaDNQVC1CRWZnQ2R6YXNlblB6VGU4QmdrSUFQVDd5MElXOC1yUVdpLUNoT1NaTmRVSnd1N2k1MVlzY0hHYWZJWHVzak5tSjdfX3JOdmdxek9rTXU2dTM3VmVQUUtpSnMyNGdoOER3SUNUQldlY0tBalYtczRDNDc0Y04wY0ZKcHlBb19nTmdVOWJZOU5ZMWRWdy1FTGRaSEh4eVJSTEFFQnpvTldwbTlFbDN3dXlTSQ?oc=5,2021-11-13 08:00:00,Stavanger Aftenblad,Norway,NO
Apple iPod nano 6g - Tek.no,https://news.google.com/rss/articles/CBMiYEFVX3lxTE9YU2FQdFlFTXFPZEFJTTRXMTcxUkZhQUJ1SVRKdm9xa3BZVERLU1BNR0lVd0Vlbi1KLUpBNkVrVGZlOXZzYVoyZXJNWm10dkliaHAydEN3ZGFGSUM4a3lPWg?oc=5,2010-09-14 08:00:00,Tek.no,Norway,NO
Blogg.no | Kvote-skurkene får så øra flagrer - Nettavisen,https://news.google.com/rss/articles/CBMiowFBVV95cUxPZmU0WXkwRWlxMjV2SGsyOHBhcjJ1dm1vWVU3Z1JHYzgtLTYzLWJ6S3RiWk9faGttM0hkZjJaUi1NUkpMQVJPc0pxcVNaRG1jZ1Jmb0g3MnNydUdERUI2UkkwOGh1aDM5Z0J2RkNTR1ZNZFBYd1p6a2VUNVNDWmVXZmJlU2JwV1dzeDBhMk90NzE1dXplS3dQZmVUOFZ2Y3pBWVVB?oc=5,2014-07-10 08:00:00,Nettavisen,Norway,NO
Slik blir fremtidens mobiltelefon - Digi.no,https://news.google.com/rss/articles/CBMigwFBVV95cUxOS3YtSWFDRXA5MzB6WGVKaEZqN2VzNG8xeV9vTDMwaWFrRHFQNFBmNHhCUGtTNm1MZXliVV9uc0lFWmt1a0NwaHB4N3ltdW8zRmdkSFRoSEhIaXBWSnl5UFZCOXBScEI0WF9WVGQ1b21idERWWUJScjh1akczWUVwcXNpdw?oc=5,2024-03-29 07:00:00,Digi.no,Norway,NO
"Nvidia kjøper seg inn i Nokia: 1 mrd. for AI-RAN, 5G og 6G - Пепелац Ньюс",https://news.google.com/rss/articles/CBMimAFBVV95cUxNc1hBcVMxWWVMcHpsX2VIZWVwT3k1TkZuWTBfWWxWNHhYQXFJc3ZZUHZCWWxzSi1ORzFlT3dPd25rN1k0eVpZdmw5SGdWXzJhYjJkWl9SdDRaTkN3eV83ZkVRcmF5SGRiMWdjZHlaTHlKSl9sTDNIalNvMk9mRjhrZ0ZWR0VZdDhxeGdJZFl0RFhoSGk0alFERtIBnAFBVV95cUxOM295eGNqVTZOMHZ5WnBnYXhDWEZTTlJxYlcxR21EVWNqTE1xT0tiLUVwUEplMXc3NndELWI0X3htOWg4TVQ1UzJQdG96cm9Nc3pmcXVsOUt2QmhmMF9oczlWMXhvaEF1eVMwSGhOWnRuY2xfSzkxdTNXVmF5ZmN6Q0M4ZFUzOGVuOFByejkybmVjQ0VWZDNnT01jRTY?oc=5,2025-10-29 07:00:00,Пепелац Ньюс,Norway,NO
China startet zweite Phase von 6G-Technologie-Tests - oushinet.com,https://news.google.com/rss/articles/CBMiqwFBVV95cUxQVm5BbHZtYWJLcWhnU0xEclVoSnZOZWVNbjZwSkEyZGlETlhvOVNEU2NkNFRldnhlN0E4QWVtNFZuNHpXUzlKSUw0d2swek54bHRDNGpaSWNzbVFQMzN3b0Vqd3FZb0ZNM0xSQUFxbUpSNDBfR2htaVdScE9mWjk0SDg2VkZrVzZIQXJUTFQwV05NclBpVnFmSWxDcEg0TTNUNG1uMTBWZHFLYlU?oc=5,2026-02-12 23:27:45,oushinet.com,Germany,DE
Bund legt 6G-Fahrplan vor - IP-Insider,https://news.google.com/rss/articles/CBMilwFBVV95cUxNU0lBZFo1STVmRzd5NDNPR3AyajdzRGJSbUQzZ0k5LUltdGNDaEFnQW9QWlBBelNaTTVHU3l6WjVxX0lGUnYtSFpRQkZ3MUhKejE1aW1MQnNCRGYxVWhBdWJoSjZRVjNBczVEZ3hFTVVJcEllYlpUaFpCUHB2Z3F3YkFid1lhTUgwTG1SWGJaRUxQd19jWUJJ?oc=5,2026-01-22 08:00:00,IP-Insider,Germany,DE
White Paper zur Energie-6G-Konvergenz von AIOTI und 6G IA - WIoT Group,https://news.google.com/rss/articles/CBMimgFBVV95cUxQMGV0SjZZYlpOZmZhNk9PeldrUmJqaG1adWVxZXc4TW15c1JvNWlINUtlYVhkVHpjb3dtYkJRM0NZaFV2OTQ2VFhIcTRFNWI0alo2MVpYZ3dMTHFmc1VacEMxWWo2VGlZWW54aEFOQklodkQ5ZVhoNXBMc08wZlJucE85eEZOVWJTRWp2Y0lYdFVPX1lTdm8yWDF3?oc=5,2026-02-12 10:21:56,WIoT Group,Germany,DE
Revolutionäres 6G-Antennen-Design ebnet Weg zu Terabit-Datenraten - WinFuture,https://news.google.com/rss/articles/CBMiTkFVX3lxTE1xUjN5dDhScTBxQzZScl9uZ0QwV0dudmRyZVVLUXJONTZkU1FQXzNXdjNjNExEbkZSMzhKZW5pd3NWTlcxZGl1Ym9uVFoxdw?oc=5,2026-02-09 06:43:00,WinFuture,Germany,DE
6G NeXt-Projekt: Erfolgreicher Abschluss nach 3 Jahren 6G-Forschung - Deutsche Telekom,https://news.google.com/rss/articles/CBMi0AFBVV95cUxPcVZncWd4Wm9aVzJFRWdpeGp5cDBDc01nTmVsSHYzS0JXWGtFQ0FaTHgwaEVKZXFqZlY2Wm5NWFVYcHlwR3ZTeDlZZHJVMVUzdHRQaUtvZ2dyQmNyRUpFM1FBamJGVFc5clowVnpwa1h5Wk83clZTX3d6LTFPREw1ek9iMVFhUzhGVUMxTlg3eW1xUEFhZkltZHhtLXdST3I3R2VkdE41WlFkcTJ3ZHI0d3hhcm9pNmN2UHE5dko0dFVrQUZ3ck1TOTVwbFlaSEZ2?oc=5,2025-09-24 08:00:00,Deutsche Telekom,Germany,DE
Huawei thotë se po planifikon të lansojë rrjetin ultra të shpejtë 6G deri në vitin 2030 - Telegrafi,https://news.google.com/rss/articles/CBMiswFBVV95cUxPdThPTzRVZlNrWmFXbXFxdERiSi0tTWpwRFVDemdHY2oyZmJNaXhScVcySmp0Q0hYd3BseDNoVFBiN09QaUlwM192WlpFWTAybDJueWJhYVVTdWJ3b0ZJMWJHNXBKVlMwUWd2clNHd3dQSzZCUXQ0LVAyUjc4Y0cyR005WHl5UkxFdHVwWUFlY3dSMVJkQnpCUmo0OXQxMERZcFplRWVlTVNObnpiV2lVRG15WQ?oc=5,2026-02-14 09:24:08,Telegrafi,Germany,DE
6G –Mobilfunk-Visionen für die 2030er Jahre - Bitkom e. V.,https://news.google.com/rss/articles/CBMi4wFBVV95cUxPUVpZM2x2ajcyNGlYdzFZc1NiQnhSV3JSQm1TazhSSzc3bTRLci03RF90dkhBOTMzV2N0Y2VDOUVyOVpCSEdoN0R6YjFjdHZIR3dNMnBGNTNBZk5jd1d2azVwWUl3UGNjWXRDUjItZTd1WTFnWl9uQ1I2ejl2b1d5R0VmZTB6WlB6STgxMTFjV1JFZnNEOXRjd1NNa2NodHRMRXp4UXNyQkFfSi04eTZSM0V4YjM0QmNTV0dJVzdSSG84RkdURGFBc3lfbTAydFFQWjRxak9sd0J3LVh2bVBfdmtWQQ?oc=5,2025-05-30 17:36:52,Bitkom e. V.,Germany,DE
Open6GHub+ startet: Deutschlands 6G-Forschung wird Industriemotor - idw - Informationsdienst Wissenschaft,https://news.google.com/rss/articles/CBMiS0FVX3lxTE8xeU1TSlBwbTkwNHlYZzhBdmI5cW9qLWptLWhvVDFRVDdSRGpuZWswaXlYR3pkYXphMkhVa25mcGNfUE02WjNmUWFLMA?oc=5,2026-01-23 08:00:00,idw - Informationsdienst Wissenschaft,Germany,DE
6G-Forschung für neue Anforderungen - tu-darmstadt.de,https://news.google.com/rss/articles/CBMikgFBVV95cUxPXzVVQUN2NFZFUDZhRkZndkFYbVpoN2d5Y2tXbjc1V3dMQVNEYVlXT2RMQ1JUTzNOaHZzczcwVWpSRnZXWnliWFpzOHZzdTBaQ2VyVElIUlQ0UWNyUnpUb2xBdFVvck5yaXEtVXI1WU9feVJaLVJvZFJBdHdhZXFVVU4wX0pfR1lLcFdaQjlBbE41Zw?oc=5,2026-01-26 08:00:00,tu-darmstadt.de,Germany,DE
Nvidia und Nokia schließen Partnerschaft zum 6G-Ausbau - Elektronikpraxis,https://news.google.com/rss/articles/CBMiwAFBVV95cUxQRjRJRERmUUpSbWFlYUdxZWNydkdMZjc4aVcyWjUwVlJXaWpaNTc1ZDJURXR6UWdFU3pobW1qN0dJRVZFX2wzQkZDV19KTlgxcHppbWM5VXlxeG83eG1sVjI0YjBsQ1BXdE90UVhFYUhabUJTM0RvU1VYbXM0Zmp1V2t2a0xGRW1GeU9QaW5fMXpRXy05NGl0V0R3VTlLUGFvdXBXa0R2QlRoWE1mN2lCV2ExX2tUV3VTclpGQ3ZWWWw?oc=5,2025-10-30 07:00:00,Elektronikpraxis,Germany,DE
Mobilfunkstandard 6G: Europas Weg zur Technologieführerschaft - FAZ,https://news.google.com/rss/articles/CBMitgFBVV95cUxPUENLbjdTck9VeUViTlloM0F0bWg3Ujc4NkZKSDlZNVZTT0FSZHgzdkNWV1Y4RklIVlFRV29RTTJRRk9Xdmo4QVJXTUZiR0haSHYybGZJVDZMdmswUzRIY2gzRFV6RnpFRHQ4NF9vUzY3cnl4aXJDMVdNYWk3X0tta0FpbE9LOEp4MUM1bFZ6VlVFdXBVTVk4V2lrMnA1dVFmUGp4Wk50eUpZZTZHYmRUMjlJMlhoQQ?oc=5,2026-01-08 08:00:00,FAZ,Germany,DE
Donald Trump will technisches Wissen beweisen – und blamiert sich bis auf die Knochen - Watson.de,https://news.google.com/rss/articles/CBMiuwFBVV95cUxNcnFkbExTR1hOU096X0pTemUzZi1aMlpCQ3NqY3B4TkJzbFdyMk1NUnAwWU0xTHFISGJycnc4Y0NxclVtNmY4TDZUamEtd0dNVlo0c1pLQzRQQU5rNm8xRVRGSGRNUldzQzFsYlFSMG8xRmZfV2laanpSRE1adFNjTkpSUDRoUFh4NHpVS0Q3cDNoamlYTFA3c01hNHJ1OVVJdGIxOVRYdGZBbWE3T2tXWS1SQzVTQ0gxVWNn?oc=5,2025-12-11 08:00:00,Watson.de,Germany,DE
ETSI: Überwachungsstandards für 6G-Mobilfunk gestartet - Golem.de,https://news.google.com/rss/articles/CBMinwFBVV95cUxNdFhMVXRMb0ViNkVCN1ZidzZ6Z2pjdE9lbUYtNk56NEJFWWxKZmRHOVpCTmVQQmd0WmRXSjV0d0J2bE5CZGlFVnRVUFZ5OC1EbFM4ZFdMNjBrYWxDdkE2MVRQU3JweGlpbXVLMGI1MWphTnMxNkRBODZoMGpDNVBjb3VmdFA0WDNBaENnTExidTdmMGtiNGFJQ3paNUJoZUk?oc=5,2025-12-08 08:00:00,Golem.de,Germany,DE
"Bundeskanzler Merz: ""Werden keine Komponenten aus China im 6G-Netz zulassen"" - heise online",https://news.google.com/rss/articles/CBMiswFBVV95cUxNdFNlVEZRdFlXdEFrZ2ptclhUX3FsSGQyeUtyQmNfOUJBZVJhNUhvWDMzeDIxYjVNM1lveEdQSTVJOS1MWUFrR0R5c1RkdHI3cEw1MXg0WDBLMldvMWhPTFJIMTNWcUZFaG1iSlFCTEdoM01Dak03VE1jei1PYVhMdmY1OFA5NEYwbU5LcG1ZYXFUWFNGZU1GaHRaRlVoMXVuYmtEVDN0NWtId3o5bm9YT3Qzcw?oc=5,2025-11-15 08:00:00,heise online,Germany,DE
6G: Satellitenkommunikation soll ab 2030 Standard werden - IP-Insider,https://news.google.com/rss/articles/CBMimwFBVV95cUxOUXUyOFVmU3dIWWFWVkN5d1cybVpJMnZlX05GeDVnUkJlNFFmVG1xVFc3ZTI2cEVBMTA1OWFkcTdvZWYwQnlyamVJRUFhQWM2WERYWG9vVHpKVVg3VzR3VmVkaHZ6WGdSTDZ0ZkMtXzdKTjRnZ3VzQmZRd3ZPa0lMa1hNR0taSmVidTBVTGx3ckUwM3kyWjE4LW1DVQ?oc=5,2025-10-28 07:00:00,IP-Insider,Germany,DE
6G-Forschung für neue Anforderungen - tu-darmstadt.de,https://news.google.com/rss/articles/CBMikgFBVV95cUxNZDNWQkFNam9kMzFValNrb0QwZHpBZThnNkljMEVPVV9RZnI3QkFlUGUyOUZmbGFPRjRKVW9wcGIwV0ZieDBWSTJFMjFOcGNGeXlfTjFzc0lsREdPVER3TnlRbVNyenMtY21RZTI0QkZhZGVoR0ZJRm5veXQwUkhSb1JDTUdMcHlNWUhjcVJNZWxoZw?oc=5,2026-01-26 08:00:00,tu-darmstadt.de,Germany,DE
Nvidia investiert 1 Milliarde US-Dollar in Nokia für Netzwerk-KI und 6G-Upgrade - heise online,https://news.google.com/rss/articles/CBMivAFBVV95cUxPalpZRjA5dldERndaWGhxcmVtWkR3LXVOOG9mR3pQRXVGdm1XMklxSGRpMEtnT1FDNG5MZG0tSXFpNTlIOURyZmZ0QjVNUEt5MlQtSk5DMHozYkVQUUtrTk9mRDVYQkFvaFhQSmUtNUF1Z21YLWo1bXFWVXpDVXNaOTBPWTNxanJySzV2Vmx6MldPVmp1dlNqamRrVnN0dzVwRWw4WExRaEZJeGtOUjJBakJneUpHMm5XSmdlQQ?oc=5,2025-10-29 07:00:00,heise online,Germany,DE
6G: Erste vorkommerzielle Geräte laut Qualcomm-CEO nicht vor 2028 - heise online,https://news.google.com/rss/articles/CBMiqgFBVV95cUxOSG9GY1RYcFM5VnRGUm5zcTc5cVlwYU5rbHgtczhWOUEyUElmSk8zbHFZcGNsajI3b3RTNVNFTk1odzFWS3dWaFNlSnd0SFgzX09ZYnJyWmY5dHJ3UWR4UmpyX1NHNXgwWWM2Ry10T2RPSnA2R3NERjlYNGNfNGhEZWpRR1RLZTZZd25jeEpqdG14aUIyYXJRVFBTTm1kanY2ZkVPWmFmU0tSUQ?oc=5,2025-09-25 08:00:00,heise online,Germany,DE
Sachsens Forscher arbeiten am Mobilfunknetz der Zukunft. 6G soll ab 2030 starten. - DieSachsen,https://news.google.com/rss/articles/CBMipAFBVV95cUxNVFRfMFhjazYxVktQTEl6dVgwLXYtQnVWYTE3U0NobEhmeEp2TWFSVVFYdDQ4WnFJTEVBMW1HdjlXWXAyTXpnRGh2UDNhdnNha3hUVGd4S3plNDNVbXViaDk4Ym9LVktWbWpIQVcxdlRtOV82RVgwMUpjMmxJbnpwRzQxQ25HMlBkdE1wWXFrcmhxa2tlSjhrMWxuMmRyXzJ5V2owRg?oc=5,2026-01-13 08:00:00,DieSachsen,Germany,DE
Test: Monitor Audio Gold 50 6G – Kompaktlautsprecher - likehifi.de,https://news.google.com/rss/articles/CBMifEFVX3lxTE1Xc0lad0NOcTJQZGNzZmxnWUJRZ1VfQy10NW0ySW1mZjRRQTM2ajB1T1BZaTBKQjcxNV9FREJORjNhN0R6cF9kZW5BM2lTY1N3TVlNVTZRa1J4X2x2dVJJSDdHWU40SU0ydVpfcjFSOGhib2ZRVFRpd0dwcnU?oc=5,2025-11-16 08:00:00,likehifi.de,Germany,DE
"6G: NVIDIA, Nokia und Dell entwickeln KI-Netze - teltarif.de",https://news.google.com/rss/articles/CBMiggFBVV95cUxNMFF2ajJPWU91N1QzWVBKLWN0MHVTR3ZmQ1F5ZHJsaTNlMTFqekgzcUo0V3JXR3NuanQ0cU94Q01qSm5BV2NLME9OMUYwQ0J6N2JJOUxSN3JzU3VCODlfQm9fTUY4a0VqeDRsaGktc2JoTTFvanNjVzVwdjF3VlVaQzNn?oc=5,2025-10-29 07:00:00,teltarif.de,Germany,DE
Transferhub „6G-life²“ startet in die nächste Förderphase - Digital Manufacturing Magazin,https://news.google.com/rss/articles/CBMi0wFBVV95cUxOd3pEdlNUZ05PcFpIS0QyaG5aeVp6ckVSd2VBTzBpN05tUGJ1VzBSb2R5RU1UdGlNcWN1S0N2VENQV1BjbGQ4ekZLTVViaUxEcnZfLWNQZlN1Y2laYmxmaDhPYUtzdnVhUzlmcUxnUjVDb2dnLWFRdEFmdm9zQW1NVDhxcHlJdUJHcFBpNndPR0p5NFNQZnlGc0UyazktRjh2Rllvak9IbEpMZXZkeld0Y1IwZWNBV1dfOXpqenh4V0N5V2p5NTZyc3JRV0UydlltbWhj?oc=5,2026-01-12 08:00:00,Digital Manufacturing Magazin,Germany,DE
Samsung erreicht Meilenstein im Bereich virtualisierte RAN für AI-native 6G-fähige Netzwerke - samsung.com,https://news.google.com/rss/articles/CBMivAFBVV95cUxQeC10NndQcFJoSE5KczZ5NG1YWEUzU0t2R2xsSWtuRnZoRGJlRXAwdWlvYlRQdU9yOVkzZjZ2aC1iMTBaYXVoQjdTamdJdnRDbUFZVWRMV2hydDlaRDVTZU1UOElnSnVqZUp3OWJ1WWoxX0huNjhfbjczWFMxRjI4dXRtWUVUY2dQUVM5LS1NV0NPWkZNdTIzLVdvRjh1ZXh6RDdRMGRzUXVyNWotYndPTlZ5eDF4TVZoV3IzcA?oc=5,2026-01-15 08:00:00,samsung.com,Germany,DE
Frequenzstreit: Warum sich die 6G-Fokussierung negativ aufs WLAN auswirken könnte - t3n,https://news.google.com/rss/articles/CBMiYEFVX3lxTE9USWY3LVhWWjJVd2pHRWZJUkxUYlZ1TEZhOFVlanFmWVE2VkxGcExGY0c1emRKVlA5V1pEMTY5cHlQeF8tV3BDOG5uRlVDQWlDcGZDakRua09yYUw4bXhUeA?oc=5,2025-11-03 08:00:00,t3n,Germany,DE
6G-TakeOff: Forschungsprojekt zu 3D-Netzen abgeschlossen - Caschys Blog,https://news.google.com/rss/articles/CBMijgFBVV95cUxNM2c5ZzFFMm9lTzdsZDNWaFh2WFN6eHZZUC1XWjdMVXREQzJNTTRmUU9kRXVyNHhBTVZDU01YS0hZbTFXUi1hOWJSbHZldVIxQjZsM2U3a2t4c3hzOVA5dzQwX0JpS1NjTFExc3JoSnBZT0ROZF9fSHNtaFRpS05GU1VNLXJqTHNUREJGN1BB?oc=5,2025-11-28 08:00:00,Caschys Blog,Germany,DE
Chinas Fünf-Jahres-Plan setzt auf KI-Roboter und 6G - BornCity,https://news.google.com/rss/articles/CBMihgFBVV95cUxONEdDMUx4WHNYWFNzeFhibnBtdk1jWHBXRFNxQTJLQlBkWXBLTlZpZlpGQ0xaTmthVmNMWjJJSlZjaE51RWZkcFRSbmZub1J6Z1JURDcxRF9mdWlFd281S0ZrTmVYRV9ETTVDUVhySVpsUTFjRl9XZk5Dd0hYXzYyVkRhc3otUQ?oc=5,2026-01-22 08:00:00,BornCity,Germany,DE
Forschung zu 6G in Bochum - Radio Bochum,https://news.google.com/rss/articles/CBMid0FVX3lxTE9fVmtrLVg3R2tTZVFHY1FXemFYdHVrNWZ1MVJ2MTFSalMxR1dVdkYwZnhYbHdkQTFDbDlmNDlWdkR3SjhrQmlIZmtSTGk1M0dJLUV0cUZISS1yM1oza05CcUw3azNLcDJURDBobmo2ME1ILXFzSUFB?oc=5,2026-01-15 08:00:00,Radio Bochum,Germany,DE
GSMA: 6G wird bis zu dreimal mehr Funkspektrum erfordern - IP-Insider,https://news.google.com/rss/articles/CBMiuAFBVV95cUxPT1BJMHlwZXVUcWZIQ3dEM2FDUnl2dVUtR3dXMXphRFpzb2NhVHFJNTFxckpYendyYWxKYU9JRlhqYXJ2OXVfRHVNNlZGb0NiamxxVmdhLXJBZnB5djRsS2sxcXhCQTg5SGl5OE9jZ3VVdnc3elljb2NfMVBGeFBaUXh0LU1idEJ4Zjd6cEI5aGY2OXc0OGo3bUdwVzZwUEZzYWNjR3pjZGVaOEtpOFVwSDkyNjlGeExv?oc=5,2025-12-30 08:00:00,IP-Insider,Germany,DE
Würzburg: Uni arbeitet an Mobilfunkstandard 6G mit - Radio Gong Würzburg,https://news.google.com/rss/articles/CBMilgFBVV95cUxQY053UzZBTUE2Z2gtRG42ZFB1aVZ4em8xNTBVNnZkQzhMYmtGWl9HU0xqaXNlTFFRT052UUllZ2F3Z0Y4VDJfck5lS3BqQjhwXzJsd3RLSWVaZFdONllOTm90bEk2SEx0enFPN192ZHlUUi1kY0Q1NEZ2S292RWhpUlNEdnZHdVBSWGkwb3JkRmxwcV9tbkE?oc=5,2025-12-02 08:00:00,Radio Gong Würzburg,Germany,DE
6G network: TU Dresden researches the future of mobile communications - DieSachsen,https://news.google.com/rss/articles/CBMiugFBVV95cUxNV2E3bWUwRlBfR3V5dVdfX0pCeXM5ZlZ3VFZ4dVY4cUFZVjVBczFiRGQ1aHhWWFFScmhYMlFkNEV4ck9kajExTnhZdEw0bjFhNDNCNS1WYlZKT09rXzhGbno3Z3Z3Sk9NbDZ1LVdILWkybG9EeXVfYzdzMDYxdzFPUUZDb0hmR1NFUkJHTTYyQllJSlZZRE1DbUxTZVpCTFFvbU5PRnhMMjNYOVpBS1p5bXZUaTBKbU9wSWc?oc=5,2026-01-13 08:00:00,DieSachsen,Germany,DE
2025 China Internet Conference: China Mobile erreicht 280 GBit/s in 6G-Testnetz - Golem.de,https://news.google.com/rss/articles/CBMivgFBVV95cUxNdGl3MVVCQ3dUVWg4LU5leVNpS2ZnaUpkMkoyWmlFaVB2MHgtXzhkZ04xbXk2eFc4Zno2S3pGLTJPS0RReDdVQ0c5MjcxOXRYSlpJREFEV0FTNXFLdUk2elM1T2F5ejZ0VEFGZmc4bThpMEMxRUFfT21CU3FWem05bUdnYzhnM1ZzTmpTSnBqNmlKZHloQmFHc0NBZ3dkTEg0V0JkMzlVTVJjeUlETER6bFhHaE1zY3BQT3V2aG1n?oc=5,2025-07-28 08:00:00,Golem.de,Germany,DE
Nvidia-Deal mit Nokia: Eine Milliarde Dollar für 6G-Revolution - Der Aktionär,https://news.google.com/rss/articles/CBMi0gFBVV95cUxNS282dHg0Rjd2X3NXNkN6eFR4TllpUkFvQlE1aExzUHh2VEx5THlJSWhXeTZ4OGQ5UHNBeFlOTDVHd1k2YlFfRXU3Mm1jSFFQM2lQbmJBOGJxLU9KWms4QVhHd3B6b1RyemFpWVJ1WmR0MmIwcEstWlV2SXJjOWM0MDUxN2hFUUZDU1JfQ0NfbzJMeDNSSzVmcFV1a0VraHl6ZHh5UEhhYUhId0JYNDlScXBUN2ZOVEtWaVVDLU1TdkNfemtlazZOdnltODRZMS1mcGc?oc=5,2025-10-28 07:00:00,Der Aktionär,Germany,DE
XGDensify - Verdichtungsbeschleunigung im 5G/6G-Mobilfunk - bmv.de,https://news.google.com/rss/articles/CBMif0FVX3lxTE5EcGVwbGlIa2ZRaHR5OGRhcUd4YXFBN1FKSnZlcEVVdDJscHI2OXh6NGNDbDEydEdNdHVlUG5fLVg2VTUzbEFSbmZFLXBCS3dFbHBqMFpGcDJ2dlFuQnBITjl4eEVIczdsdjNBQWItRlc2TWw1Y0lmdzFMd3hCU0E?oc=5,2025-05-16 13:57:47,bmv.de,Germany,DE
6G: Neuer Mobilfunkstandard – neue Möglichkeiten - TU Dortmund,https://news.google.com/rss/articles/CBMiqgFBVV95cUxPVW5ocEVYZTN4WENRN3pCbm92UGNVemtKZlhpUzRrNENFbmJpaTBHbi00Y2JZaV9xeWpDUi1LZHRGc1RVYzl5Z3BtYlJyOTJpaGdDbWF2M3V6UVNKaEMtR3liSVpUVEFhdGdJcVViMEs4dWV3SjlvZFFIeHY2VGY5aWdxS1J6RnhzcDdLWU5ldWFSRmRZTTlrTnVNc1BHcGtnLW9EYi1oY1JZZw?oc=5,2026-01-01 08:00:00,TU Dortmund,Germany,DE
100 Gigabit pro Sekunde: Forscher entwickeln winzigen 6G-Chip mit Rekordgeschwindigkeit - t3n,https://news.google.com/rss/articles/CBMibEFVX3lxTE1rYnVFekVtdkp4OW5XWUExQW1hZHFHSHg1SzJUOF9ZZzMxZ3JLSl82cTJfT2JkSW1oNnJSOXkzOWJxWGpxcV9OTVlqSXNyRC1Nbkt0U1dxWnJDOGZNRFZWc2ZOQ0tYQjhaaUxDLQ?oc=5,2025-09-07 08:00:00,t3n,Germany,DE
CLOUD56 - Skalierbare Cloud-Architektur für 5G/6G RAN und Applikationen in der Industrie - bmv.de,https://news.google.com/rss/articles/CBMifEFVX3lxTFBXUUpyTEgyd3Ewck5HUzN6VzJSUkszb0cxWVFzdFBaeVJmS2VQRzZ5N2NTVEVSMWJPYWVkMXVod2V2Wmt4WExIVVQ4aUFOcHBtRnZZamVhdnAxM2wyQVMwelJVYjEzUGhUR3Q2dExSZVVpczZURFdGWWpuSjU?oc=5,2025-05-18 22:50:07,bmv.de,Germany,DE
Nokia Aktie: 6G-Revolution beginnt! - AD HOC NEWS,https://news.google.com/rss/articles/CBMikAFBVV95cUxQQ1ZFMThEYUV4Y21NeUdRcFJ0T1YyT3BjZ0I5ZGNnaUROblpUcDlyQVQzOXBMaGFtWU9oYlExa1VuazNHbGsyQl93VkJnbXFLRXF3QkU2bTUwamFTbkVOV3FSQ0I5TjNTeXRoT1JkWnFNb1dPLUY0NUVhZkJyNlhWZEM3N2x1dUFBQzF5RmliM1c?oc=5,2025-11-07 08:00:00,AD HOC NEWS,Germany,DE
5G schon veraltet? Erste 6G-Geräte erscheinen schneller als erwartet - Netzwelt,https://news.google.com/rss/articles/CBMioAFBVV95cUxOaWZyVFlCMzJwbmNGNS03NWRoc2I1SzRLdWxGc2ZKSG1oYzZLdHYydlFyQnJpMnh5Q1EyUWR0akxvNkdHblhsNmRfSzlhTm4xWS1LSHNpMlh2cjc2cVF0b19KSGF6X2FxeFk2VUtIS29EMGtObU1GMXZ6Vm9oczZMX0x1azZLYWNWTXhmUUJqSTNDTFR1TFAwcGlDSnk0ZjJm?oc=5,2025-09-29 08:00:00,Netzwelt,Germany,DE
Handelsverband Deutschland: Merz will chinesische 6G-Ausrüstung nicht zulassen - Golem.de,https://news.google.com/rss/articles/CBMivgFBVV95cUxNNGRyN3BBSVVpMF8tRVBSYzZZUWM2eDBOTnlVNTVhSl9vQ0NqZ0ZURHRXRGR1R3dvN3NTNG9GbmhXeWluNHUyQkhOSGFMMnpYZ0NpWUI5aUtWVjRPb2hGeVRpZ2VWR1lvbXB2R3VVcktkUjlFVmE0TEljM0hiZXdFcmZvWUh5YXNwMEE1blhZZUhJVmlvQlh1cTNVVXVMcGx2U29Od2lsUk51a0pYVURXTFZtOWhqZVRMUzV0YXRn?oc=5,2025-11-14 08:00:00,Golem.de,Germany,DE
Neues Leuchtturmnetzwerk „6G-Valley“ setzt auf Innovation und Zusammenarbeit - Friedrich-Alexander-Universität,https://news.google.com/rss/articles/CBMixAFBVV95cUxPRXQxU2R0Sk5TTDdKWmpfbGFwNVZhMFRsRmhBeWtDempRU2ZRNjgxSmYtWHE0VlRxeDZpWEhCd0xOajRtMmZmODUtYVJjYW9OdUNXVUhyeHpaQ3JiZF9ka0lZUnJOM3lzbG51Wm50c1ZSNWR6eVVKVlZhX1cwT1R2WHI4N00xbTV0VFlDaUs5NEJCQi04RUZ4Q1RTc2IxaGxYZXNtZEdQS3hFUUIzS19HbTRZRmQ5SXBpeVVfdWw5YXpJV0E5?oc=5,2025-04-01 08:00:00,Friedrich-Alexander-Universität,Germany,DE
6G-Mobilfunk rückt dank neuem Chip näher - it-daily,https://news.google.com/rss/articles/CBMiakFVX3lxTFBRV1ZaV21tRmFRRktSX0YtWU5iUkpOR241MHI0cDRQWGNKRTZlZEVzWVg2bnY5Y1k3VE10UnBfSlgtVTV6V3hpUkg3UjNtMjBFZGZGSHNCVURVMnZsN3F6dEFOU2I1cThQcVE?oc=5,2025-08-05 08:00:00,it-daily,Germany,DE
6G-Technologien: 6G wird zur Schlüsseltechnologie für Sicherheit und digitale Souveränität - Tagesspiegel Background,https://news.google.com/rss/articles/CBMi3AFBVV95cUxQaGtsUXpBQy1pem5OWFJ6Vi1oNjRHOXFmSEpqVkxyUXVJM0VYdzBPTDF2OG16aGY4WjhTVnEyMXE5SjZ4Wjd3dmtHM2tiQml2LTdJZnRTVWxQejAxVzZoRUZnQVlOaFFSdE81M0VXV3JQelBYUDl3dkZVQjgxaVJVSUpNQTFxdWZfQjZjdDFxa3BYX2dvU1JrTW4zaDhfaWJtQl9IcDdxM3BZTHBpc090TkdBajlUaDJOSUNkOGZDNkJXV2E5R3ptb0hWSHRpM1NVMDR2eldnX01UYW1U?oc=5,2025-04-10 08:00:00,Tagesspiegel Background,Germany,DE
6G-Durchbruch: Chinesischer Chip erreicht 5-fache 5G-Geschwindigkeit - WinFuture,https://news.google.com/rss/articles/CBMiTkFVX3lxTFBtRlc3X3NWemdzZGZ4M0hXUHBOTFJIQVFMeGEta3YzN0RoSWQ5cVNQMTJNNmJSX0c5Si1CcUxCUW9lTTA4MU5yV1lsbldEdw?oc=5,2025-09-02 08:00:00,WinFuture,Germany,DE
"Donald Trump weiß nicht, was 6G ist - Futurezone",https://news.google.com/rss/articles/CBMipwFBVV95cUxNb2RpNFp3T0RXajh5RHcxOTRiV3A3czN5NEJhZGFDWk40UWxDemNDT29CODhaaEJTc3RnaDI0eGFHbkxzOTRZUnlhSXl5aDRmYk00cXc2Ql9oR3hkQmhyd2VndVNSck9aQUh3TDdLWHBRV014M1ZTeWhMMm5UcDBZdnZ1QlFGc3FsTHlraWxOaFg2NXh6YklhQ0l0TjEySTVtMGVBOEEzNNIBrAFBVV95cUxQYklLOEVZNTluQllDVjRNNzhSYWkxSHBKcGtEZjh2Q1pVSTVyX1JUUGN5NjRta0NWWWJVRW9mSWxZMWZhcWhkMlpuU0lWMUVkX18tU082WUk4dThQVkwtbVAxM0phNVJJZW5hcklpdnRWbTlkV3VxbzcyVFczeW02TkVWSFdybHJXaFNhZzliX1ZBNWdncGx3VFFUMmRiTjZJcnVXTXFxVmk5azF2?oc=5,2025-12-12 08:00:00,Futurezone,Germany,DE
6G: Nvidia steigt mit 1 Milliarde US-Dollar bei Nokia ein - ComputerBase,https://news.google.com/rss/articles/CBMiqAFBVV95cUxPakU3RVk2Q0pzbEs1TWhYZ29LRG1nZnBYU3RqN1dzZHo1OXdOOXhMemluZHJRcjFNLTFJMFBtaTF0OEs1b1diXzBPcUxDbzR1LUVFOVNTdHk4Zjl5WU5mbU1hMFhEUDNDM2lOUUZBR2NzYmxwUm1yYmhuQUhxMWhpUl9vSDIwXzRyUk9FQVpnbEhvTEs1WnJTX3RJbnBkVEhzUkUwaVFTNlk?oc=5,2025-10-29 07:00:00,ComputerBase,Germany,DE
"6G – alles vernetzt, alles möglich - IP-Insider",https://news.google.com/rss/articles/CBMimgFBVV95cUxOZHUzTXNYekV2U2ZFeUo4allfM3JnQkxra3JySXpDVFNZdHJEajdXYTh3WlFZZmhTNGFIVW9rRE44cTJZYmwwaU1kdlpBOXhhNlQ5WlZmZzU2RzBoSFE1QWpRSUU4NEZfN3lJa2RNblVGMDRoc2ZQX3hNeXJqOGZNQ2hWRVVDNzBnWkZYeEVacTZObTBjdTlncTBB?oc=5,2025-05-30 08:00:00,IP-Insider,Germany,DE
So sieht die Zukunft der Mobilfunktechnologie aus - IP-Insider,https://news.google.com/rss/articles/CBMisAFBVV95cUxOM09ZQ1ZRNHBkMGJpREtiQXlzVGlDQWVnWERVTWZNVWVQeXZCNjJGUE9nRzRiTTN1WWt1SFBFd1VCWFoxZWpnMmtWbGJYOWtBWVRvUjZabUhrUnVUOE5haThEaUZCQS1rVE55U2tUWVlxdy1TNV9rYkRMU3picmNmSE9QUjBWUG1XWjFhbllidnM2akRocW5KaWItckJrTHZNcDktWDlYQjFjcy04SXpTTw?oc=5,2025-07-24 08:00:00,IP-Insider,Germany,DE
Wie sollten wir 6G richtig betrachten? - 36 Kr,https://news.google.com/rss/articles/CBMiU0FVX3lxTE9naG53dy11MzNCcmhzVXdBbkJ3MWw3ZV9mT0xyeEJYbWRUVmVLSTN4dkxKZF9ZSVZuaFR5SjBDYXhWZkw5SGI5YTNLOUlUTGxpOUpR?oc=5,2026-01-23 11:04:27,36 Kr,Germany,DE
"Donald Trump hat nicht den blassesten Schimmer, was 6G bedeutet - WinFuture",https://news.google.com/rss/articles/CBMiTkFVX3lxTE1kWl9WX1NzUnFtTmd6MEJpN1h3c1JOYjFIckdVaVNaeEdNbDV5eWRVZERpLVh4dFF0N1JfaEI2dnZISU9NYVBVZWF1OHJJQQ?oc=5,2025-12-11 08:00:00,WinFuture,Germany,DE
6G einfach erklärt: Ein umfassender Artikel für Ihr Verständnis - 36 Kr,https://news.google.com/rss/articles/CBMiU0FVX3lxTE1qMEhQVmxPR3pyS09XODktbFkzQjlKdzhSVThZMEFYYjctNEVJNVV3ZExPVVBPd1RNYlFXdXFxMkNrT2wzdXJPeWNEZzlJQ3NYRVRj?oc=5,2026-01-22 04:54:43,36 Kr,Germany,DE
6G-Chip: Revolutionärer Durchbruch verspricht 100 Gbit/s für alle - Telepolis,https://news.google.com/rss/articles/CBMiswFBVV95cUxOUHhaTzE3eGpZUzYzRlExRXhWZUp4WXZEWjVxWkkzVDhkVHNhQmN3NlFQRnoyRXE2bHhRNldBOThoeWxWQ0lGTWpsLW9IN0lheWZkN09ZbEtKb0ZfazhvUFNpSnNoQ2VNUDBFT3AxWHhTLVNtejREVXhFbFdqUXdlSzJJQmtDYm9tZklXS1BjUzJWQ1NiQWtqTEstQWFSZXZsR0M5NjF0MmxyTjF3dnA1LVZuUQ?oc=5,2025-09-04 08:00:00,Telepolis,Germany,DE
Beteiligung: Nvidia will mit Nokia US-Führung bei 6G durchsetzen - Golem.de,https://news.google.com/rss/articles/CBMiqwFBVV95cUxNeU5maFlmSmRjVmZtSFFVWE1mRWc0a3FLRGsxVFlJYWphaE1LQm1yQ2RSQ1I2aEVObFVhZHQ2ZmxtdXV3UVRrWUtwRmNIbDNRTEFfMFB3SWtXdDRUVkdIaEdtNVRERVUtZ1dpa0ZPc24walFkMG43NkVKYk56RHVNekx4Ulo1TUdEVXA1czhMUURWb1lPUlRJVmhvWXBSZTFseGtWOFp0b1hYSDg?oc=5,2025-11-17 08:00:00,Golem.de,Germany,DE
News zu #6G - DieSachsen,https://news.google.com/rss/articles/CBMiWkFVX3lxTE9ZTmdDZGs4YTdDUDNQMmNBLThPSjlsTGlCSmlPenAwVDltVno0b2tUSldhSU5Ea0VxRkd3ZmV4SVJ1QkFZNDRJOVJyU09PaFkzQ0xBS1lGeGE0dw?oc=5,2026-01-13 06:12:15,DieSachsen,Germany,DE
Wie der künftige Mobilfunkstandard 6G die Wirtschaft pusht - ingenieur.de,https://news.google.com/rss/articles/CBMisAFBVV95cUxOc29mMUpwT2xlaTg2emU4YzZ1Q0w2Y0RycXJCaDRueVRjQy00Rm15RWRUM0tnWUtyeXEtSVJydEJocXpqay1nQTBtX3Z5aTRqUDhhNEtuNUMxUE9PRzVWdlRyYmpkd183TG5OQlczdUQtNkl3WFhOTUpWQVpqaU9acTJ1RzRmdkdyY0RrQmp1SUEzYV9fZHV6SHlvRjJDUjBIM041c2x6WHMwV1RGM3JrVw?oc=5,2025-05-21 08:00:00,ingenieur.de,Germany,DE
Mobilfunk: Update zum 6G-Standard - connect.de,https://news.google.com/rss/articles/CBMiigFBVV95cUxORTdWYmVXWHAwNDVYTWhyeWRHSnhBZmd3VnBwTHZFejNqNGh2WnBCWnBvbWx2RWx6UU1rWGFMOXhDcXNOcFpERWRYZXNkU1pOellLTldxYWdWYUlUakoxenpFQTltRGEtQ245Wm5BN1hucS1kNGZxMFk1elhDZ1RxcUVBbGtLNjdIT1E?oc=5,2025-07-08 08:00:00,connect.de,Germany,DE
"Von 5G zu 6G: alles über Geschwindigkeiten, Release und neue Features - IT-TIMES",https://news.google.com/rss/articles/CBMiqAFBVV95cUxPUHNvVTVlVjJTWDhHMlZvVWVPc2NwOFgycjdydFo0Q05EWUoyMzBjeks0R0x5Q2FONTZDbUZfZzc4S290a0NjXzl3R2xtMEVhOTZXXzBIem9xUmxxekY0b0MtTkVBZ1dYSm1JLWM0NUdVM0dzcGNVdlFreUxkRExFX3owdjZ4ZFhRWWNRWGdEaHFKdEhJc3NQQUxId3lvb3YxVmhwSGFIeUk?oc=5,2026-01-15 15:14:00,IT-TIMES,Germany,DE
6-GHz-Band: Bundesregierung will Frequenzen dem Mobilfunk zuweisen - WinFuture,https://news.google.com/rss/articles/CBMiTkFVX3lxTE1LVjluTGZuenpJVlNUUlZBcmxmMFdlU1lBNDVvSlFaSXdlQlNXOUNZN05rMWg4Q2RGcThCNTdLV21KRUJCbUZ3RV9aWVBMUQ?oc=5,2025-11-01 07:00:00,WinFuture,Germany,DE
6G statt WLAN! Bundesregierung plant radikalen Frequenz-Umbau - techbook,https://news.google.com/rss/articles/CBMieEFVX3lxTE0yZzhMX3Y2RE05Ukl2QlVhMi1RTVBJdGVhYkNZNFVaVDZzS0VPR205VHNzZndHNGl5YlFtRWFwUVRYNmk1SGxQa1NnZ0IzblpzcTdzd001dm5veVZqR3pUVnp5NUJSaVo0cmExSUNuUy1uNzFyRGl4Mw?oc=5,2025-11-04 08:00:00,techbook,Germany,DE
Geheimdienste schreiben Wunschliste für 6G-Überwachung - Der Standard,https://news.google.com/rss/articles/CBMipgFBVV95cUxOVVBFYUxGMVYzTXEybzB5WEUydXhpM3I2WWxYaV91bDE1Qmg4WU5nSlJRUHNxV3ZIWG1Wejh4S0QzZVBBUHBicHlaZWpFSXpvdlBYY1Y2WThhUjdOekVzb2NsNm1fazhabTIwcldZa29sUDlPR1RmckppN09nN3FlN0RtWV9UNmdsdnowejAyY0FPTDhXOEZMdFRXWDRINGdZRFhhRlZB?oc=5,2025-12-11 08:00:00,Der Standard,Germany,DE
Merz will keine Bauteile aus China für 6G-Netz – trotz fehlender Beweise für Bedrohung - Berliner Zeitung,https://news.google.com/rss/articles/CBMi9gFBVV95cUxNS1pmU0hmMG9PbzNNcXBSMGVIVXl3a3FFVE5FRTMxOXRCZHZxOHFMUGRvVDBZeFpkRk5NWmItWXlneXFNd1lPWmZtbmNwZnRQZFZINmxNY0tudEk5alB1ZTdvTjVwc0NDclhESEUyUXRMMm9QTlh6STVCb1hYWElVSG95LXo3WVI5RnRubTJlU1RVdUdMR0YtX2kzTUFNQnBldUpvSnNnMVh0SE5YRF9zUG0tQXBNeVh5d1VmNlpEcm52RUJjdk9ZOFNpWEhINENoMU1PcHV3OU9Ub3ZkZXVtM3JabXpyRHZYMlQxSGVmeEYyUjZQeHc?oc=5,2025-11-14 08:00:00,Berliner Zeitung,Germany,DE
6G-Technologie startet ab 2030 - 5G-Ausbau in Deutschland erreicht über 90 Prozent Abdeckung - LEADERSNET.de,https://news.google.com/rss/articles/CBMipAFBVV95cUxNN3RXbXRWcERLS0JHeFV3ODEtOXUwcGwwaFhvUUhIVDdVbjlFRnZVV1pFZkRCSG1EXzV2SWlwOHV4V21qMDVMSHJNNjJPU1hubmd3ckZIVnhpQmFJRXI1Yi1NNzljTTEzakQ0VzdHd1dEajd1NVFlNVBnNU1aOVFhRFZaNmVmU1E4WENGd2x6VU5CaFVwemJxOVNUNXdlVWEyYnB3Rg?oc=5,2025-10-08 08:00:00,LEADERSNET.de,Germany,DE
Qualcomm spricht bereits über 6G - mobiFlip,https://news.google.com/rss/articles/CBMiakFVX3lxTE5pX3Q3T1piUlAybDRNbWc5elZYdnNiNUdHd0xkM0VxbEY1aGp4VV9DeDRjN2thYzRhSzJJeEZPaHNia29QQ2dVMnhsN0l0cEQwekZkcTZNZzNuZFdIRS1TVzQxSGlUUGFQWEHSAW9BVV95cUxOclNiVklwd3d1SHVqM29lLWxlX1NTVnYxbmYzaVhUR3pNN1R1eGpSYmpuVG02V3lJZFhlRXV6a0JRejdzSWs4MjBsQ3VNX3phNXowX1kxcVBpd3RYYnVUNkZIR05fVms3OXJjY1BBUG8?oc=5,2025-09-26 08:00:00,mobiFlip,Germany,DE
China startet zweite Phase der technischen 6G-Tests - Xinhua | German.news.cn - Xinhuanet Deutsch,https://news.google.com/rss/articles/CBMie0FVX3lxTE9va0pDaTRmUjJEWHBZekdqM3ZnTDlJa01NVDB2NGl1TVpiMkRUdGRZM2YwdVhiUFhRZ1FHcGRGYUZoeG5BeWtzZGlodFBHaEp2QUNITFNIN2ZtVERJUGFLVERGRk1ZUTlmWWtGTG1QSTdVTXQxVWhiWUJFdw?oc=5,2026-01-22 08:22:11,Xinhuanet Deutsch,Germany,DE
Charité und Fraunhofer Heinrich-Hertz-Institut kooperieren bei 5G und 6G - Monitor Versorgungsforschung,https://news.google.com/rss/articles/CBMivwFBVV95cUxNSUVrcHdDS3F2WXVLWDlEQXJ1cTRHYVdHR01LbmxnNFAzM2xCVVZBQlprVzhvQS1IM0RPTFo5OGl5UXNUTVVkRERPY3V6ZWZTa1NBWno1TVRzRUt1MDA0a0hhcm1naDZQOU56RGltT1Y0YlJWYXh0ZnJ2alR1bWlJSFdjV0xTRTBCOXR5OHNMYkdram1ralhkOTlmUFNQNWwtQWpBVW9QUHkwTHc5Z25DSUkxb0xwdGNFTTY0S1hZbw?oc=5,2025-07-22 08:00:00,Monitor Versorgungsforschung,Germany,DE
Nokia Aktie: Milliarden für 6G - AD HOC NEWS,https://news.google.com/rss/articles/CBMijAFBVV95cUxPdjVtOGhCOUx2aVdybzRQYmVXUGhsT1hQcUZnc1o0d2Z3VVV5N3BWYWJvWHUwUTc5OGJmNWgwMGVTLVlITm1wdVpIYU1xTDFFWEl6VXIyRTQyV1FtalJDYTVnVHZuTGl4M05feVVJWERveVNBdjVMaHV2Zm9jMk1POUFKZ0Z6dlA4R0hxMA?oc=5,2025-12-17 08:00:00,AD HOC NEWS,Germany,DE
6G: Softbank und Nokia testen Mobilfunk im 7-GHz-Spektrum - Golem.de,https://news.google.com/rss/articles/CBMioAFBVV95cUxONFZBbjBLN0k2V3h6SVdwZjVKdkFWOWVoeGRFODVfdEcwQ3RMMEt4YXlVOFoxQms4dFRoZ0lRdXpmQWFlUkhvLXhLZXZUZklSQWdHSnFVcC1NSlVDMFNmYXJnVDZ3UmIwWWFwQVBtb1J4WWpkOUM2Rjk1TUhZR3ljdHJuN1RKZTVNTDFHRkpwSzUyVXdTVlFDQjF2dmItNkFx?oc=5,2025-07-08 08:00:00,Golem.de,Germany,DE
Merz: Huawei und Co. sind in 6G-Netzen von Anfang an verboten - WinFuture,https://news.google.com/rss/articles/CBMiTkFVX3lxTE1vRjZWM215em5DMUx6RHdHMGNKWHZkLWNjSlBVM1NLRnBtOWZNaGR1OERtV29zaThmckkycDlrV29rMlU0cTBWUHBtMFp3dw?oc=5,2025-11-14 08:00:00,WinFuture,Germany,DE
6G-Forschung rückt Anwendungen in den Fokus - PCtipp.ch,https://news.google.com/rss/articles/CBMikAFBVV95cUxObmczdFJZOElUbVBja2lTZl9nX204Q2JjaHp0NGlsRHlXSVJ2aDEwMExKM2xiWWQ4ejJpZ1BkY2c1Y21ieHlsemRwNjZrbkN6cFFYVDUzeTl3Tmx0bjRBeTNFQm5DcnBuRjl6Mm9zZGpnZDhhMWRab1hfemkxUWl0MUNkbTg2Qnp2bG9DMU9vVmE?oc=5,2026-01-08 08:00:00,PCtipp.ch,Germany,DE
Vom Kulttelefon zum KI-Treiber – Nokia erlebt seine 6G-Renaissance - finanzen.net,https://news.google.com/rss/articles/CBMitwFBVV95cUxOem1vZUpLSS15bEg3dzJnQ0ExS2ZNRTl0X0V4cGt6bXhDVXkyMXUzS2N4LXFSamk0M3ljeWVDazB4VkkzUkVFU1BXVE54a1pHNEgyeVRtdGRMSHI0MzVNTVQxMEFYbzdOLTFNdDNpU2hoWXNQWXVZMVRvQ250VENuQmptUG82NGFiUUtmeU9qZWRVbUpyNnBiekIyMHBCVEd2ZnJUMXdYMGtJTjBHdmFyYm5zb2psUzQ?oc=5,2025-11-12 08:00:00,finanzen.net,Germany,DE
6G-Geräte kommen frühestens 2028 - Swiss IT Magazine,https://news.google.com/rss/articles/CBMihgFBVV95cUxOTklNTmI5bE8xMVR6MmtmMUJ2eWJXTHNHUGhQblViZTdPYmhJeklDSmc1VnVhdjZ6enpXa1ZvRUhNYTZYbFp2TnNxQjQ3X2hJOXJUdGZqLXRtUnJfUERjRmp2MUhjWHc5T3N0UUpmWmtDVEpBcGhPa1BzMEtQVUE3WmxUdlFzQQ?oc=5,2025-09-26 08:00:00,Swiss IT Magazine,Germany,DE
Geschichte der Mobilfunknetze – das steckt hinter 3G und Co. - Schweizer Fernsehen,https://news.google.com/rss/articles/CBMilgFBVV95cUxQVjJwbmZWcnJjZlp4Sy1TaWYzSkhKdE5zbmxodHAzZWtjT2NzajRtLV9rX1hMQU1xdUkwN3VNMWZaNGd0eVRZdmtLOXFVNi10bFNjMlMzVGMwWFZoT192cjdqYkhfMERhWE1WN3htb0tPUHNJRl9tQl9IQjZiQ0RUaGV0YXQ2T1h0czFDMnBhbTBiMVFfTkE?oc=5,2026-01-29 08:00:00,Schweizer Fernsehen,Germany,DE
Qualcomm: Erste 6G-Geräte sind schon 2028 zu erwarten - Golem.de,https://news.google.com/rss/articles/CBMinAFBVV95cUxPQjk2RGNOc21lU2lBOG9Gb3VpWm1qTEQtcTNXWTFVbGduLU5PaUp0Q0tXOTlIM25aYXV4bUVKY1Zta1JmcGxrZnpaYTZqR0pXb1VLaW14T2RQdkdBN284Z2szT20zTEZsQ0EweEFLbTJqYzdhcEZGUmZpaGVrdlh1ekdrNGdQUnRFWGxaTVBlOW5VbEl5X1lmS1E5blQ?oc=5,2025-09-26 08:00:00,Golem.de,Germany,DE
Was Geruchsfernsehen mit 6G und Marsreisen zu tun hat - Futurezone,https://news.google.com/rss/articles/CBMisgFBVV95cUxNWnc0U1NGckJFWWZsZzY1ZnZVSURzNm9hZjVDT2NERVJyOG1pbHU0dW90aXJ4S2NHSzhOMHh3anZuQVFDQ0tNRnpKNWU1MGhJMWxMUGZ6cVhOaFpsbnhUU1FDVTNxOVNmbzJmSmZlYTg1S1ptLWR6dnIwNjBTWXJQQ2FpdDVBcFMxOE1VT0lfSjJYNFRCWFZpdFpfYUk5dlVpdWRGb3pYUUV6Qkl1ZVFaOWhR0gG3AUFVX3lxTFBQVmRaeWl4ZHpMOVN1UkFEMTE5b3ZiOHpGUG80LXktYlJMX0Y2cUcyUGRpeXNvQWszR0hYMHh4VHptejlQRGs2Y01HMlprX01XWmtPaFBwcUpfMW9LSWNPLTJuSVhIOE1SdHlfWFVkemdwdjlMQjVUVVhZWWtDeUdBUWFUenE2VWFJN0VMT01TTTB1dU9oOVJvRzhBYWU2RUtzcTAzc2JJVnk2VkJsQmhUcm1Cdms2QQ?oc=5,2025-08-04 08:00:00,Futurezone,Germany,DE
GSMA: Europas Netzbetreiber fordern mehr Frequenzen für 6G - Golem.de,https://news.google.com/rss/articles/CBMiowFBVV95cUxNOWdvdGxWdTM5cWRHRzB5d19BNGxfbE1NUGQySnRQRUM0cWlacHhqU0VfNU5pRWdrNEZ6UEljY2dUTTlibjZnZFc0c3VSU0h6a1BQMHJGVXZzZ3g5azNXT21KRUhCeUVCLTVTQm9zYVEzX1RHQnJuQlF2cmFxRjU4c2dIWF9nVWhXdjBTVWcyb2pMZVZfc2ZlVWdGTE1TZG9wVUdj?oc=5,2025-05-08 08:00:00,Golem.de,Germany,DE
"Mobilfunkland Deutschland: 5G-Ausbau auf der Überholspur, 6G als nächste Investitionswelle - Presseportal",https://news.google.com/rss/articles/CBMiV0FVX3lxTE5zMkdoV1dPSzhMdmt5ZjdpQ0lXSVVVOHpwS0dMTElQSE4wQVRydnJUbXI5Qko3R2kxWG9qNV9sclQ1QVBfS25ReWEwWWJTUEJ5eEJUNU1qUQ?oc=5,2025-10-08 08:00:00,Presseportal,Germany,DE
"Digitalisierung in Essen: Mobiles Bezahlen, Polizei-Drohnen, 6G & künstliche Intelligenz - Radio Essen",https://news.google.com/rss/articles/CBMiwwFBVV95cUxQbldNM2xfZW5aNmlKNHphRkgwUXQwWUx3SU50X3JoWUItOFNnMDlnT1QyX1liNC1TVTg0UGU0SzlDSzRZbFVJN2QxWjN1UjR5YlRDYkJtcy1PUVJXYU9QbjNlZkhCZzBJVzFxS1dYSk0yd3ZzSnZCdWpaaFlFc0d3WWVRQTBVbjhpbDItMS14VUZkYXhBZUY0blB3SzBKYmFnOGxhUHAyUzNLLTI3bmlqYk5mUTl2V2M5SmxiRmlobUlULWM?oc=5,2025-12-02 14:22:04,Radio Essen,Germany,DE
WLAN wird verschlechtert: 6-GHz-Entscheidung benachteiligt deutsche Haushalte - CHIP,https://news.google.com/rss/articles/CBMi8wFBVV95cUxNYlcyQlFvcEItY1F4Tkthb1lSRUVhak5HQmItNHd0Tk5ZMG1UVkRvc05HeW1Teng5N19hNWtGdTQ1a2xjWUdnM2hYZ1J3NzZKUkVqSnpWc2VrbTlvNXpJVHNpVW10ZVdXem1ua2RWUjQxOF9hZGFaUVlpVE50aGhISmpwaWxJS2lWT1cxalU3NGhHU1ZFWDhlemtENkNkWllkSlM0aFBIS0RVMjd1S2FQa25TRUVpdnM2TkwzS092aWRJZXlyTkdpdl9NYTlfR0RsbmhiYXdHRWtTU0dCeDBrMGhTX3poYmRfTDh5TUl6ZmlCQ00?oc=5,2025-11-14 08:00:00,CHIP,Germany,DE
Samsung: 6G kommt im Jahr 2028 - Telegrafi,https://news.google.com/rss/articles/CBMiZkFVX3lxTE1qLVItN1FXM3k0cHhmcFhrcFVGS21Ed2NXbXlmVDdlclpFX2JRaVNUN1lwUzA4T21zS0NYMDFjLThyWm05aHdqLVozajlSZHNpRXhvUWxEb2g4dk5ZUFlXTFVuWTIyd9IBeEFVX3lxTE5jQ21pYlpVbURlWTVqSzNKNDRmSFI3Wm1vZ0NDSDZUZ0puaW9YcmpLWWFpdTYwdllLZWx6TUcyY2I5cF9IMGJ2aHpSOVNUTU5EcnJiQng0V3ZmVUFSS0dtMHhCT0oxSVVHcWY1RmtXa0ZUQVFSNG85eA?oc=5,2026-02-07 11:59:36,Telegrafi,Germany,DE
Samsung erreicht Meilenstein im Bereich virtualisierte RAN für AI-native 6G-fähige Netzwerke - Hartware,https://news.google.com/rss/articles/CBMiygFBVV95cUxNcldVWjRyTkFpbXVtUldpUldrbk5BdzJTc3VXNmpWZDVPVHZGQm9SWHJXdjJNVTc4Vk1zUEpPMTBNUHNkbkdxRUdYTXZUbzJ5ZndXcWhfOHI5Y29WS1plMmFCTUs1bmFfUXhUdW13OVF5M3c2MV9ra2I4N0hmMVh1NXpTN3poV2RWWjktdEpsRTZKd05oSHdVMkJxaWRqcDhWX3lmdVMzSDkyTHQxOVdUeFU3Vjh2dkdxQjZMYWtqckRKVVVPMzVVN0ln?oc=5,2026-01-16 08:00:00,Hartware,Germany,DE
6G-Mobilfunk rückt dank neuem Chip näher - Pressetext,https://news.google.com/rss/articles/CBMihgFBVV95cUxNUkU3Q1hLN0t2VE9oRW51MWE3N1pkNEt3VnpDMC1OTnRoZm5sckMzbVJBUEVhVE5fTEctQW9vb3dLdzR5eGtDZkRKNGJPeUJYdmk0SENWY2hmdkV1MURKS09Va3g0bDJjSzZZTmFXdkVjelVZdjJoY3R3eC1BMklVU0Y1QlJmdw?oc=5,2025-08-04 11:31:42,Pressetext,Germany,DE
WLAN droht Nachteil: Regierung plant plötzliche Änderung - auf Kosten eures Internets - Netzwelt,https://news.google.com/rss/articles/CBMivgFBVV95cUxPQzYxckZkdFVLd01falo5ODR4a0s4RjB1am9wTkx5U1pJcmdjU2NQODhRQ3lvTU9iWC00aXFyMVpGWUdwNElybldaY2I2eDQ2Zl80UUV2dmRUUDNZY21pQnFTNEVUSnBabW1yMVVHUUtLbVp1Y3R3MDVMdmNMU0stY1FxRXJDN09FN0FwRDlPM2s1N000YnYzUFJZZVRZYkQ5MFEyNjJmaUk3WXBPczVzbm9BWjUtT296NXI4NHJn?oc=5,2025-11-04 08:00:00,Netzwelt,Germany,DE
KI RAN und 6G: Nvidia kauft für 1 Milliarde US-Dollar Anteile an Nokia - Golem.de,https://news.google.com/rss/articles/CBMiswFBVV95cUxQYjBacWdpWDYwNzBlQVdwYkdXM1oya0lTaDJSbnFBLTFmQ21zTnFhYnI5M0tDOExsb3BfX181eFdNb2VnSkNLRVZ3Mmdsc3NYUUdMN3l6LVExelQyeUlETkVlUjJfODJNcXNZejVHYU9VeDZ1Sm1ZRlFrTjJHLXFnNFBGQW5oMEtYN3lIbHllX1V6UmxuMFV5ZVpWUnM2blVvWmk1dV9FcGdHMWZsZ0lMSkNmRQ?oc=5,2025-10-28 07:00:00,Golem.de,Germany,DE
Ericsson eröffnet 6G-Labor in Budapest - Ungarn Heute,https://news.google.com/rss/articles/CBMif0FVX3lxTE5MNmhrSUNyVk9KdWtkeTBFcUNydWtQX1hPWVpGamZDc0ZvQm1FOEhlMGtsU0twdDNvcngtSjFnSlRyYUNVT2JIRUQtYW4xUldaNEZWcVZsemYzTVVDUFhpb3FXajZBSFBQbDVKbjQzOWFldmtyVWFUTHhHYUxPRjg?oc=5,2025-11-13 08:00:00,Ungarn Heute,Germany,DE
Telemedizin: Wie 5G und 6G die Revolution im OP-Saal ermöglichen - Handelsblatt,https://news.google.com/rss/articles/CBMi3wFBVV95cUxPa0haU2VobUhsYjJBcS1MeGJZOXV4SXVZTWpheWFLckRSZ3JRUE5lV083WnlnS3BjM1ZXbC1pUzBGR0FsNlN6Tm12VmQtbllJTkNHWUE5NnlpdHd5VFNoYUpKU3Z5WlRIanNYcHVodlVrT05VaWRVTGIySmF1RkhaLUM1S3NlWmxPdExCR193T1R2bDRZSmNncW5iMmhULS0zcHhick84bmdxYVVybWRTdjl6NzJhNXp6VDMtU3J3SzR1TVRySzIzV0ZrODczaTYwWEFnaW9GZk91OGRYRW0w?oc=5,2025-04-10 08:00:00,Handelsblatt,Germany,DE
Nokia wird Koordinator für EU-Forschungsprojekt - connect-professional,https://news.google.com/rss/articles/CBMiwAFBVV95cUxOdGNlM3JaYVM4REctbHBiTDZtWXhGRnpKcWRGenJTSjhWUDNneFVTbFJZcGNPamJWX0tPZWhxRnphWUpqQk1RdW5EcUxGQkNyMkhENHZIMGd4Nk8tbzlMNXd2c3A4MUQxa1VKX1ZZa1RSSTA0VjhsQ3lSTmEzc1Z0Vnd2YWVvT2VtOUV5N3JFYUU0YWxCVDU5S1dBdDQxSHA2RHZ2NE11Qjh5Q2luOEMzUHdZUktfNDljaTdHa2wzclc?oc=5,2025-09-12 23:07:41,connect-professional,Germany,DE
EU-Frequenzberater: Oberes 6-GHz-Band sollte dem Mobilfunk gewidmet werden - heise online,https://news.google.com/rss/articles/CBMiuAFBVV95cUxNZTBBRjlIenVVOXhyNkZXN216Z3hZZjFVdHo2YmJVYkp4QnVvXzdWU3JiSURlcTRFZlo1X1JsSGlaOGpNUmtjZHJ5N1RVdjA1c3ZIQjhXLUdBYUk1UUJvUWxxclpRY1puR2FOQkFYdktXcmE3bDY3RGdBOEEta1R4cjdEaUtwRlN2NzFGd1p0aEd5Wmw1eEtYOFcxbXJpN3FIdDJHT0dPaDVRX2E1ZWZZOWhabzBXaUFX?oc=5,2025-11-17 08:00:00,heise online,Germany,DE
Digitale Medizin – Charité und Fraunhofer Heinrich-Hertz-Institut kooperieren bei 5G und 6G - Biermann Medizin,https://news.google.com/rss/articles/CBMiugFBVV95cUxQWjhQNVQ0cnE0eG10bEc3a3pkRFBfR2VYQlRNb3loeFpsS0R5RjdZbEdkeFFLT0Z0U1N4d0pDOENMRnRHejBnLU4tLWNCVUJ2ck9QVEdqQVpfd1BOeHg4bXJURzI3OUxOWXFRRlFQcWhQU0pkMHVKY0ljdDFjdWNqcmxHLUlWajFEbFotem1VaGtsTURuNEtNQVFQUy1mZGhvYUxtRFE0X09VN3liY3dsVFJod043WGZNaUE?oc=5,2025-07-22 08:00:00,Biermann Medizin,Germany,DE
Standardisierung beginnt: China Mobile zeigt ersten 6G-Prototyp - Golem.de,https://news.google.com/rss/articles/CBMiqwFBVV95cUxQWlJ4RXN1WnVjNnRZOVhIOGo5YUJPQWpFS0pYdU9tNGtVX2NnbWx2TVhlWFFCc1cyamszS1dLNHAxNEU2bHNMMmpkRkl3NE51bmZkRGQzbXozS0IzUlRkUW1nM0pVZVhZRmhjdTg4ZEVjeUh6bXZVMzllVml4VEFhQkdJR0FfYldqRWs2cGZMSElXNHBvNVhhbjhaV0RhTnZqMWhRUlY2SGo3Q3M?oc=5,2025-04-08 08:00:00,Golem.de,Germany,DE
6G: Wie Deutschland den technologischen Vorsprung sichern kann - Elektronikpraxis,https://news.google.com/rss/articles/CBMiyAFBVV95cUxQQUQxeWFHZnZFaTZUaHNfQzNfaV9KUlBFMzlVdktSakYxZWphdS1taDVFV25oV3hjZy1kLUxKV2taQ3lxUDZCZGtuVTA3TklnZW1DYkdZX0s2LXpjNmpRanM4WjRNRXh6cFlIV00tRGpfWVBua0Q5bWVLZlF4WnNWMzBnWTgwU2kwT1dBR0J6djdsTXRCRmIyWXJXN05kUTZfclhUSUhIQjE5UFJGcUVwV2VLMDlzTTJOUXl3VGVXQWJhdVZFRXhmVA?oc=5,2025-03-03 08:00:00,Elektronikpraxis,Germany,DE
"6 GHz bei Vodafone: Downloads mit bis zu 2,5 GBit/s - teltarif.de",https://news.google.com/rss/articles/CBMilwFBVV95cUxOdWM0aktZS0NGWVk4SnVPTWFmSUlVek9hTW84WHd6V212UjhzWHRKZmNyTHVXNDc4cFM4b2hqVko1NjhQdms0M09LTHlaeDBiSVkyWVZTUEtEdXpTRlRxcEVHM1NoZ0VlZ19WaDZaaGEtb1Rubi1xelQ1bHRzd3Nwdk1BQWxFdFVzcEFldmp0dHJHcmF3NHVj?oc=5,2025-10-13 08:00:00,teltarif.de,Germany,DE
5G und darüber hinaus: Was bringt 6G? - Abendzeitung Nürnberg,https://news.google.com/rss/articles/CBMiZkFVX3lxTE8teDNlWHd1T1pESTF4dmZJXzhCbTZNbGxQNDJMLTZfbWtWY2xEUlhxVWxQdVRjNEZJemNiSm5HOXRNenE0VWpZSW9VdmUzTHZ0WDZPNERvR1VvTWVVcG41bGNva3ljQQ?oc=5,2025-07-02 15:09:13,Abendzeitung Nürnberg,Germany,DE
Was die nächste Mobilfunkgeneration 6G bringt - techbook,https://news.google.com/rss/articles/CBMiekFVX3lxTE40MGhjN2I5Y1dQbFFhY0lqZWdmV19neDJJV0RDYUN1ZldtNmpacTBqN0V6TjZ2aXJWODR4UWozcVo3MmtreXE0YVRFRE93M2dvOGZLR1d4SmJ4d2NQM1NndzlqeEdkQy1ubVpBbnhuejI3RzhhaE5MZm9n?oc=5,2025-05-12 08:00:00,techbook,Germany,DE
Kein Platz für Huawei und China in Deutschlands zukünftigen 6G-Netzen - Cryptopolitan,https://news.google.com/rss/articles/CBMifEFVX3lxTE1QLXdRQ0NBenFOWTJ5U3g5Tmh2RTJKMkw2Y2FhQkF5Z1o5VDd5cWl0WDR2dmh0dUozTml2Q2dWV0lqTlFid1V0QkZNaV9rdXIxRkRvWGs1WHNELUFsVTZIZWNzd294X202bENlZ3BnbUUxMkxhVjJMaUJsNkQ?oc=5,2025-11-13 08:00:00,Cryptopolitan,Germany,DE
Mobilfunk und WLAN: Bundesregierung für 6 GHz-Frequenzteilung - WinFuture,https://news.google.com/rss/articles/CBMiTkFVX3lxTFBCMkFWMFJIS2kwdXVTcjUyRHBrdFFzVUpGamotbUhuNldPZXJDU05Wa2IxQXpoYXBKOFZFQXp3dE9aX0szQzA0M213R201QQ?oc=5,2025-07-11 08:00:00,WinFuture,Germany,DE
Russland kauf chinesische Autos + Etappensieg bei 6G - Table.Briefings,https://news.google.com/rss/articles/CBMinwFBVV95cUxNRXd6Q0pJeVlUeTVsNE15LUtpZFBTRUxMSzRJNXp6RWNsbG5Yb3hsWnppbElfQXVvRFFMNVRIVXpKVWNyZ09ldWhjQjNjZnR0LTZlallhVkJ4RDRXdVVwbFRGU2YyQU43RlFIclMzWjVuaHpTRWJhVmMzM1ZDTnZ3RTM5M1JEOEE5cGFrWmF3d2JwTHl5cmQ2OWRneF9nWFE?oc=5,2025-06-07 03:22:39,Table.Briefings,Germany,DE
"2,5 Gbit/s: Vodafone testet 6-GHz-Frequenzen für 5G und 6G - mobiFlip",https://news.google.com/rss/articles/CBMiiAFBVV95cUxPa01mSi1jd3FhRHFkSjhPQTUteEFCZElqM0ZkaDJHSFFSSkt0WGJfM3U1Rk5XcUx3SU04QmhQRWpLWW0xZHhURVF1ZEVHOVp3TmxfMGstYjd1M1RYUm1NMTJJSWoyc2JxTWlDOG0zazV0cjVsRDR6S1FuR3FVWE5SMGRfcU1LM0Fs0gGOAUFVX3lxTE9yajBMTE1YS2NfSGtNb3hpQXgxR3hvdVpxVkJRRkxRX1BuNmp1cHJYTGhMVy1WdHV1bDNqeWFjNE1iUjlIM25FT2dzY2hXcHRPSFIyZHVRZHBZOWJkazlYUHE4Y19FWTY2TG5jYmVfSXhuUDhCRzdHWDlQd0dGTVUyREpfTHdONHhXTDNaeFE?oc=5,2025-10-13 08:00:00,mobiFlip,Germany,DE
5G- und 6G-Netze: Iata warnt vor Sicherheitslücke - aeroTELEGRAPH,https://news.google.com/rss/articles/CBMimAFBVV95cUxQV1VJRTg3bTRfdTU0ekxtVmNNbkwtOXVEX2tKNUNjemVXNVd3REZybHNKRDgxZ2hjZjRhTXNoMWhKR0VCMEhoUmJzOG1ESl9LMVEzbVhmQ2hnb3dNbjd3Y0RQZ2l2eTFCLWkwbHNTTk9RYzJ5QUVwNURMenlDTWFEMXJ6eXlwTzB5cU5kRTF5TUduVFg5SXk2VA?oc=5,2025-11-21 08:00:00,aeroTELEGRAPH,Germany,DE
KI‑native Netze: NVIDIA und Nokia treiben AI‑RAN & 6G voran - connect.de,https://news.google.com/rss/articles/CBMijgFBVV95cUxOeWJkSHNsVjFRemNaTTR2V2VubXV4QkFZS0hWdEF3TEFrNEVwTUhtTlZybEtnMXYxd04wZkkyNWZRR241bTVxMVFNN3NmSUxTZnl6LXdabGpmVml5Z0lmbVRJcUNybUEtbnpkSXZ0d3p3dG41NTA3R2tBd2dTTThYQXdiTHhqN2pQWDYwZWln?oc=5,2025-10-29 07:00:00,connect.de,Germany,DE
TSN-MACsec IP-Core sichert Datenübertragung - Elektroniknet,https://news.google.com/rss/articles/CBMiswFBVV95cUxNcExBcldsZVppb29TdEIyZ1cwREl0QkEyYjhXNmdER3p2NDFBdV9UbG1tQjA2OTQtc3VRSjdVNVRxYkZCelN4d0hBX0xEWTY5bXA1Qm5BaldIaUlCQU1qR1BlcExBUE9XYTdPWGhZa1VnMnpQa2s4Q0NmZk5hMDRrZ2tKc21WcUlKdmFwOUtzcmZ1SGhycnRpQUkxaXRMSk5YT284MzBsUWpURmhROW9OZ21Pbw?oc=5,2025-09-26 08:00:00,Elektroniknet,Germany,DE
Donald Trump kennt den Unterschied zwischen 6G und 6K nicht - 20 Minuten,https://news.google.com/rss/articles/CBMiogFBVV95cUxNRUtyOWlpTDVoWnJQSEQzV0ZiME04TF9jTjJPM3Q5am0tdlB2WEhfc3NIMnk2Z0MzMkdOLW05TXZIZkNNaGdwMlo0enphbm9xOC1xOFhLbjZ1RXJuNUZtQmtLaHJfVDJkTElzR2R2cUtQNG1iUTBBS1l2MFlyZW1zdGRqbk14QjBUemFkM2xLS0xaM25oRkNpUnhTOG1OcHlJcUE?oc=5,2025-12-11 08:00:00,20 Minuten,Germany,DE
So surft Ihr Smartphone schneller: Wer das Rennen um 6G gewinnt - Kleine Zeitung,https://news.google.com/rss/articles/CBMisAFBVV95cUxNQ0JkdmdOYkg5YWUyU0pfa3Yxdm5wVVdhaUFMU3VTa1dIMjVwd3dLcmhROV81a0pOWU1oQUk5RE1KeWVYeTNwdk5HVnlOQkJUN2lfSkVsYVV5MFM1MGlUWlhWQVVVazIzWFBEMV84ODduTzFnUy1XTVRGLUlrQ05TS2JxbjNiRW1CLVVjVW9TbzY1bTVFX29ubmh5aERhbUZFdEhfQkYybW9IX0hmWGZGUw?oc=5,2025-11-13 08:00:00,Kleine Zeitung,Austria,AT
6G-Mobilfunk rückt näher - Revolutionärer Chip schafft optische und elektronische Datenverarbeitung - Leadersnet,https://news.google.com/rss/articles/CBMingFBVV95cUxQTWMybUlqR3JaU05uT3hOcWx3OWF4aldUOUxyZW1lcktucFE4N1JZUFUyLXVVRkg2SnZJNnFNQkJyeDQ1THNLU0p0VWpEb3JUbWNwa0hlMEhwZEFXR2MzNlF6a2V4SnFvUmtBLVhwRjFveU5qX0VNZ0tOb29JdWxYSUZmLTJ0ZVhfbFJFTjc3RmZDTXpEcjNwT09kZ3JuZw?oc=5,2025-08-04 08:00:00,Leadersnet,Austria,AT
Infrastruktur: Bundesregierung plant Ausschluss von Huawei aus dem 6G-Netz - Handelsblatt,https://news.google.com/rss/articles/CBMi0wFBVV95cUxNUDUwR0puakotRDJSR0lfUHF4MndGMzhlT0dXeE9tMTVGdDVWYVJzX01KUFpiYlBDb3NTYl9xdkRBTUQtRFI3T2dvX29rbU9oNG9GaEwtaEZ3Y2JFTndUaG5wamtzQ19ELUgtMXBwMFYzZFZSSWlIN3VwcXItblYxd29TLXRpQjJLMDBpRF9FSlJIYVh6YmJPS3lsTzhMeWVNSGVQN3dZYWk0X2thYlJBTVVtbDVYV1FCOHRRVGNTd3NVcmxDNkZUWW1LekRmVGhDV1Vv?oc=5,2025-11-14 08:00:00,Handelsblatt,Austria,AT
Erster Pre-6G Videostream in Österreich: A1 und Nokia arbeiten am Fortschritt der Mobilfunktechnologie - A1.net Newsroom,https://news.google.com/rss/articles/CBMi-AFBVV95cUxQZFJzbWNHY3p3TzkzZmxORUZGLU1DWW5BUXo1anRaLWtjLUpKLXFydFYyaEJKVE1iRWJ4T25IOFlzeDhBVzZIaktWRlRVWmNyNDFRcFNET2ozbEVoczY0Zl9QdjUycEduTUE5VTdxbV80czdCSGVBVUVkVU9GY2lXZV85ZW9aMmdZWGlqNkRhbFU0Z3dWQWo4YlZxVGo1WWtpUEU3VUt2eVhaT1hkUVN6dFpoNnlXSWtrTk5pZVREVXV5Z19rUmo4OEhWZFVhLXR0Wm95MUhpdTMzcjkwcUhnNC01RnhNbVRjVVVxOEp5ZGk3WlBCSWJRQQ?oc=5,2025-04-03 08:00:00,A1.net Newsroom,Austria,AT
6G: Telekom Austria und Nokia testen erstmals nächste Mobilfunkgeneration - Der Standard,https://news.google.com/rss/articles/CBMiswFBVV95cUxNQTdyQzRsTjk1aXdlSjJYbjQ5TzBtcmwyZmlEYlR4TV9CcExZZU1iTnFwS3EycS1WVEcwTThhU3J3aUhNMHpNQldvc0tOdk9NTm51VE5lNlZjdjYya0RYdHNzT1dkSFZSOHl4ZE1UNldNV3RfaXBsZVVjQk14UDY0MVBfWHJIR0J4TklxcmUxZkJrZF9ETVRaY0d1LUh4N3V5QkluNUJ3OTlfR0IwaG1teGo3NA?oc=5,2025-04-03 08:00:00,Der Standard,Austria,AT
Erfolgreicher Abschluss nach drei Jahren 6G-Forschung im Projekt „6G-TakeOff“ - Deutsche Telekom,https://news.google.com/rss/articles/CBMipgFBVV95cUxPMkZqYUg3cFpfRWdhSnplcW5EczJmVUR6V0gtQnItZmJ0S0o5c3NEWUo4X2M1TGVIUUQ5a1J3RDVVc1RtRGEtaVB6aEJSa25GS0pYcTlNUUlJN3lYRVpPY2w4bjFUb3dhSjh6alo4ZGtmWnprVzA2eHdhMU5uQlJoUlducjVxYXI4Nm0wa213Tl9zdzJfVVBiSjVkLVhGRUYxYl9hTEF3?oc=5,2025-11-26 08:00:00,Deutsche Telekom,Austria,AT
Kommunikationstechnik: Ein ultraschneller 6G-Chip mit beispielloser Bandbreite - Spektrum der Wissenschaft,https://news.google.com/rss/articles/CBMipgFBVV95cUxNVHIzRGdZWDhYZXFfdWJCMkw3bUhENFBQbEJrbzBDdnFOR0VrM2lhb2gtMXdOWmk0U09UQkMzbmFucU1Mc0UzbmpjUWt3MGx2bG1KaUhhNXBfMnVwSTkwdzh3TGJaWmtEWHFtNXpTLUl1bGtkaEk4elBkcElGNG5vQVRzNVAxbENuN0dINTRoVW1XRDl5Smw2eDBUME9lVy1ob1NxZzFn?oc=5,2025-09-04 08:00:00,Spektrum der Wissenschaft,Austria,AT
China will F-35 Stealth-Fighter mit 6G “blenden” - Futurezone,https://news.google.com/rss/articles/CBMiqgFBVV95cUxNaEpOX094NnROWW53SVlXZXlIMlpTRTNyczJoQ2xUTkZzYUZsZWtWcHZLb29tWTI3RXdBZFVCWngyQ3gzbV9DYndERHVCWUNnNGVXZW5PbEgyTEw4V1dwT1FIeTYyVll0Q055Vk9kZ3lrSXIxdFh6YnFPeE56ZWljc0RCY1lnRG5oby02bEg5SE1wT1EtelBqcGRkdzhJMDBNcnZCOVczMF9IUdIBrwFBVV95cUxNb2Vnekh3ZGN3dDlZaGVZSXZfLUd0RTc1dURtQk1EWnlyZWlDbEJRMzRkTUtBM2hZQ0xrVnYwT3RqaUR3OV9ab2U1bE1GSmoxaFFZZUdpd0cwaGFBU1hzdGp0dzBHUTFjMmkwTGExeU13eHFNUHUzejVFNG5adUNzak5SRGg5XzAzTlVsUnU5Q19wUXJkSHFaRURMb3hvS0RfTzZ0d2R4Sm5ySW54aW5V?oc=5,2025-06-20 08:00:00,Futurezone,Austria,AT
"Indien aktualisiert Frequenzregelungen für 5G, 6G und drahtlose Audiogeräte im NFAP-2025 - MPR India Certification",https://news.google.com/rss/articles/CBMiwgFBVV95cUxPNk5SaHR5ZENmWmRKRVZXYVZyVkVOR3JaWVhyM2dldEdiWnVEM1pGb3VrWlJfdS1WeFJwcU9raXg1SHBLWjMzVVh6TmlHRlZfN0ZEOW5kMkp1LTM4VXRqUllzN1F2aHRiNVQyYW5ST0d4cGotWlV5NVBpdHRlR0VHMnAybThVdFJOS25BU3ZnUFFuY24yczdXNWgxY29HRTdFa191ZzN3SW1CU1hTdnNMVGZ6d2VXNVNXVk4yeE1Gcmg1UQ?oc=5,2026-01-29 22:27:16,MPR India Certification,Austria,AT
A1 und Nokia bereiten sich auf 6G vor - Futurezone,https://news.google.com/rss/articles/CBMitAFBVV95cUxOWG9hOU5vN09xM2IySG5aeFhFQmh3NWw0djdMakNvcXJrTUJuT3ZWdFo2dmlfdmtFU1FRWHpYSFFfWTJBeEtZMEc4VktDMlJ1dTEzYzJwdExGbndQcUpzeWQ1UlhDb3FkQ001NDIzYUJLME8yOXJKUE9GcHpteGFfcWlORDMzbHlXcnNWOWp5ZmZaX3F5czZ1Wk1BeXl4TDdhTnZNSFR3aVI3NGo2R0w5RVNDUHbSAboBQVVfeXFMUDJ5SlJIOHltYzRCMWZKek1RSkZsUXhueVNhWXEySXZQU1JPZUFPdm9nQ3RjX0twVjRoZWxiT3d1aDlfeGFvRm5hNkhMaF9nbmRWNGlWRmRBa0hYbHNCU0toQllmVEZaR21naU5QWTVhOXlEQVJidGJOQUpIM1FvS0t5R3RvN0xBSEhsOXVVTldWanN0aTMzTFZVWDBsamppLVUweWxfeC10YjhFSExNX1JHTjRHdU9IdVln?oc=5,2025-04-03 08:00:00,Futurezone,Austria,AT
Mobilfunkanbieter testen 6G-Netz in Österreich - salzburg24,https://news.google.com/rss/articles/CBMiowFBVV95cUxNWDNVN05qOENSVTNrWHF4XzBNMmJlQUE0YXcyZ1p6VXFUZmZXOTdjekR3NGkxSkJfS010TXBadnNfZ2E4WVp2MnhaVDl6NTBTQ19Za2NkTnBwMWFsdjN4ZFRVbTBaVFFSWTJNR20zOGNKVDFqNk9COEJJZGdEdnJtbF9kSG9CcDBONFE3RFFHbFVvOVA3ZTFkU09pcFl6d19NS3lN?oc=5,2025-04-03 08:00:00,salzburg24,Austria,AT
Wann kommt 6G und was kann es? | LOOKAUT - wko.at,https://news.google.com/rss/articles/CBMiiwFBVV95cUxPbEw1UHNzX3VuUi04Wl9jWkxJWnRibHE4Y2FIbVlKRDdDNUZXRGdiWmktbEh2TjFiVTdsNUpDZFZLaExMWkE2Zko4a01LQk9raFRZMnhvS1FWVWc3T3g4UVJOekdFYmJSODNnU1V5RlNZM1Z1MlQwV0hJMEFkTzBBUFBieGYweldLZVIw?oc=5,2025-03-06 13:45:52,wko.at,Austria,AT
Wenn Mobilfunk zum Radar wird: A1 testet Drohnenerkennung per 5G-Netz - Der Standard,https://news.google.com/rss/articles/CBMitgFBVV95cUxPY3BLZ1NwTFRSY2xqcEpURnhWU2xQVmg5UEZjUXplamFzYmN6RE5taS04VjI0TVlMUUFLV3BNazg5R1ZaMDlDWHpQb2hmUXdjVU5nRmZzQmRTNjNpeHRFN25GWVRzSkZyc08ybm81bmllUVAzejYtWWdZSkVZcG1scDEtZXFrb3lkVzIzSVF6SjFZRGVhUVVnQkxMQjNIX1UxQlFsc052SnRycml5Sk83RGtZcE5FZw?oc=5,2025-11-19 08:00:00,Der Standard,Austria,AT
China präsentiert weltweit ersten 6G-Chip mit 100 Gbit/s Geschwindigkeit - notebookcheck.com,https://news.google.com/rss/articles/CBMiugFBVV95cUxQc2lKeXdsZmdVQXl1ZndPenlXVDZwUWYtWFNTSFlxemhxdDBFdUljMUVQUTd0b21Xa1lfdFpOczBwVTZtMDZ5SHpWSGtzYVV0TVIwdWtRY2NnVndQS3dYeGVnSVR2OGNLSHVock9WLWdsZDVGMkwzYy1CWHk0WUtKN2NwNW5ya2ZhWnItQ2RLcmVXQXJieWtSd1g5MjNBUjkzRDZjWU1CeHZPbWVCUFlnSmxIR3NucVljRUE?oc=5,2025-09-02 08:00:00,notebookcheck.com,Austria,AT
Wer hat noch einen Ford Bronco 6G / U725 und wie ist eure bisherige Erfahrung? - Motor-Talk,https://news.google.com/rss/articles/CBMivgFBVV95cUxNVzRlSFdlNjdsRUtGem1pbHZlc0dXNEVjcDZfUU14NWJOTlJ0RXFEbG44dVVGek5JcVJjbDZGTGJnd0c5VmtvbjFEaEQ2ZVFSSVNqd0pSTjRWb0U3SDJJc1FLSXlyTUlxUG1XX0o4MmJkbGQtT2NVNWhSS2pIaGU5WVFQcmRjZGlPbjkxYnhMUTZqRUZEQy0zeEZmM2VDeFdQckYwSVV3S2Y0WXBYM3E3WExRNkFHdUhfX3huMmNB?oc=5,2025-10-18 08:00:00,Motor-Talk,Austria,AT
Nokia und A1: Bescheidene Datenrate bei 6G-Test in Österreich - Golem.de,https://news.google.com/rss/articles/CBMipwFBVV95cUxQa01oWGU2S3FhcVU5WG9rdmRhUENHLUdlQTRremF4R0kzNURIdm5qaGVLNFJtSW91aDQ5cGs0WGR4QmVwdkVuR19YaEZ6TmVKSmVKUmloZEZRVU8xZFNHeE9lU3VyY3h6RW1MdG1EdnhxZ1VCc1VsWVk3MUpld3NCMFRGYk5WQ0JlTWJEYmNQVDF3bl9GbEJ6eXZTNW9GTl9hb2hTUmR3dw?oc=5,2025-04-03 08:00:00,Golem.de,Austria,AT
6G schon bald Realität: Das soll sich durch den neuen Mobilfunkstandard ändern - Netzwelt,https://news.google.com/rss/articles/CBMilAFBVV95cUxNdGIwaU53MFQxX2tYMTF2aFVwTlZKTGEwdFhOMlhxUzVmUWhId1UwemZsbjMwOWJWZ0kxV1dVWmtvbXBQb1JCclg3YzQxS3hYMDRPMVA3QW5aSFVHX2dCa25PYXFJRGl2ZUJsVm9PU0Z2V1l1Ui1TaU4xYl9aUUhTQ19wLU5meVp4WS1OOC00a2poWWEx?oc=5,2025-03-04 08:00:00,Netzwelt,Austria,AT
Erstes Gerät mit 6G schafft zwanzigfache Datenrate von 5G - Der Standard,https://news.google.com/rss/articles/CBMiqAFBVV95cUxNT3dqUkcwaUJpZXJhaDkyamNzbXlHdWFhVmUzSHlJRkVDRjBWOWNsZ2xtZm9Eb00xbmF4MXZZb205a3dOcWhNdGJ3RVFLZzhualRwTEV5Rzc5V3FDUFF3UHJtUVRIcDA2UnNzV0ptME1acXBEcVJiNWE0RlpyWlhQY0JwTE85clEyMm5zY1FueDBpTExvcnV1Wjl0SWc1RTBaUHFodXpaTVo?oc=5,2024-05-07 08:00:00,Der Standard,Austria,AT
"A1-CTO : ""Die nächsten 10 bis 20 Jahre wird 4G weiter wichtig sein"" - Futurezone",https://news.google.com/rss/articles/CBMizAFBVV95cUxPU2JsUk9ibWw2STU2WVY4NHd0LVJONjlENFJHLU14LWg5YWtsVDEwbUtsYVA0eVVDeVZxYkpsSm1LcGFZUDJZVEZkc19RWnFxQUxQc3ExZUtMemxzdE5rb3Vkb2Y5cDFyNEk3cWJyTXMxZnZhUWVndFA2aVBwdENYaWRrOVhFX2lVVzVMcnVTcG1RUTM1OWdHSWVGRkN2Q0JZSmVvRjNMUjZfYW15WmR5d0k0aVAzczhUUmgwem1HYkpNMHczZHQ5dEJzMjTSAdIBQVVfeXFMUGRCblJ3RTk5c1lGajZwX1EwSjBNMV9kb1k1RkpfajgteF9EQ2N6R202ZGVadXh3QWRwZGp3WDAxaXZiZTJMNEwwWXJNaVZrSUZSc3R4TkstMGloMlVoTGFIdThkMlFQYzhPRjZjREpqckwzd1U5WHdObXI5c2s4U2ctQVZ3dy0wOXk3WmJzbUtMOEJtMXAybXNsenZ1Uk9kWklqSjNFelFLNS00NGZveFlZem9vVzVvRkNFNXlMMmJaclRzRVl4eWFBemhVLVM4UkNB?oc=5,2025-04-05 08:00:00,Futurezone,Austria,AT
NVIDIA investiert eine Milliarde US-Dollar in Nokia: Am AI-Kommunikationsmarkt und 6G interessiert? - 36 Kr,https://news.google.com/rss/articles/CBMiU0FVX3lxTE80TGlfUjJVWm1VQnhWNkI5MHlWQ1k0MkptVnp0aWFRekxHTXM3azdwaWtKcVVRcTM0RUpJalZ0LVVNQzJpUVJ1ckxMVE5HSW9hTkkw?oc=5,2025-10-30 07:00:00,36 Kr,Austria,AT
Insight Innovation: Wie 6G den Mobilfunk revolutionieren soll - Handelsblatt,https://news.google.com/rss/articles/CBMiwgFBVV95cUxOYUg0LUNubTNrblYtT3ZvMTVzeHJkQUhHdUFIMmFUaVc2RnNTR3hCZlcwelpYb2hEV2dvMFBfY0lCYjEwMVlzWnZzU1dIdG9CZzNMTFkxN3FUZjFJUDhfQlYySTI3a196WW91RmRLcUgyRFI0aE1WRFBTcVkxZmVNUnpyQ2Fod2dYaTJXRGt6SjkzdWFVTDJSdnliWEJlS3B6TEVvSkk3V09ncDVwZndTNkVLOV9KQVBaV1lkTDNUcnMxQQ?oc=5,2025-03-03 08:00:00,Handelsblatt,Austria,AT
So will China die F-35 Stealth-Fighter mit 6G «blenden - Nau.ch,https://news.google.com/rss/articles/CBMipgFBVV95cUxOUXMyOEExSmFtcWozZTN5eEpkVklBMVI0N2NkcG11XzNxczZJT1FOLUdrRUxtX29KSVZuMnVBY1pKamRkZ0E4cG9ITGl3VzJSaVpoTUtHR1hYWUVyckJMTzhJVV9iV29sangtakEwNWNvMlQyVDlTNUltdE1obW84RjhQbEJtdnp4VHozeVVrdFNQbVV4cWtYanJjRDM4TXVHdk5VR3JB?oc=5,2025-06-21 08:00:00,Nau.ch,Switzerland,CH
"Forschung an 6G - Physiker: «Strahlung wird dorthin gesendet, wo es sie braucht» - Schweizer Fernsehen",https://news.google.com/rss/articles/CBMiqwFBVV95cUxPWGZvaFA0V0haM0NrSHgzQ1JNdlJNR1FwR3Nxa1VOSEI5a0ZneUhXNEMzeUkxMWZtR0VEc2d5ZEo3bEV6amdqNUF2dEVJSnJ5QUJBMlFhd18xeXZIOEhIN2owOHAwbHlIeVRpSTRuN0ItUDJTSXBpZndXc3k1ZjBmS043czVFWllZell5WGNKaEFTcG9qaXBybS1XTXp1TW1lUFQyVjNyQ0JqcnM?oc=5,2020-11-21 08:00:00,Schweizer Fernsehen,Switzerland,CH
"5G Advanced: Pervasive AI, größere Reichweite und Präzision - Computer Weekly",https://news.google.com/rss/articles/CBMikgFBVV95cUxOWC1kbTJlalRDemJXRnN2ZXc2QWVESHlSM1ZHenZhUEplLTFYVmZ5Vm4xbE1WcE1BZTNNeGRXU2pYdjZ6dFdSTmd3eEpsd28tUlRYaktkbmRrYWE3ZW40OTZqY3ZKR3l1VUJDN3gtSkJPck10VnN5SFg0WTNIclIxallqeUJRNmJxTFQwMmlIeWVIUQ?oc=5,2026-01-09 08:00:00,Computer Weekly,Switzerland,CH
6G: Neuer Mobilfunkstandard – neue Möglichkeiten - TU Dortmund,https://news.google.com/rss/articles/CBMingFBVV95cUxNX3M4NkN3XzE1SFByaUFnMXQxQ0p5X2pyczhLUlE0VTJ0SEVGQ2ItSFUzTWhLQ3hfNFdxdjRYRk00S1NsY2tqZld1Z3otVEhZOGkxdWRwRm16NWZtLUNZTkZCNzlKU2NjUFE4YkcyNHZVRkthZ0tUWFVlVTZJRzRjQkl2cEdEY011VG5fMTJTM1MwWDAtdWdJMURtZGp6dw?oc=5,2026-01-01 08:00:00,TU Dortmund,Switzerland,CH
6G: Zukunftsweisende Anwendungen statt lustige Katzenvideos - Swiss IT Magazine,https://news.google.com/rss/articles/CBMipgFBVV95cUxOdlZRQmZLT29IUWlabVRLeGl5OVJMTEN4a1ZWQzdISGRGUXR1bHhZQmtyU0NsSXVaaFJ5UzAzbVM0S08tSEFLWDFpR1lKaEVnQ3NFYnF1ajhOODVLajNZODhmVWlwdU1QRWUwQ1VWelBTSS1wTGt5UnI0dGw5UDBMT2xUWGFrZDk4X1dWaktmektUSnJ2YlBmTkdlRkgtMlYxdmtLRE1n?oc=5,2024-09-11 08:00:00,Swiss IT Magazine,Switzerland,CH
"La 6G se prépare déjà avec une puce capable d’atteindre plus de 100 Gb/s, 500 fois le débit de la 5G - Ouest-France",https://news.google.com/rss/articles/CBMihwJBVV95cUxPLTJXM08xMDVxS3NmQjZxRmI3UjA4ZWtqMzNqNE9aR29tX0VvTHZoUVNTV1ZuTE1OWnR0NHVWMlBTVlNfZlZBSEdFcEdlcTJjZ0ZOVVlnOElsMXNJMEtGd3JMeVBSX1MzVE1yaWUzN1RQQnN3S25EZ3JuQjctTGZ2RlNScVUzeUZuOFFvVzEyQTNCLTl5aFF0bll3ZWpMaFRLblI0UWo0SVVMeHNzS29aYjFOODNyZjRPc3E5aF9abHdDS0haR2w2NmxTWTlhMEJZeEdxTkpOMjNaN2hZWkJqWFpzR0twekFtd0ZkTTFmSmNIdHpnVjZ6dkhwVF9uelY2LXM1Z2ZJbw?oc=5,2025-09-04 08:00:00,Ouest-France,France,FR
Ce que la 6G va changer pour les utilisateurs - 20minutes.fr,https://news.google.com/rss/articles/CBMingFBVV95cUxQTk53d2ZnZlZWVllIV1BCamdJY0VBbnNwbmc5TTZmWU8wU1JJbERBNnlvTmJIT05Fb191ckx4Y1VkblFJRVE2c0RSYV9NSlVZZVZpSGowM3NjZ2R2QU1RTHRLV2hKdGlDUjk1U0VRMkhQQlJDd1RRNFVtdXNDVWt5STkyQ3NyVUNHVUlocXZfVEFqUFRWalRpSEJZV3dfZw?oc=5,2026-01-12 08:00:00,20minutes.fr,France,FR
BRIN développe une antenne de micro-bande pour la technologie 6G dans les téléphones - VOI.id,https://news.google.com/rss/articles/CBMiSkFVX3lxTE9SaTBKbXkyUXBDMjNiOHFJLWhEdWsxcndhdXVZLV9ZdFJkUWZkckJZNVdNelVnT2gtRW9tNjEzTEl0ZnJnQVdrbkJn0gFCQVVfeXFMTW9VNVBaWU53YmFEcUJKdEdpS1F1VTdmU3lPMDBUQ1J5Q3VJaU5LM1hRRnZQRmd5WWU4aTBIaHpkRzZn?oc=5,2026-02-13 11:07:15,VOI.id,France,FR
La 6G fait déjà parler d'elle… alors que la 5G n'est pas encore partout - DegroupTest,https://news.google.com/rss/articles/CBMirAFBVV95cUxQQzM2TExoNjdPdWEwRm1mRTROaEJYVVFwZ0s3Y0sxbmtnQW94TU9TSGVPaXpqb2JvYXpDbTZaOFFUUU5Qc3ViUDdrZmNXWnNYRVk1clQwZS1lTHdDNTJ3SnNGeG9nZXE0YWhodjB1OVFsUFVQRjZTSE1Melg4cWxZQ0J3ZzZIcW5aQmY0Z3V3cWxUTmNrY3d0dlhQVTdPTXVlVm1WcGh4VU1XNVRT?oc=5,2026-02-04 05:40:00,DegroupTest,France,FR
"La 6G frappe déjà à la porte, les premiers smartphones attendus dès 2028 - 01net.com",https://news.google.com/rss/articles/CBMirgFBVV95cUxPNmQxOG1qWkVadnBETUhFREx6NG90RXprQ0JUOGl1Tm9sNkhZaU5OY05veXliOXY1S1hTMmY4bVA2dzZQZFh3OUZQT05XTWVoX1BPLXJoVFJvZk5SN0xOelh2enFxNko5SkZDU3lCUTVXdWYwalF0QVZmZE1XT3lOeU5xbHNvUTdiRGlkX3duenJ3MkZYVTYzLV83Q2JnYVBjSVlKZTdrNmNNQ3E0T1E?oc=5,2025-09-24 08:00:00,01net.com,France,FR
Comment la 6G utilise la physique quantique pour un réseau plus fiable ? - Le magazine GEO,https://news.google.com/rss/articles/CBMirAJBVV95cUxOTG9ONmJ5OUJSTnhHQWV2VHlNaDM1dGtlM3VwTDZXcWxpSlhVTzNUNWJVUXJMVmhGbVdRSW95N0tETV92Wm01TF9rZmtTdDdWN2ctaDZ4UGl0SjJzQmpob0tGWXQzdDJDSkU1SmhVTnR2aV9tUjdKYXpUc0dKMFAwUlhSTEg2NlljR1IyRXd2cUd0eXcxaXZROUh2QmVMdkw2QklTalZaS0RlNzVpRUpHN19zUloycHVFeUV3eGFPVXVzaEhDT1hUbnprNzUwanluVW5ranNlQVQtYXZMZURyRlZqODZ0Tnp4elhCcVZKc05tSEtUN1BaaGVMSkxHY0RWd3E4WVZzZ2ExeG1Db1dXLU94bFVSNkZCdXVEaHVaZE1kOGZtMmctbXlOR1Q?oc=5,2026-02-04 05:09:00,Le magazine GEO,France,FR
La 6G va dévorer trois fois plus de fréquences que nos réseaux actuels - Clubic,https://news.google.com/rss/articles/CBMitgFBVV95cUxQWUtvdTZ0WTdpdWdraXFwb3pzbFlIU1JJajFzdlQyWGVicUN1WDZMdGRLam5rendhU1I1VF90Zm5TSEdkRmZiM0VOQW9TM3pCdTRMMFRUcGVHSmNNTnJfZ21JeUNCcmpKbThSa0Z4dW1jeC01QThyMWs1a2kyMVpJMFloVW5ucE90ZEJrYVlUQTg2Y1JsbVh6X0pGdmxONmp2OC1qUHZBLTlZV2ZsVkVvcHFmRThkZw?oc=5,2025-11-21 08:00:00,Clubic,France,FR
La revanche de Nokia - La Sélection du Jour,https://news.google.com/rss/articles/CBMiXEFVX3lxTE5RY1hkdlpBLW0wd19PQnI1MTVYcVVSYkVIWDhyUXBVaE5ITmlnVDdma1J6Q1VZMk4yU3NWVThjRDh0ZUtNN0ZXSjZLSVJMSVBhT2VPVkdqd3lfZXpC?oc=5,2026-02-13 19:00:00,La Sélection du Jour,France,FR
La Chine a achevé la première phase d’essais technologiques 6G - lecourrier.vn,https://news.google.com/rss/articles/CBMinAFBVV95cUxPdndmaFFlcUd2RE1mak54RnpFNWZjNVhCN0J4VE5NOWg3Y3hJSDFYSDdFaEszT1p5QTYyU2IyRlRHOTJoY3pNT211Vkt6b2t2aWl1UDZiRlh3UnVPZ1RwOEN3UnE3ZmdCaDBibngwLU1qMkg4cVFqVVExNnFibWc0ZVVyeUxuYVRsYXpQVTVJR2htTE4wdXVhM1hUYVA?oc=5,2025-11-20 08:00:00,lecourrier.vn,France,FR
Le pari de Samsung Electronics : des réseaux 6G nés pour l’IA et la durabilité - Solutions-Numeriques,https://news.google.com/rss/articles/CBMiswFBVV95cUxPOFRGdDJDdWJrQnFqejgyQTV2ZXBuZTRBLUhoNGdKSktoYUE4VUgzSjhIMnZGWkFOWGRfTjN3bV9tbC16bVFteFU5bGVMZU1KMHF2LVR5dWNTNjBLZmFTbG55UzczMkQ0eEp2dEhsSUozcGxFVm1hUzM4TzVqaURvWHF5a2tIR0hDblpld1NEWmpiRHZ1OUk2aXI0dXlIRW50Smo2bUR2dU05V0R5a21PMTlVSQ?oc=5,2025-11-14 08:00:00,Solutions-Numeriques,France,FR
Nvidia investit 1 milliard de dollars dans Nokia pour préparer la 6G - L'Usine Digitale,https://news.google.com/rss/articles/CBMitgFBVV95cUxPQXppcmNhTF9qUjFseDF2V1g1T0Y2S2NtUGpVQ3FGXzZrSFhUNE1HcnItbjdwUklia3JVMEpSNDVRVGRFY2tTUk5EUGI1akJqWGFhZkQyakVrOWMzS3l3SXdlU2hBVzRac3RzeFdrQ0tUODJSaWp6RTk5OW55V3ZFa1BRbWVIREQ1aFhFOTVaYWNTaTBiYTBYeUhFOTZmZlF1Wjk4SDNhQU5rY25VVDMzSjhKcWtXZw?oc=5,2025-10-28 07:00:00,L'Usine Digitale,France,FR
Nvidia mise un milliard de dollars sur Nokia pour bâtir la 6G - Siècle Digital,https://news.google.com/rss/articles/CBMinwFBVV95cUxNSEV6bXBxWlJlR1pxSDF1R0ZRdmczTThHVFpqLXNzS2RvTlBRTXBXNUUwNFg5T0NUTm10M2pnMWxISHlzVlFTMzktZlhhVUo0OHptYi00UmNXdEtFZG1WdXZQTV9pVUVnYURpckRZc2pYd1hGdG1QY05xVDV5MUJvck5KeFhic00zMV9OVlFmeGpEMVFaODc4Rlg2SDBDMW8?oc=5,2025-10-29 07:00:00,Siècle Digital,France,FR
La GSMA prévient que la 6G nécessitera jusqu’à trois fois plus de spectre - Electronique Composants & Instrumentation,https://news.google.com/rss/articles/CBMioAFBVV95cUxNQzVJWVluSTBMS01JT2cxZVhkeWtWUEtoZTh6ZFlCNENRQll4djhNMFVfOUQ5S3lKYmo1dDhOb2xLZ0N5ZUM2eEFEbkxFZUhZNk1ZYnktUFczWVJMSWRyOExtZ1F5N1VfZWlmc3QyWUNhWHh5VXRhWXhpN2FCS2lvYlp0YjJkME85OFIzck9kR3RKN1I1RWU2eWdvLTBfSGp4?oc=5,2025-11-25 08:00:00,Electronique Composants & Instrumentation,France,FR
"La 6G se précise, mais le grand public devra encore patienter - xavierstuder.com",https://news.google.com/rss/articles/CBMinwFBVV95cUxPbVhod0hZM3cwcWNzcWtEXzd1RENzRlBGY09oQ3N4YkJZSE8xRWhJMFhBZy1XRV9wNVowTmtxcm9YVERZZUsyZDJoUmwwQk1rUUFCN3Q2TDNPVFd2RnJiUEdmQ0VpWEJhVEdnLWtOOGdCc2J0dC1JZnI3MmJ6Y3RhLWxlNmVybDlJbUdSSnQxS2dUUng0elV4Zlg0d1NSN3M?oc=5,2026-02-01 04:56:36,xavierstuder.com,France,FR
"6G: une puce expérimentale affiche des débits qui dépassent les 100 gigabit/s, jusqu'à 500 fois plus rapide que la 5G - BFM",https://news.google.com/rss/articles/CBMijgJBVV95cUxOTDl0bUhidEVsYndYZEstcC0yVkdhTGJDZ3V1NjhXb0xJVmR1RnFiaUt6Vng1T244MjJYeU9ZSlVvbXk3Ym9HZy1qWUV2VzhvRktmNVVGdXpTTWllRTQxT2Y0WmZpbzhBRjlVeWZWS3IwRVJpbXZ0SFVsLTJNZkRUY18wWTZ5cm00a0pqYXJHM3JYdVNHWmRQSDlqOC1uYnEyYTFRck9xWUdYUTNEWWVCWXd0Q1c1cG9hMHktWGQ1UHZZUFRMckhRbGtka2Y5bzlFcEh1TVNSWnFkZWRnYXdXTU5qcWw3VTBhcUdaNk5XT3VqZ3FVbUdKYlprVVFtNzNZNlU1VFRvZy03ZW5Gc3c?oc=5,2025-09-03 08:00:00,BFM,France,FR
Vous attendez la 6G ? Voici pourquoi elle ne sera pas là avant plusieurs années - Les Numériques,https://news.google.com/rss/articles/CBMiywFBVV95cUxPNGJVa1pzVjVFdGo2aUNLNGUwSEZDVlZIMEw2ZzIyTzhQSjBrYnZBdTd0bjdCOWdob25MQ1lDNG5XUGh3Y2xqdWU3NkRIMTJZRmxrS1Z6bVk0akN1WWRyZllLRkdvN0xlMU8zdWxiRXYzRTdHWWNkWmNDU2RRNzFIdFBrXzlfZ1pCUlJpZjRnX20waWo3a2JwSFh5Y0k4ZnlnZGlMZk83dEVlUzIwN1BTNkpWeHVIRldmNzRDVWRUQXo3RkNkaktvUk5FZw?oc=5,2025-03-10 07:00:00,Les Numériques,France,FR
"Avec la 6G, la connectivité par satellite sera disponible sur tous les smartphones et dispositifs - Forbes France",https://news.google.com/rss/articles/CBMiywFBVV95cUxQdnFyVUVKYXFONzNGX3Q4RzVlN0FaTVdiazZzTnVEcTc0RTlxT1BjM0lBdzJnYXNxQ2VBb2xQU0NsWmtxTWVLczZoZmhxSWdOcExBN1FfMldQZEEwQjhzdDJPS2pacVhKbzhIMS1Rc0lwdk5TQXhqbHJjc2VXbV9KYTgxNWNTVmZUS2lKejFmcFZRUW9rWVhKSGJVcGpfRmNEdDlRb2VrT1d4bXhEUDA2MFV1VE9mSGw4ZGM3RnliVE5RZEViMHdXdzd1NA?oc=5,2025-11-22 08:00:00,Forbes France,France,FR
"MWC 2026 : Anritsu dévoile une vision 6G complète mêlant IA, cloud et test virtuel - Electronique Composants & Instrumentation",https://news.google.com/rss/articles/CBMiqgFBVV95cUxQUG5MS3ZKdElLQ0g3b0ZTb014QTZreXNqdmtlTzh6QlRWUmJMRGJTYWlQWXpMYkQwZ0pQdkJCakVSeE1QM3dVeEw3MEE3ekNQV3dCZWxldTQ0SGRnXy1vSVVrQzQwb0IwMnZ1ZGJOTE4xbVdRaVVqQkFBRWFOSkVOdU5YWmU2Y3VoTjdDLXc2SUItNlpZUk1oWE1BQXRuRGJ4eHJuVjg0SDJ2QQ?oc=5,2026-01-26 01:25:39,Electronique Composants & Instrumentation,France,FR
6G : la France lance le compte à rebours avec les opérateurs - Clubic,https://news.google.com/rss/articles/CBMipgFBVV95cUxNV2RZY1psb2hwenU1TERkMG1ZMm1LMXN2VjNPcmY1R3YxcEhXNHY4bHdHRFhDMUJXQTFZclo0a3c3ZjQwNkRhT1NTblk0VnFpTU5ZSDI0bXphRVNLWmJDZUNoM21WbUVSbjBnSjBpRjdoSjZhajdfRVl5MksxYlg1andrWWhWcFJGRXlmU1pvdXRVc25vZWJETERiaVBBakdJbFdFcmtB?oc=5,2025-10-13 08:00:00,Clubic,France,FR
La France prépare le terrain pour l'arrivée de la 6G - Clubic,https://news.google.com/rss/articles/CBMingFBVV95cUxNckZpVEJzaENlX2h4aWhReHExZGdKQjFaa1IzYS1uQ1g4T0VnX3VybEZpZ2VkVkNhTFg3NEdhNk5DLUFzd2ZUc3NuYWZXYm04Mkp3a1lLcEFpX1dTeHFYQi1YRHB2S3Y2cTJvN014UWNkbmljR21ib18wRE1leWRhQzdLMmNhUDZBYWxRN1hMbDV2LUQwZjNKWnJmeWpaQQ?oc=5,2025-11-24 08:00:00,Clubic,France,FR
« Voir sous la peau » : quand Donald Trump confond la 6G avec un appareil photo - 01net.com,https://news.google.com/rss/articles/CBMisAFBVV95cUxQdk4zMXdFb1RZdnpUZENqNEcya3FPVWx3aFBWSndmMkIyemt3X0pEb2phalpmVVRRY1V3TlAyV3MwYndqQXdkQUhic29vTVRCZk9ydDNVb2xTaW5kU1ZicGg2bGFsTmVzYUhYOU9BdEpuRkxZeVNZZGdDNkRVRGp4eWZqSmtnRmZ2OEI5dUdlSDA5LUVKY3ROb0JBQnpZaGVLek4wbHBQS3U2cl9fOUFEWg?oc=5,2025-12-11 08:00:00,01net.com,France,FR
"5G aujourd’hui, 6G demain : comment l’IA transforme les télécoms - InformatiqueNews.fr",https://news.google.com/rss/articles/CBMi2AFBVV95cUxOb0hOQXZHR2JXN1RVeWJMZkhCbmVDTTdNXzNYbzNKTFhwY2dfaVdLdEdCUEdkaG1pNFNFa2txV0MxTFhPU3QwbXZZaEpZal9WU0EtOE85YlliM0gza3BMck1RLWFpVWYzdEVTbGsxQ2pnWmRfNFZQMjRwYWN1UmNxa2E1cU5ORUJCaGJfWGJLQk5kbXg0RmMya3Nabzh2YlIzNXgyR2JpQWtHZnVHN0RENi11MDU1dHNXdmFpNFYyZ0FQS0ZKS3g1SklCYVNQXzAtbGhmdk0tWW8?oc=5,2025-10-22 08:00:00,InformatiqueNews.fr,France,FR
NVIDIA et Nokia s’associent sur l’AI-RAN pour piloter la 6G - Electronique Composants & Instrumentation,https://news.google.com/rss/articles/CBMijAFBVV95cUxOUnhPUzdMVHV5T3pLTS1VOXJuR283NjNiaU1HemRPUEl3eFZJUlNmeGtGTkR0M0R5SzlWZVNJZjJwYUJHc08tU2FxanJ3Vy13ZzhqaG5paFptWkxoVW9ZakVKSG1kdTc2X3BuMDJ4T0wzSUFnZUtNb0c3dHJyV3JQdmNkTFNIZWlaNFFWaQ?oc=5,2025-10-29 07:00:00,Electronique Composants & Instrumentation,France,FR
Malaise à la Maison-Blanche : Donald Trump se plante sur la 6G - Numerama,https://news.google.com/rss/articles/CBMiuAFBVV95cUxPdHRSZnBhRUtpeGxNYzNsYmF3WG5PU0s1Q3AxSTdhOWI5SkREUGZCM1pYcm1jb3RacWQwZy1CTG9LaFJTdTRkRW9lWU13aGJjSVBsWGlVSllqeFJ4M3lHZTRudkptMElEdmI3THh0d2wxV2FUUDBfb00wNzRNdmZtaWllSzdydTA0Z0RRdF9ZNTByd1BLT1JNMGt3b1QtY3JaVjlNNDNkcW1oNVhLcHRoUWdIamltaWdi?oc=5,2025-12-11 08:00:00,Numerama,France,FR
Wi-Fi versus 6G : la bataille de la bande haute des 6 GHz - ZDNET,https://news.google.com/rss/articles/CBMinwFBVV95cUxPQUtIbEpJT1p4d0RIT210Y0tLRmVIRVVZZjUyMTRpQTdNUDBuSk0wNDVtV2t4a09mSHpmQU5IdXdsN1ZKa1hXbi15WjNJVmFDcFI1VHYxZk1lOENtOWU3akExM2F1eFBLUkpVRXlDb09yR2hCZlRPYXVyaUxyRHVjeVhJN1VqQW14TjJzMmpuMWNLS2FRMHRYUWExeVRiNmc?oc=5,2025-11-13 08:00:00,ZDNET,France,FR
La 6G va permettre aux réseaux mobiles de percevoir leur environnement - Actutem,https://news.google.com/rss/articles/CBMimwFBVV95cUxQSS0zWGhtNW9uVzFWV0xpWXBHMUhjSy1zU05hWFZjSGFRbGtfYVpaaTRMUV9Yb1o1TDNGMmFrbnBrclhRaUNkdElKNEZMLWZLRk9NakQzS0VobVZkcUUzY3pZRVZWY3ljb0IwTHk0S0s5NnF1VmVkY2hUSzNXbnNycEwtWl9XNldGNEEzVUJlb2VxZV9QMVYyTkpFWQ?oc=5,2025-12-08 08:00:00,Actutem,France,FR
Vie numérique | La 6G s’en vient plus vite que prévu | La Presse - La Presse,https://news.google.com/rss/articles/CBMiqAFBVV95cUxQajBqVVU4MURWSHJKWTlVQnMwRDBZZ1c3OG1CZUhlNGRCUmt6aXRDMTlDTC1yUEdJR1lxRG83bmhCTmVCdkhXaW5JbHJkb1k3dk5lQ0dNbjB5UThQWHN6Mm9ISERZdVNudFYzdHBFXzY2bFJ5dTdhMzdza3NQZFhteVUtX2dXNWl3TFdsSF9vR0lLSmIyLTNORUFvTnN0N3E5S2tEdDBLbTQ?oc=5,2025-10-01 08:00:00,La Presse,France,FR
Solutions de test pour les réseaux 6G présentées par Anritsu au MWC 2026 - Actutem,https://news.google.com/rss/articles/CBMingFBVV95cUxOTWRGcldPTWl5YnoxMWdTY0tOLXh0eWtweEVLMG9hSGR2MXpjOFl0SkFvZFJHVmNFaWF2ZUZiWVVIbGRuY3puS1hhd3RaMDBRSEJxVkcyblRwR0tmcVBhS0JmcjF2THM5WXVHWWZqSE9QdG5veTVCLV9aXzNCcG50a3R2TVVsNG9POFVNMUVSU3BzSWRNOXluUWxfb05WUQ?oc=5,2026-01-14 08:00:00,Actutem,France,FR
Samsung travaille déjà sur la 6G et s’associe à ces géants de la Tech - PhonAndroid,https://news.google.com/rss/articles/CBMiowFBVV95cUxPZ051U1cyTWxybDg4QzgtTjV6MkZjLW5rWUFFV2FwME4zcVFzSDhDd1hvQy1zMF9scDNpRlNKeE5DZWpKSDNhODJxS2d6MmkzWWRsUWx5bVF5Z19UandIM295NXl1VmZiZTR6Z0JVRG9NM2lDZW1WWFZqTnctSTRQOEh4R1BKVXVpQkNOS3pZTHR1NnkwMEhhUFpJMWxWOEZqUXQw?oc=5,2025-09-24 08:00:00,PhonAndroid,France,FR
"Gratte-ciels en bois, panneaux solaires et 6G : au Royaume-Uni, un projet de « ville-forêt » peine à convaincre - Usbek & Rica",https://news.google.com/rss/articles/CBMi1AFBVV95cUxQYm9lMEZqRnhiUnZfZnkwdHZzbkQ4allSbVNnM1BLdDlraktnZ2ZiOXNYX3I1Q1hIRnNWVEFuMnRfbldBWnVXcEdPUkI5eGdmVU9MZ1k5MEkxb0szTzVaU0g2VzlKVEdzVERkdVViUFdKaTh4b2oyTk5RVjdlWDNMZ1ZZZFdSWTc5LWQ0VmE2dXBGenBvZHVtVl85WklYdHVBdC1aSlg3TzZ5M3BvTGs3Qkt0blM5YmRUbV9Zd3Z1ZnQzbElOSVlod2o1Uk1xeHh3YVFkdA?oc=5,2025-11-28 08:00:00,Usbek & Rica,France,FR
Wi-Fi 7 ou 6G pour la bande des 6 GHz : l'Europe doit choisir - iGeneration,https://news.google.com/rss/articles/CBMipAFBVV95cUxQaEZxbnhMa0tWc2NucDN6Wno1dy1OUjU1VGo1Z0Z2bFZ3N0t1d1VBbXNoNzdFVWRkS0dZUHFpeGp0Z2hDeUk0SVZ5ZVlfUVZ0RVVsc3EyUUN5NGl5Nm9lRmZYTUxtUV80UDJMcnZGMWxoSWlBak1FZEVmXzljZjhNRm1OVzNwYnZwbmJoN0U4cGtYVTFaQU9HSENabFFYbXloWVN5NA?oc=5,2025-11-10 08:00:00,iGeneration,France,FR
"La 6G n’arrivera pas avant 2030, mais l’avenir de Huawei en Europe s’assombrit déjà, l’Allemagne a annoncé ne pas vouloir du géant chinois pour son futur réseau mobile - BFM",https://news.google.com/rss/articles/CBMi0AJBVV95cUxNQXU1UmdVWDA0ek8yU0NPeWViNmxxSll3bWlsUk50ZGZ0ZVZseTBocUdaUjVGX0pjQ3IwLTZqVGlJdkkxWGVhcHkwQTdobHRWSXdOYUltM2RXcWMtVldETUwwNW9YY2pybzNFZHlKcVMtckpVbHNMUTNVdUZ2V1VicGlyT2lwejR1djM4cXhWdmFLVnFlTjlva3hKaE5UX2Z5ZUF6OVlfQ1FvblZ4YUYzd1F6VTdMYkNBTHZtQXlpZnVIX1pwU0M5dngwb19mcGF5cGQwRGJGb2FrVlo2SmRid0VNZkRCNXdDdS1zNFJOa202UG5kVFVUU1g2TkRPNS1IcEQtU3htVDRDeUxWMXV5S3BkUXFObFkxczBVN0dDbUVGbHNsSGR5SXpLeW1JV1kxVGNldlhwMHJhRzdSVkJvSXYzNUtpcktyblMxVEIzTzI?oc=5,2025-11-14 08:00:00,BFM,France,FR
Moins de 30% des Français sont passés à la 5G - Et l'on parle déjà de la 6G ! - DegroupTest,https://news.google.com/rss/articles/CBMirwFBVV95cUxNemo0U1ZYYi1idGZyY3E0R0swWEJkVkYwTExOZjFmbTlCSGo5QldiLXUzNVJ4WFo0LXRYd19uRXg3YzIxR2tzdG95X0EtVFBhbkJiLUJKb19fcW1yVVhfUGwzZUxGYUpVZTJRRXVmdllnaWYtVURXa1pVWGk0TVFEdnk1VlNjVnA3eEdET3ljSUU1a3hCTHFtMFV3ZTh4WjFmVWxod0JodGl6aTFqSTNn?oc=5,2025-09-26 08:00:00,DegroupTest,France,FR
Nvidia pousse l'IA dans les futurs réseaux 6G - Le Monde Informatique,https://news.google.com/rss/articles/CBMiqwFBVV95cUxNR2VZcEVoVk5QRF82Z191cmhEZlhWc1NhY0pFbEw3X3FZRG1KRkFzNHc4eFhMM1dmcmVSZmI1YnZzUXVXN1pCR0FYUUxBcTBZR1dCbGVDZVAxZDVOQzNSbmlzZ1A5UDZYQV9ZUlFZeENENUxMVTA4ZDdFRE45ZmtzNlc0NzhrUk1Ec08tM21qMG9kUHZYMlVYYWdHNlZLLTM2U1VKcExlOFhVT1HSAa8BQVVfeXFMT3lXQmRDNkxRaWM2TUw3TlJoQ05DWHkyVW53bDFIblFxRlVoNFkzYktGSER0NUtBdzhiZzg5Slg5bDJFMC1LclRRTlpUTTFUb0hxdlp0Tm5fSEIwT2liTXdObXBNV3dxTzFYdk84RjR2MENzWWcyVUk3d1diMGNucVRqWG9Yd1NWc0FaWm5kbnNwYUoxbHdzU3pROW9XNlBpb2hqN1hmQWdmY0N2Z1VBZw?oc=5,2025-10-30 07:00:00,Le Monde Informatique,France,FR
"150 km/h en pointe, 6g en virage, 1445 m d'adrénaline : voici la piste de luge de Cortina - Eurosport",https://news.google.com/rss/articles/CBMi-AFBVV95cUxNVW1fUDNNd2Z0VV8xdnhXVFROYUM1NEhLYVo2VmVUR0wyMnlnTUJZaHBXM2pKNzJWNG5YQjNKMnc2ZDdJaDdlRmdxYlRHS0h5TDVWWEpJekpOT2RXRldzWWd2NS1nUktpdkRDVTd3RVB4YV9BdmgyOE9UeUFRek45V0haRlNTTEQzUVlyYnQxLUdIR1pfakhKeXhuWGdPU2RoS2lfTlBHZE1SRnRqVXFOYVEyOWdHSFBZaDI2RDZrbVRmV2pSUkxJaURYWnI4QWhBclJJRFZQMUc0QmttRnNxWGJNUXp4WlZzcXJjNEVwVFo4c2Q3b0RDUQ?oc=5,2026-02-05 17:39:00,Eurosport,France,FR
« C'est quoi la 6G ? » : la rencontre entre le P.-D.G. de Qualcomm et Trump ne s'est pas passée comme prévue - Clubic,https://news.google.com/rss/articles/CBMi3AFBVV95cUxOa3RKS29oV1pNeTRqYzBpaUF3MlhhR3FLQ01mOE45QXdlNlh3a2diaXJPdlJsNUZ1ZUhMMVFqc0FRc0diazdtOERZd3BiMzdNNHdaZ1M5bmJkZHVCbGZJelU0WU5XTmNmbHVtT01USExPYS1yR1U5NXJ1ODg0Q0UwQVQyZGlLVkh5aHFJa3dpcC1ZWURwdGtTQ2Y3cFlMeXM2XzlneDdUYUNGd2NYSHF4cFNYYTlqRmtJUWdvWF9FTmlDYzJUUlVYc3NhZUdMODN0Nnp1akxVWkZScS1f?oc=5,2025-12-10 08:00:00,Clubic,France,FR
La première puce 6G à fréquence ultra-large atteint des vitesses 10 fois supérieures à la 5G - Trust My Science,https://news.google.com/rss/articles/CBMirAFBVV95cUxOUlM0NS1GZ250UHF5b0gwajNBOUk4Qmg1NW53WXBXZlR3YnFId3pBLWtpVkIzVEdxQWl2NE45QnRVSGprcnFoNEFnSDEyMGtadlR5VUl6ME1iUE9uaks3M3VhdGpXNWdWWTRYcnNpSjIyUDMzREtIeExxVi1xdmtwMzNjLWgwSy1xNGpxR0Jxb0szdnRONGZoazZnY3pCTGs5eUczQ0dQaWJra1Vz?oc=5,2025-09-04 08:00:00,Trust My Science,France,FR
"Une étape cruciale pour rendre les réseaux 6G utilisables au quotidien, cette approche inspirée de la physique quantique pourrait révoluti - MSN",https://news.google.com/rss/articles/CBMi5ANBVV95cUxNY2stQXh4bWl5bjd0N3lOS0tGdGdtYThHbXBXVFdCb3dsc1Zodk1MZjNERmZpNFllV0l3alhWazVuM1ExTlBhZ2lHMF93QnhzSW9lQ3cyNldyWkU3NlVyWUdqUjE0ZTJsZHM1bkFMRHdNWGJjbmFtZUxmNEl4bVM3cHRqZGI0Qk55ZVZRcVZSVFJjdDBWTVl3ODBxaFZaNVFFNkU3RWFBbXhYZm5YUkhreUpWa1U3U1lTeEFUOVVtYkdnRWx0Ni1SZ1ZXaGRPN0RBLXhsNWsteWItdFRTSnQxUjRpTndqQmFxeUZodmQxeEgyejlPQ3dUTTFWb2Q0eHhRYzlMTmoybWFGcjN2c0NJVWxnSF9vZ1puS3lWUlFYUzRzazU3d3F3WVRLZ21wZmExTFpQNFdlenlfSExOWmQwOS11TkR3RDRHaEJFUXJDTzhKUG9VbXRLQk01aVlPRU5JT19XdUlDQzNPZ1hWQUkwQ3JZSWhXMXlWT2JwNlk0V1pNQS1MU2FzTlZpa002eVJaMkVlNFNNeVZxQ0NCWG5PUEdZbWQzYS16dkNkRExOb3pZRnMyblRKM2o1Q1NrcFA3bFZ6ZzBnZE1IVFZseWZXekNsUVAyVzEwSzFYM0hqTVU2RGpm?oc=5,2026-02-08 10:07:06,MSN,France,FR
Course à la 6G : l’Europe craint déjà d’être déclassée - La Tribune,https://news.google.com/rss/articles/CBMitAFBVV95cUxQMlZLR1hHQ0R4WFdyTVBtMVYwcFoyNUhhd2ZQdHdrVWVaTy1jZmg4TEo4YlMxRy00ZTVRWlFKTUUtak9uS1k2Y2pBbDNOd3NLbVl4LXFsZk01T2c2Z3NWSzdPZ1hON3BhWGtGRTdCbTdPa2pROFA2UGF6bXFIT2o5cHJST0xhRXpUa1hNa0xYaUFlaVJLczcxQVF4U0x2dDlLcHY4bXBqamdJTGRuVUFUa1pkSEs?oc=5,2025-08-27 08:00:00,La Tribune,France,FR
Smartphones 6G : voici la date à laquelle ils pourraient débarquer selon Qualcomm - Clubic,https://news.google.com/rss/articles/CBMiwgFBVV95cUxQM2FFaC1EVkZNQmJ2OWNZbGp2ejAxdlRpdzUzcnZic0Ywa0hvWVJwdEhvVnhJalBsYl9RdnpFNVA0Zl8yTTBHNHJMdXZHM2RwUjh2Qk93a0gwZ010WVBfblgwLUVRNGhxY01BeEhBWDlrWlpRNHlHUnprcllhSjZDcmxBWW96aGxralplQ3NsRTFGamFiaTB6Zzg0UGlOcXFmVU4zLWhiRWp5YzR4RVkxYk5CUUNTOEdJb3JGcklkX2tQUQ?oc=5,2025-09-24 08:00:00,Clubic,France,FR
"La 6G devrait amener un nouveau codec vidéo, encore plus performant - iGeneration",https://news.google.com/rss/articles/CBMirwFBVV95cUxNdTlQWlZSZHZ5eG1yTS1fbFJ2Nml3b09HUzNHaDJ2UWdGTGF5bURVRFFRMm45aW1tZ2FDZElabjdHRDFXMEx0ZXk0Z05fRUlLZlp5ZGJHUXhQT1RjUDJKTGZkMGtxdUN5czFMaEVzWU9iOW4ydXg1OTVUZ01MQV9MQzBCclB1QmR0SlRyd1daQ09NVE81ejZmanl0M0gtU2xRUXBiczJ3b3U3eHFuV0JF?oc=5,2025-10-30 07:00:00,iGeneration,France,FR
"""Ça permet de voir la peau de quelqu'un plus en détail ?"" : Donald Trump parle de la 6G sans avoir la moindre idée de ce dont il s'agit - Frandroid",https://news.google.com/rss/articles/CBMi_gFBVV95cUxQXzNlek5HMDg0ZXYtOWp4dW1EQ0dvMzFQa21iZS1HNURyZjlONEZsUUFvekQxdzRnZm8zNENsLTgwb2M4MjFiWWNFc3NUOFFlYkx1b21kbmxOOWc0R3Z1ei1BYzdhbE01a19wSnFNcl8yRXJlTlB3NFFSTTZnb0FPMC1iYXMzeGkxLUUxc3I2R2tyaVdpelBMU1BNR00wMWhpTE4wS3NFR05zc203WHRtRDZmYWNLYTlMdHl4WXhRQ1lpdk5YdktGeUxBbDhQckl0b3FZQ0NnSmJlUHduVEVPNmFJWU5mTmVwUkNTTkF5YWNZVkpRNzNIaHl5VXBCdw?oc=5,2025-12-11 08:00:00,Frandroid,France,FR
"6G : les chercheurs parviennent déjà à obtenir des débits à 100 Gb/s, dix fois plus que la 5G - PhonAndroid",https://news.google.com/rss/articles/CBMiwAFBVV95cUxOdm9icTFoX2VzcGtpVGZBdzR5bjUwS3ZDblRTM2FLak0tbWFqMWxVVWItTTFiNl9ReVVKZmFuQjJlUjZqRE5COTVwYklyRDZ0cVh0T3JYS2Z0bFJ4b1VQMjVDTjBaUDIyVU1nVG5XQVF4VFNaMmlJLS1XcWFIRUQ1VlFCcThkSVJWQTZtZkpGeWlMSmRFbEdUOTFlR1dQZmowVENDbl9UVzZsNXpXMkcwSGltbjcteUNOSkFaWFN5azk?oc=5,2025-09-04 08:00:00,PhonAndroid,France,FR
"La 6G commence à se peaufiner, un géant des télécoms s’allie avec Nokia, Ericsson pour préparer le futur - Univers Freebox",https://news.google.com/rss/articles/CBMi3wFBVV95cUxQWFpYdjVHSDdiSld4ejZzcDlnODExbVF1OUw5bEVreXNJRUhDQVRTbFpHWmNFTVdDeUM4SlU0OG1RczRheUh0Wm9pdmdHQlZFUndmNndDY19WX3VwTlZpYVNDVnNOeENyOU9GN3l6WURjLXdTUF9WYnJXTllpcE1lUWVQQ2hyeUtaaVZfdXdzYVVDZkttZE5fNS1WNDNmQjItWlQtUzN6RXRhN1RubDluU1FZMXlWTkpicjNLS2NTOHhuSWx0c3hyY2F4d25RZTYtQWFaMmVWV0xwczdpZVNV0gHkAUFVX3lxTE9ObTBUUlN5QWtFTnhHMnNkMEc0SHltUVZneHhhc3VabURxLW0xSEdSNFRnekx4dk1iaS0xY1Rub0xPZE8xODAwVi14UXd2RGxhdEtOTDJFaHZIZC0tV2UzS1g5dHRKMllkbElaRGJGanJwdEZOcS1jVHJ2Qk5KSE5MT1dPdTlxNDFYTEZkQkhLLVlSVWVjRk9oSHNuNDVqa2NKVThXZXBvOTIyR3hPYmo1bWJuanZxZDJNSjBKOVR5Ym9nY0gxSWdBX29tYjFXa2V1WmQ1ZDVvR1VsOGFmcTN0RGsyNA?oc=5,2025-09-24 08:00:00,Univers Freebox,France,FR
"6G : Verizon, Nokia, Meta… Quels en sont les acteurs du futur réseau ? - Mac4Ever",https://news.google.com/rss/articles/CBMipAFBVV95cUxPdER6WGN5bEcyYjhhbFhrWm9vWjJkQms0dHRQMVNFZEFuNW1JNUFkc1pUMmFxUjRING12TGZMNmhYRVFURTVFaHAyazRGdkx2ajlhRUo5dWlIVjFvVzdZRlQxTklMQWVXbjB3VThtRkMzZzZKSkNiRXJaM2ItNkctMFNneUE2MzdqY0FiN3o3cFZiTjRuVWFKRWtBOHhyTG5jUHRxQw?oc=5,2025-09-25 08:00:00,Mac4Ever,France,FR
"Laissez tomber la 5G, voici venir la 6G avec des vitesses ébouriffantes - Journal du Geek",https://news.google.com/rss/articles/CBMisgFBVV95cUxNMTlFN3hBdUlsZXhnMEM5ZDBTMldkUDF2aHlibFpTN1hYRzg4TEFFQjZrWmhWa3UyZEtzR3UxejJRQ0NyTVUtSHZnY25mLUtYakxxcEdhUmk5dFFMOGFEOTh3QzdwMHBVNlNJQVlpSFF6UEk2M2VnX1FBdGNIbXViYjRqc3lna3JYUFk2aWhhLXJZQUtxTktCVUYwVVRQLTlqeGNrMEtIaTZLMGFkNUJhdS1R?oc=5,2025-09-06 08:00:00,Journal du Geek,France,FR
6G : Nokia va présenter un récepteur radio utilisant l'IA qui devrait générer des économies et accélérer la mise sur le marché - alloforfait.fr,https://news.google.com/rss/articles/CBMi2gFBVV95cUxOQWhZMTNjMEVkZHdMNTBmSTQ2ZDRSUmhyT19lMm8zU29UQ29GU0VlNmtZaEtkSTVkUWlNcDI4aWZaYUVKU0dmQkl0VzVlNV9XT3dqOFRLSXl3UkFfMGsxVmNVc0VBY1hGaXJ0bWlOQVhrZzFMMk5VTWxCUUk5ZnM4RlNKT0hRVnczYm80Z1c5Q3ZfRjJ0WDd0Y3JSRHYyRWZEVDFTSHUwSDEyRXd5SENMRW1wcVdqRDVONkFzNl9lQ3hIRGhocURfQ2tmRTBSenhJRzAyMFdncktYZw?oc=5,2025-11-03 08:00:00,alloforfait.fr,France,FR
La « Saga Huawei » en Europe revisitée : les enseignements allemands pour le déploiement de la 6G - l'Institut français des relations internationales (IFRI),https://news.google.com/rss/articles/CBMivAFBVV95cUxPSFhtZXpWN1RTY3puQTRhTmdaOGF5QXBWZnJXNHA1UV9PMzB3VHA4UThFZlZTT2Nidnh1OE1Ud0wtTno0NHdmQ3luclJGY050RklzQjk3V0xUS0tOd01ZS3Fmd2pFdElZdmNuVUw3dzl3MVcyUGlTdTI2WkE1UlpNczgzeUVueXBkU1VTOEVNNlNMdFJaYmhMdURBcUVvYU9XVjZ1X1JRNTREZ21JRFVKempwQldqY05NZXktaw?oc=5,2025-06-02 08:00:00,l'Institut français des relations internationales (IFRI),France,FR
Wi-Fi vs 5G et 6G : la Wi-Fi Alliance fait part de ses « profondes inquiétudes » sur les 6 GHz - Next.ink,https://news.google.com/rss/articles/CBMiswFBVV95cUxOZkJYVkhXd1ZaSFFhWVFsRE1uVjllOGZ5MU9HVm1ZbF83NTN0NWlHaGdOS190Y1Fsd1M4czhqVG5xcFNtcDhHclE3U1pUNnY3Y3dyX3FUMEdVWURhbTdRLU5nNnQxYlM2YktUUGlkd1dFQWdKVWZ0MFpqVUZfeE5DTC1rbXZ6d0NZRlpUamliNEFyTmhDbXRYNnVxY2xIcTl6V21NckY1ZTA2RFhzc2Z5SC1mTQ?oc=5,2025-11-10 08:00:00,Next.ink,France,FR
La Chine lance la deuxième phase des essais 6G - Yeni Şafak,https://news.google.com/rss/articles/CBMimAFBVV95cUxNV0l4cEw5VnFXaXBiVUVXa0ZOTjU1VkhRZDdydU5wR0l4OUJUZEI4em9uSS1HZW0zNnZwVWszN3ZhWmNnanUybmtkYkFIcl9NQnJ3Y3M2UFo4dmpLc3BWOS1NWVVqYjVzNFIzUjB3VHA5eXlCeGVmaEh6bmkxa2FFNVZpOV9vdEFMSjlTb3Atc05UTTYtNXJjcA?oc=5,2026-01-21 08:00:00,Yeni Şafak,France,FR
6G… Les chercheurs bordelais répondent à l’appel - Université de Bordeaux,https://news.google.com/rss/articles/CBMiiAFBVV95cUxNN242WS1CZ3pRZURFVGZ3RG92dU9oSVFWNWxYWUp0blgzNXhXRERSOTQyY2ZwSXhFTU5md0FldXJuaGI2V1hYZ2NlQlJ6U2xDcDljU21FdlVCWWwtTGhEM29sTzV0OEd5UWZPU2VKUzJRdU9zRjNZRERwN1l5Z3EzNGkwUnJvSVlp?oc=5,2025-03-17 07:00:00,Université de Bordeaux,France,FR
Des chercheurs chinois et américains dévoilent une puce 6G dix fois plus rapide que la 5G - Clubic,https://news.google.com/rss/articles/CBMizwFBVV95cUxQcXZJdmpibmJNelFiMlQtOG5pOS1PQUpwMDlaWS1WVlJnZ21zWTNubUxtTV8wcHAzMWR4ZWVpRWdFX3BzbF9FczR6QzdvVGwwZ3hVUXdERzA4US1MUkdNdjJncUxZdVFlNW1LUllqWi16MjJxb3lnVHdNd2V0b2hEeHAyU0VoU19VcU1xSWhtNFRyQUxtdmZEWkZiY3hSWS1qa2MtUE5GNHFiT1B5U0pRM0FjUXdTbVl1WFdNSEQ0T2pRMWVxaWktMWlfYzNRY28?oc=5,2025-09-04 08:00:00,Clubic,France,FR
Streaming : la 6G pourrait transformer l’expérience vidéo et faire le plus grand bien à votre consommation de data - Univers Freebox,https://news.google.com/rss/articles/CBMi7gFBVV95cUxQdTItcVBOSjNLcXlLZXVjTGxNMnN0RGh3Z1RBTTNIOTA5cnhlYjE1cmJkeUU0aE5IUzNNQ3Rzcm9ZY2Fqd2VKQ0pZZlNZOGpxVHhkUXltVjVuNjFKNlFTa1FTSnlselNrelV2RTNRRFgtWjVaOUhGN3lxSlVfaEZMSWdFWUZLUndIOGxvRi12WHZOQ3J3eER4RmxyZmFCLXF3bjFmZkpsZ0phTFpFc1dUQmFZdWIwbUVYRURmeVFBZzdjekhyZ3JhVkxtNXo5Tk5WUm50TDVBVkVsOWtJd3kzYVg2X2VmZjBzT3Z3TDZn0gHzAUFVX3lxTE1YLWY0TW9NMHUzUzVPTlIxQ1ZvcjRsb2h3R0RBT1ZtaW1mbmRCREFCc2JjTU1kQk85UklROWJlRDdpMlBzOUcwUDN1WmhOQWVrOWNKVk9DTjFMWndxbkoycWdFWHVUVEV3VEJUclVRaW43cExaVFZITWpEbkxHR3JOLVVZZHJHcXhjUUxlUG1vOG9WNWlqX2JnMWoweWtPdWxfRUxyRnpxR0tXb05VLVUtRTJMQVlHU2ttU2JTU3VTOWdodXRscnZzcUNQLWFFVUJCLWlSeTV0MTduYmJ3b213MDdXNjlCNXRvV2V0ZHV5cWVubw?oc=5,2025-10-30 07:00:00,Univers Freebox,France,FR
Spacebit introduit la technologie de communication spatiale et démarre l’Internet 6G - lecourrier.vn,https://news.google.com/rss/articles/CBMiugFBVV95cUxQYV9yVzNJRm9QMDNpUm0zb3VzUnBsWHFRazhINVF5Tzh1dF81QklQTW1ka2xIdkZlc2lsU18wWGI4eE5kZVQtX0NLU1BOa3ozVG1janoxMHhqRTBmbmNON1FzR3FhSWZyb1JfTkM3WWlLd203TURycmllLWxUdXE0bHN6NkZfc29qbVh5SjNVcF9hckF3bjBiVEo3TExJSUJKN2UzLVFYZ1NjX0NfUnZXVzRGVC1aSlVBREE?oc=5,2025-07-24 08:00:00,lecourrier.vn,France,FR
Nokia et Rohde & Schwarz collaborent dans le domaine de la 6G - Actutem,https://news.google.com/rss/articles/CBMijAFBVV95cUxOSmtFV1ZiQkp4NTJvRkdWWmhGLVpyZm5pUFNnajR5NnlQcVRCdmFjb2JVTWYwWmY4UXVGalpKeXpiTjRZeUw1M2pFN1JicmpJVUUyT042c3dRa2Z1NE9VdmZGRFdXaUNTdTFLcjhiUVdvTm9TS0pha09pZEJzczdRQVI0LVFEWnlLSlhXaA?oc=5,2025-11-04 08:00:00,Actutem,France,FR
Que pouvons-nous attendre du réseau 6G ? - itdaily.fr,https://news.google.com/rss/articles/CBMiWkFVX3lxTFBkdUNjY0JwMDVNR1ZYclZNNnN4dEJ4VndoZFlIWklOeVllRVZmX3RydTl2amU3NTRVTDBGcXNDWHdGR2IxVXh5RTlIdlhvdEVZN21fb3V5QUduQQ?oc=5,2025-06-04 08:00:00,itdaily.fr,France,FR
Une nouvelle ère pour la vidéo mobile en perspective de la 6G! - xavierstuder.com,https://news.google.com/rss/articles/CBMioAFBVV95cUxOaVcyOFgwVTRjMDRnMXdBMll4T1Z5SHd3OFM4dnVvZ2kwZDNtSGN3Uk82NjJXcEg4eDZVWGVpQW5Kal9pbmZSdjAyRjJYeGhnNUU4UWtPTXZ5UzI1NWxQanZBNWtEOUxuQkpocFFORS1UTDdlRGdlY0VibWZMbjVHRjVHYUJ3UTI0alBielRVdVYtM0xuR1FGSzljbUYyaHRH?oc=5,2025-10-28 07:00:00,xavierstuder.com,France,FR
Snapdragon Summit 2025 : Qualcomm mise sur la 6G et ChromeOS - Le Monde Informatique,https://news.google.com/rss/articles/CBMixAFBVV95cUxPRkJCMEcyOGdXMDFESlpUaTNRNkFoSjVHSWFRTm41YWRCWnp2V1BLVzZrZVdMYmtwQk9Bc3ZpYVlESEcwM3FTRXBWR3M0amVOZ01ubGtwZmpFVzluWUZUSmpRZGRFSDhnWG95NWs2WmdUUUVvZlFfbkJ5aFhZTXZHZS04ZVBXWXl4YmR4Z21JOWNiZVVGc1hJNGNfUlpMaWpqeE00RmFtUFlIcEhaWEtTVjVBM08wQ21MS01FYzlOZ1Zib1lt0gHIAUFVX3lxTE4tWG10X1ZHb3h6VXVUS1BCVFlXVkNNQ19SaDBTenVfSDBQU1pkd0RGeWxuV2ZQYUZ5enM1OFI2b2lBMmMyS21pdFhMM2d2V1hmOGliaGNLXzVFUUl3ekdpQmh4Ri1Vcmx2ZC1IQ0hmU0VHc19BeEktQ25zQjlMMG9QNTRaZ3ZIMHVmTHVqZzcwdjNESXpNal9nQ0I4MVVEV2pCdVZCNVUwY2JVTjNRMVNZNkdlaHVOT3hlUFN3SHl3d0Z2TTZvNEpE?oc=5,2025-09-25 08:00:00,Le Monde Informatique,France,FR
"Samsung est dans le futur, Apple à la traîne: la 6G déjà en chantier - MCE TV",https://news.google.com/rss/articles/CBMisgFBVV95cUxNQUpuSWdUU2JlNnJidzIyNGpMZjNwc2JaWWIzUWd4UDRVRmpQWmJLdGMyZzAtVzZXeGd2UU9LbHc1V25TNUhoaENTY0t0VnIwUFFyRy1iY1NjYVo3am4taUg4X1J1RklXbFdnTlFfc0dOd3hpTTlJT2pQVms2RExTY1RQZ0VIVHF2YjVQSWJvQmJkdGZ4RUFIb3hXNGhfOFJ4aDMzMEdXTDBodWo0SDhvVlB3?oc=5,2025-09-24 08:00:00,MCE TV,France,FR
Qualcomm dévoile ses ambitions et annonce l’arrivée des smartphones 6G dès 2028 - PhonAndroid,https://news.google.com/rss/articles/CBMisAFBVV95cUxPWHBxa1M4LTZvdi1XVTJGZFFZQkdkazBIakQ4UXFSYjdMSzNpVG9waVBsaS1JN19NU0w3LUJPN3dJWndqWWd3S08xS0tHN0tiSndWdkZFLW5iRm4tS3dMeHhCR3lMT0pqZWNJVTdXSFRkR3FtRlcxRjAtNDJ5bTQzb0dpeUxtc3NzbFZaVzI4cF9ucDBEYlpFWFU0ZVFkZFZlNWp2UzRBSW1QdlFRS0dvZA?oc=5,2025-09-24 08:00:00,PhonAndroid,France,FR
6G : Nokia mise sur l’IA pour booster la portée et réduire les coûts du réseau - Univers Freebox,https://news.google.com/rss/articles/CBMivgFBVV95cUxPQUg4UDFhTDZHRTJ4ZDVFRzY0aGhEcnUwTVV3ODZaUGg0TDctWlVkNHItelFiTUtzWDFJaEZJSkR0ZExBMUNiMUhPZnlTaG1uNmNCMzZwdERHaGVjb0VnbEpsU3owd0lCTlJBbE5kWk1JQ2NvM2Nnb3pMOFY2WVdDM19HeUdQREdnNHZiTjdhSUxfdzFLSnNld1NUY3E3M05yM1hXSVFIWFRIRUVCTlpYZEE0M1RJbHVwQ2pTdmVn0gHDAUFVX3lxTE8yN2RBdVpDTmktN1J4elRBWElEX184MDg0MU1iR1UzYUtpRFdET0pzbS02MXhCeU5vNXJRekhCemFwY0JnakNGcjRDRkQ4ODZVQWhVenN5Z19taUhCbjlIbHhrUms1MHRnZjBLTC11bXpiSXllbDFFR0RpbUNENzMyQUhlVUNDQjh4aF9JOTZUcVpMVlZ3ZUJ0OTM1YjBpcjVhdGRhX3haYVR1enFpSlAtRlduaE4zYXhaZS1sWF8wbjY1dw?oc=5,2025-11-04 08:00:00,Univers Freebox,France,FR
"La 6G se prépare. Et oui, c’est français ! - CNET France",https://news.google.com/rss/articles/CBMihgFBVV95cUxQS0loUUw0UlRfbkttbTQzQUozU2I3ZzhqZUxFTHJQb2Q0Z0twMzZvWGx4ZDdqeXVZVmtKS0p6eEFQY0EyTFlmVHluQUNiVEtqa0EtbEdwRzBuMmVtU3FJYUs4eEs2amZaMjlVeVhReVVXdlhfR21lUm1NSXhvNTlNaTd6eDJFdw?oc=5,2025-03-29 07:00:00,CNET France,France,FR
Qualcomm prépare la 6G pour 2028 et mise sur « l’IA partout » - ZDNET,https://news.google.com/rss/articles/CBMioAFBVV95cUxPaXQ0Y1Fzekt6akZyNGJXeE5CdVlwQ2Y4UWhsTG1CYUtfUVAwT2t4WWpaZEFISXZMYlVOTlNKT1M5MS16b3JUa0lqVHFYV1J2elhOTkxmeVZRU0toeVF1dzBZSkVjaThkMmhkOXFybFlLa1dxOE5EUFdKLTFWMlJTUkxnSlk2Y1E1U2hPSm9HVDdxMU9fV0lxYXZWWHNJaTAx?oc=5,2025-09-24 08:00:00,ZDNET,France,FR
"La 6G, est‑ce vraiment important ? - Business AM",https://news.google.com/rss/articles/CBMic0FVX3lxTE5hcGg0M2llVjl3LU5wUGdiNVRlVW5fSnVxcDdrSWlvejlXYURBQU9QRVRNT0VBTWQwYklQeTItWXFuVW1BSEtFMlpkRDFjVFNneUxEU0FTYjlzSGtMQnhwWTk1UjlKaG1CcUVLZUN6OEFma2M?oc=5,2025-12-31 08:00:00,Business AM,France,FR
Les grands opérateurs veulent passer à la 6G en douceur - Mobile World Live,https://news.google.com/rss/articles/CBMimwFBVV95cUxOSkw0X0dMUlhPZUM4bzV5Z1VaOTlmVTlrN0V1MmcwdEl1VmdORExfM1dGY19vYXpEQlFlWk9GNFpoTTJSVGIzRFdVLUVKNWtIS2gyLUdqUENEdklrckx2dGc0OWo1a2lGeFppX0ZHakgwNER5OXY0OFdfc3JOUGZELVBnZHJFSDc5NU1mU1BwYWJZX3JPME1GNk9hVQ?oc=5,2025-06-11 08:00:00,Mobile World Live,France,FR
"La mort annoncée de la 2G et 3G, la 6G à nos portes - Les Affaires",https://news.google.com/rss/articles/CBMibEFVX3lxTFAzZzAzQ1c5Uy0zUzRlUEEzZVlLcmkxV3R5NERpSXFOQzY0VndVMlJrTllpbWVjSDZJQ3YxTnBqaWoteUIwVVhFaWJRTkI2Nm1feFREU0JHUkU0X2hlU3BoclNlTFItZ3pWcWJkRw?oc=5,2025-08-28 08:00:00,Les Affaires,France,FR
La 6G bientôt disponible en Chine - Lepetitjournal.com,https://news.google.com/rss/articles/CBMimgFBVV95cUxQMHdVQi1hTW5oSlBlem5JVE9ZU0UtbWdUNnpnQnJzSUtrbWhidk9vN1ZLT2tPRGVBek1yNXc3d1dvUUh6bm5LUVM3b1N2TXJRa1RYUjdkODdhVXpJXzRpYmVnNkFyS1pFcENmcWNNN3M5VElRdks0WVF2Q2tYXzV2TUZ5Y213eWV1T3NjcDhPYTRwbzN6VlpDbWhn?oc=5,2025-04-06 08:00:00,Lepetitjournal.com,France,FR
6G : comment la France se prépare pour le prochain réseau mobile - lebigdata.fr,https://news.google.com/rss/articles/CBMikAFBVV95cUxQTUJiWkRtT2tJVUdCVEMtaDQ5Y1NRdGsxTlRfZmFDbzdaMFpkTWpTTTllbWg4UHJMTExhdzdHc2JOTk9icFVFWDlvSXhseVZwZ2hENDduTDFZZzNwSnNzeHVRblhVTXdSakFEbXE2SWZXRDJEd2pGdllrV19RYW1iSlpmMGh3VDJTd29yY2ZBaGI?oc=5,2025-11-25 08:00:00,lebigdata.fr,France,FR
"Les premiers appareils compatibles 6G arriveront dès 2028, selon Qualcomm - L'Usine Digitale",https://news.google.com/rss/articles/CBMiuwFBVV95cUxQMEFXY0dnLVdHbG8yaE1iMW1EOFB5bVEzVkhQOEJQY1hTM2VpMi1MQ25OMmVDRUFyWGFhT3lsV05BSzlpYXNxS0tlOENRX3dwcjhkeG9IYmZ5RkFyMWNEUEZGS3dBNlBnUVQtbVdSVmtsVEtIZHRBYlhVRy14WWFXcTh1X1VZQ0xFSTFSWGFZRVBQWkJvTUdtb1dPZThnUHdCN1pod09XYlNMU2EyRUhhMEpqRzRRcnpxSDNv?oc=5,2025-09-25 08:00:00,L'Usine Digitale,France,FR
Ericsson prend la tête du développement de la 6G en Europe - ZDNET,https://news.google.com/rss/articles/CBMiowFBVV95cUxOWlR2Z3RmcXF3OE1NazVCRUZubGNtaHZhNHYwMmpZNDFOSmc5aG1vMjFESXlKRjdZQUJzM0J2cV9pUWxDeXpvdEh6cmRZYXdLZFg3ZkNVY1BFOGVJcUlBVGNQZDJZSmlrR2toc01nSmdmRDRhdlNZSk1XLUk0R0l2MVVKRy1mNVpsSTBPZFUwQ3M5M3Q2eEdPcDY5NEtpb3R4dHlR?oc=5,2025-05-07 08:00:00,ZDNET,France,FR
Nvidia et Nokia s’unissent pour bâtir la 6G pilotée par l’intelligence artificielle - IGN France,https://news.google.com/rss/articles/CBMiugFBVV95cUxNZzk0dEhlbFEwR2ZoQzVyT3BhTnl1X2RYazFkZzgzbkUyOWR4R3RTQUdoQ3VXVE5OV1RfbVNST1N3R0lGbENFRWZLbm5XRGNSTVJURWdZTUU1ZmNiRWZnNGM3Qm5Zb2RRZE9ENVNhRXlxVWJydndNNW1Hdkx3bElsbzYza2htLW9qOTNxd1JncjlWZDRkQWNSc0RQYlg4YmVvSDd6d1ZNWG1wbk11ZTJ0aTg3V0duajdRelE?oc=5,2025-10-30 07:00:00,IGN France,France,FR
"« On essaie de pousser les limites » : Nokia se projette sur l'après-6G, le satellite et le futur de la fibre - Les Echos",https://news.google.com/rss/articles/CBMi6gFBVV95cUxNZ09YSU9lZlVTZ0lCOEJZd0VoV09lS19yWVQtenVJQVhaUGJsNzlJcERXM2ExTWpMYkJQcHhraWVaTFZvbkNqZVVfb0JaZE8yQ01TNl9FS1NUWkJHUDBXQXItN3hQY0FaR2dXUzVZTlNlcHVFZFRTMVBoZWhqNG9hSnBxNUd2alRYQzNjbmlfZmhUd1VhTm5PeGoxV3BPaGx3aVhQNmJVRjgyVmk2THc4TWpLSEV6dVhPcUhJaTlLMEtkODh2WWVOejZXaWhwblh0RlAzS0RvNlpzYmtqWVBUeGdISVJtRGRPTVE?oc=5,2025-06-18 08:00:00,Les Echos,France,FR
6G en Europe : ça bouge du côté des opérateurs ! - selectra.info,https://news.google.com/rss/articles/CBMimAFBVV95cUxPYUQ1WnRBMEltdzByUVdzd3hNR0pPcU84Q0k3aWNJb0JHX1lHVUdNWkRqSUFoSEFUS3RfT2xvSHFrRVVCazVNd0xoSnJHWDZWd1V3OXVCdDVxTkVNUWRVcy1RbHQ0UnZMOWZGdTIzdy1CdDhwYWF1eWlxaWpZaWhRTnNCamFvRWZDVzBsVjdfZFNWVGdUaDdRSg?oc=5,2025-05-12 08:00:00,selectra.info,France,FR
Le développement de la norme 6G scrutée par Apple - Le Monde Informatique,https://news.google.com/rss/articles/CBMisAFBVV95cUxNdDNBdzNSQmxQbHJxVGJBWTJYU044UFVteDMycFpmbl9oX2t5bWdrTEdfUHE3OXo2RldsOFZwVHR3dWMzT24wU0h2dHlFaXY4N21KRldvcXFpeDRlZ09MU09zd1EwWEFXWWt2VWhNbzd6RWQ5T3NzSEhVY2NHUEZXUjFEQ3B4NFVHTkR4bTB6clNaUzY4ak5zekM5ay1vTnZ4SmFWOFFJWmVsUk44ZWFHWdIBtAFBVV95cUxPVmExMGFaR0RucGZKMUZWVFNLTDZoMkxjZGQ2NmZKSmdueGNTWHRjdnhBdkRLbjF6c1dUSWYxbkFCSk5NRS10UW5ZbU95N3lHU2hEY1BocXpkX0g3SE5QR2NlbVpacEJuYnR1ZGVGWU1qdUJfS21NSXZIanY0MVZWdFhwNVVHQnFDYzNNUzhOVmYwaDdtYV9Oa1p0bWlPYVJCNHBHOElrWktlT0VQWTlDd0xDVms?oc=5,2025-04-09 08:00:00,Le Monde Informatique,France,FR
Qualcomm annonce un premier smartphone 6G pour 2028 (mais vous devrez patienter un peu plus) - Presse-citron,https://news.google.com/rss/articles/CBMiakFVX3lxTE9DRXhUTG9JR0ZkdGx6MWJlbHNhdmw2NnBLNlUwQTk5eXpjTXM4UnE0OWdoSUhCcnlvd1VtUWtVaDJra1RoNUh2UzhmVEtTdkY3LW9YUlFnWnZEdDBGd3lvWlJueDhtZ3NCSGc?oc=5,2025-09-24 08:00:00,Presse-citron,France,FR
"ZDNET Morning 13/11/2025 : Wi-Fi ou 6G ? Maj W10 ESU, L'échec des formations anti-phishing, ... - ZDNET",https://news.google.com/rss/articles/CBMixgFBVV95cUxNaVExakpwNW0ybXMya0VPWVNCUmtoVm50SWFVdnlGWmF4YWhRcmkzcklfbFdOYkJxZ1pzNlZWendoVFd5WHd3ZDR1blhTZDk5S253M2Q2TWdzVjhHaWpLbmM4UU5sc2g1SHpPWmFiRld4QUxqSzRsQ1RHNko3eGYwWU5lQkZmb0RlYzdadUV2QVE2UURMa2RjWnBzWkZXSWhzYzFRWXViWDBDU195dGRzNVpRQm8weTRGLTdwVllxY1ZMZGx1NWc?oc=5,2025-11-14 08:00:00,ZDNET,France,FR
Xenoco remporte le contrat de développement de l'OBC pour le projet de satellite de communications en orbite basse 6G de KAI. - 벤처스퀘어,https://news.google.com/rss/articles/CBMiU0FVX3lxTE5yck9pY3MwYmFYcC1FTHdWV19NOFJFNUc4d3VzWWhfcWk4NEJXQkcydjItcGphTk1fNkMwajMwODdwNHFsX0lxNDRZbXRLVTdiNktn?oc=5,2026-02-11 07:36:34,벤처스퀘어,France,FR
Nokia et Rohde & Schwarz testent un récepteur 6G dopé à l'IA - ABC Bourse,https://news.google.com/rss/articles/CBMipgFBVV95cUxQMjhQNEh6QjVpb1NOcjgxSDFLYUlVWkVTdDQ5a3BJVmFfRnh6MEQwM0xVR0cyOTh3RGdwNEEyajBrejI3UzgzUmxjeFZ1TWVtZVgyNHdKYzh2cVBCbzN5LWJZNldtU19Tc3Q2ZTY3RVBiMFRUcmhPT3JIMkdvVjUwd3RtN0hfWk1neExGWVJZV3lQSnZCanVSUnNwNmFLT2l4Sk1vY2N3?oc=5,2025-11-03 08:00:00,ABC Bourse,France,FR
NVIDIA s’allie à Nokia pour bâtir l’infrastructure 6G grâce à la puissance de l’intelligence artificielle - HardwareCooking,https://news.google.com/rss/articles/CBMib0FVX3lxTE1wdVhyZ0RrenpYRkx0QWkxblF5dU9WVXV0RDQ2Q1lrQ3BpaGJHVTdKVm9hbXQ5LVlDN0xDTHN0RlY1TjNRMTduczJOU0RKczhwQ3FlRzRpY1JEY1FjZmIzX1VuU3V3LUlFWkhIQVFKMA?oc=5,2025-10-28 07:00:00,HardwareCooking,France,FR
Des chercheurs chinois et américains collaborent sur une puce 6G - Lepetitjournal.com,https://news.google.com/rss/articles/CBMiwwFBVV95cUxQSmd1RHplZ3M2amE4RGx4VHFIV3prSVBxNjhIQVgxMDh2c1QxX19ZRTR1bEtCX3ZaZVJ5Q0dDdEdBS2hCRjNKOG1yVDlJeUFhOFBMQXBOVUx2b2M1QXUtRjJ2c2dyRmlWb3BqdVdOV2ZQUExfSldLdGhEZmJfYk8xSTFIWVZHbTB6TEV3VnE2Uktlc1BFV25BTnhDc29qVFJKMEdNdEJQeW5RWU5OcEZ1NmlFS1RmTEVJLUpnZjhKaS1lM1E?oc=5,2025-09-21 08:00:00,Lepetitjournal.com,France,FR
Un pays européen prend de l’avance dans la course à la 6G : « Pouvoir répondre à l’évolution de la demande - RTL Info,https://news.google.com/rss/articles/CBMi1AFBVV95cUxNU05SdTFYUVVaVTIzZ3dDNEtyd1dCQjJqbnRaM2hyYjN6bTF1ZmgycFh5d09EYzZ4Nm9OZ0x2RlVJcGdTMkZQRDRVZVBrUVlfZGI5X3NpQnZRbkJmWDhrb3d3TFgybk9xRXlHbHM3dmhoVnZIc3ZXVnhuYnBXejZCZ1JMckxMSGJ3Nm5oODlwMWVqVnluNzAxQUU1Ni1EVTFpUnAtSVpCRmZTNWJneU8xWFV1YklLOGk0MnBqTmVwaS02ZzUtRVc5djVUN3Ryam9Lb3UydQ?oc=5,2026-01-13 08:00:00,RTL Info,France,FR
Ericsson France propulse l'Europe vers la 6G avec le prometteur projet MIRAI - Clubic,https://news.google.com/rss/articles/CBMivgFBVV95cUxPVXF6aWVQOU5KYi1ldVozQThROVd2MVFoYlRtaDBHT0tmb3VwNUFZN2VSaDQ0YTdrRkZsQm5HZW9RU2FBeTBIbjdIZjIzTVBoSWRqelNKcHU2N1I1TVhnNU9WajRTRC1TcFRNZjZpMWZrNzRiQTdRSG9ZSjF2SVdpay0ydkQtNGZ0V0E5Q1JxS09odW1XckcxbC1TRHN1LWltWmNkSDNuem40TGM5Q2JlekpKSEZwMjR2UndBbl9n?oc=5,2025-05-06 08:00:00,Clubic,France,FR
Orange et d’autres opérateurs préparent la 6G et réclament davantage de ressources - Univers Freebox,https://news.google.com/rss/articles/CBMixgFBVV95cUxNa0JSVFhoa3k4aGpoakswTmthVjd2Z2V0bGI5ZmlvS2NuLTJsOWRod21LTFBKR0FWWlhGOUVwY3lrMXdxU2stMVdIc2JBZ1lscEM4cmdLQ1c3cFNYQ0ZvX1g0QnpZQjBWU2hOVFNfRlZjdlkyVlRHSVlZaDJWMk11R1BUbktWM3dRSWNQVy1wX0M5RS14VTlxVC1oWkJHOHQ1RGFRYzRSMjZfT0VtZmhaeWR0aTNxRG8tNDVkOWJ0LU1SU2x6UVHSAcsBQVVfeXFMT3ZhTTJDRHpBVzV2RW9sbWFZbVo1ejNoTzlrZEczTG1tVVBkaktQTG5XTW9xUFBxa1RXaGt1dks4bzZRZ2NHQnItRGV0c3NscHZvNzd1VjlzUFdZenJDOGE3TFZEbkVpN1FnNGM4M29Ed3U3a1ZWbmZlYmtUMnd3VWFiODFOekRpOVlRVVNWY1EtdEs0SXc2UUg1aURsRlVISmc1V2VZZDFHVVJqYmJyQl92alBQblVaMjMyakotaDB6QWs1bV8zeUZuMm8?oc=5,2025-05-12 08:00:00,Univers Freebox,France,FR
"""Une lutte acharnée entre les réseaux mobiles et le Wi-Fi"" : pourquoi le lancement de la 6G est menacé en Europe - Frandroid",https://news.google.com/rss/articles/CBMi4gFBVV95cUxOZFZXa1BFUE0ySmp0RjU4ZEtkS0lBeU5CREEtajZsajhQUFN3UkMxeXA5bmtua2V5LXZHM1l1ZEJpV1BxZnY3MUxQMV8tem5PVzJMY2h2MlExaEpzSGtfRE1NdGJYYkJXcUlNaExqcFF1QTY3U0daOHZ2aEtEcHFDZ1ZjOUdUZEUxRW56NFVpRkxndG9EMHR1WlRHdl9aREs1bmNXQ09UZldJQnR2bVdPdF9wZ2dqWllFdkxPc0hqRTNNWlV3TnBLUFBkVWM3eE8xTzBRcDZMM3JrLWdtSERsS193?oc=5,2025-05-13 08:00:00,Frandroid,France,FR
Brouiller des F-35 en quelques secondes : La Chine prépare la première arme de guerre électronique 6G au monde - Sciencepost,https://news.google.com/rss/articles/CBMizAFBVV95cUxNZ0VsRkRBMkRZVmFrdERMLVhwa3BZOUd4NW91WGZhbklKdkh6a2N4RFR4NDA0RU45T3NWdEd1U1RoYnc2V1ZvS0FJTjF4TTB3VG9qQTRtNnBWMzc5Vkp5Vlo2MnR4WlU0WGdsLU9wcFFEa0xNOG9LQUlUTk5jd2VaWkdUV1liOHlYVEs3cS1uYWthWjlpZGRmVWFvVjVlYVo2RjQ1WDFhekR4S1g5bVN5VWowMmNvd1FJVi1pWElSbGpFYnREaVlMeG53bGU?oc=5,2025-06-30 08:00:00,Sciencepost,France,FR
« Dix à cent fois plus performante que la 5G » : des chercheurs bordelais développent une puce 6G - Sud Ouest,https://news.google.com/rss/articles/CBMi5wFBVV95cUxOYTR5cW94NlNlTG9IcXl5QWlwOF9VN2UxZUJPY0FBV3R0eXZKelVJdmxmUTM2UTRtVFNDdGFEaFlJb1d1SEdvSFh6Y2lGbVhFd3oyaVBwTEhGZ01CMjAxNXl3LWd5WFY3TkFkQzlhaG96ZTNJSnFLeE1zZGczSzJYbTBTbmJpRHA0WURoVkd5Rm12NU5pbzYzV1AxYUw4dDdEUDY2OFNoTmhRRTFBeE9NNjBjSnpkNHVYS3FiLW5yX0FwRGxHbkxWc3dXV0xtWWJjOHlqMElCSWZpYzZNNjZqcUZtdUgxMU0?oc=5,2025-03-28 07:00:00,Sud Ouest,France,FR
"6G : le successeur de la 5G sera plus rapide, plus stable et plus inclusif - Business AM",https://news.google.com/rss/articles/CBMingFBVV95cUxNVGZjVEFHSzJzNUZUZ0I2a3JzLWJXMWdyS3N6Wko1UHRhSGpPajJuMzNBaW51RjJDVUpuSkxyNFNFV1E1V00zSWI4MFVDaWZMTjQ3LVhRVTcwemFHVWVVVVY1YXFJbWpkUG9nNEZRMWEwVndfYm5OdXNuSTY4OE04VzItLW5XNmVYZVhqQUd1Y3hGNWlLSjdGdDB1OVBxQQ?oc=5,2025-10-12 08:00:00,Business AM,France,FR
Nvidia mise un milliard sur Nokia pour dominer la 6G avec l’IA - TechRadar,https://news.google.com/rss/articles/CBMiogFBVV95cUxOUFdRd1RYSU02SHJOa3FXSmRLU0ZkRFZ4QWpjaG1VZ0gzRG9BT0ZBdExxZ3M5MzIxRmxab0w3c1ZIQXFGWVo0ZW1fUVNwZ3BaYjhTZ29HZVk1OUNIY09VOFpzR3FnVFJNRWlXWDFIRVJ6bVJlTy1rV3YxU01qUXhEY2hIeU1tS3BYNUVIV2NXQllGM0JWbk42NFpzeVJRdTROY1E?oc=5,2025-10-30 07:00:00,TechRadar,France,FR
Test Monitor Audio Gold 100 6G : une enceinte Hifi moniteur trois voies qui s'inscrit dans la modernité et l'excellence - ON-mag.fr,https://news.google.com/rss/articles/CBMiigJBVV95cUxOQk9mMDN5VmZGbGt4aXBfWmRRaFdCS0w4aGFONXpQMEt2aEl4b1FDSk1fMkNrVkVhb1pMWnd4TzI4U0NxRzJhcVdNYWtRSnFncGV5Zkk0TGJRdnNLSFNCdllXalBUMV9EdmRoMzRQVWxvY195aThPelViekVjaXhySEg4dEJ6NDBlQXQ2TVoxZHlINXNUQXViY05IaHNNLUdkQnpTSmxiVDN1NWdWUjJKTnFlM3lsOWtONFRiU2VTYWZld2Jzb1J5OVhyeWRvVl8zV3VjMWE3VHpQX3BzMXZESnN4YkZMaEFsZ1RkbFZWaHVudVZUUEg5eENhOWw4Z3k2cll2bUNfamhyUQ?oc=5,2025-03-03 08:00:00,ON-mag.fr,France,FR
La révolution 6G : des chercheurs bordelais développent une puce ultra-rapide 100% européenne ! - AquitaineOnLine,https://news.google.com/rss/articles/CBMirAFBVV95cUxOZHdldi1BQ1FMVF9rX1dESGpnYjB4NmNaMnh5MGFkZk51NFJuaUtyd3k4YlViRVhweEdZTTFtWWEwWXRiQWd3ZEFyaW9PdFZxdFRoT2l0eGNEVzNMZUx2bmQtNE5vbzlqX1Q3ZzJleUxkUkowR1NCelY1Ny1vbUxFRjNsTm0xMVc3Qmw2dkgwSjg2M3hkU2EweElEWjRZTkdjY2xfbGNXNm5wRjBJ?oc=5,2025-03-27 07:00:00,AquitaineOnLine,France,FR
"L’Arcep sonde les opérateurs sur l’avenir des fréquences mobiles en France, leur réattribution, la 6G et plus encore - Univers Freebox",https://news.google.com/rss/articles/CBMi7wFBVV95cUxQUnYyLVdqZldNNEVRX2Z3VTM0aFFNc3RwU3NiNEplR0dQVjcydG5VQ1dQV2VuYU9tMmh1VVNqRHZ2R29LZ2hKeFE0WmdGbE9QNzJZZlltT1RYM09UcmdlYmlNRzNoMzR3MHJkTnhLTURZR0JHNWRXNnI1THFqMVV3WTBkcFRjOG5teVFUMEc5eWJHbGNINjNEVmJVMTdDd0hNdkxXT3B2LUk0ZHRkRFVNOXJ0U1J4bnpCdlh5QUMzN2h6SmN5WVcyT0l5c0xCSlBhUEFfS2VmRkJ4VGZQYlo2MGhHd3ZNWDhiZlVMQ3hha9IB9AFBVV95cUxQTHV3TU9jRjhXd291MFV5SlZ6eVZqM2VnWXNha2dudFAycVdvdm1Wd2ZRaVl0MzZ6VHZqRjh4QkktaTlMUFhhblFJZnRKVDhqLUwwdHdiLXZuNGJzQjF5R1FoTkM4LVUwRTg3VkNyV2RIZUc1RkdJY1RRdGRWRDVvYmNGWlljanVSUFJXVEt2TUhLRmlHYVBENnptN0hJNC13dUl1MWRMdVAzaF9RSi1DMmZHa1RUMUhqSGZZNzRJaTdWQk54SVBrMFdIYVdzeW16OVlCLW5FWk1ubk5ENnhYYnAzMm1fVlJCRjhsTkJPNkc2Snla?oc=5,2025-10-31 07:00:00,Univers Freebox,France,FR
Le Royaume-Uni ouvre la voie pour la 6G - L'Echo,https://news.google.com/rss/articles/CBMingFBVV95cUxQWl9wT3Q5eU1Jd3RiMDhMR1FFTkNKTkJxRW5KdzB0QXlXbkJrVk9mWUhwRDd2aDMxOTVTOUcyNWtCcGNQaEphX1dERjQwV1E3Z1Y0YlMxN3JfZXVqclkxWG96elpuUGZEdWhkUGVNdDhPNUhJVkVzWGZsOGxlTXEyVExMTU1qNnpqUXlvLUw4Z0lJQ1pMb3REYVdsOXE2dw?oc=5,2026-01-12 08:00:00,L'Echo,France,FR
"La Chine dévoile la première puce 6G au monde, 100 fois plus rapide que la 5G - Le Matin.ma",https://news.google.com/rss/articles/CBMimAFBVV95cUxPRnZxcEpxdFk3RW1nTmtHQ3Z5bG1KM2NVWmpiWmM1VUNNaXJaQ1lQZnQ3UVRNVkNjZmFvcURROWlxNkdKY0dWOFA3aUhpZUs0SzZpa3JJajF6aHFKWTRuNnZkU0xlMHhtZ3pWc1lVVk50QWdvZ0d1cEJsbjBlYXRUZEVPU0hvWFFENEQtNlh0YU9GYXBNT29Hc9IBngFBVV95cUxOVGNJZktCcHdha2k0dXJoVDQ3OG1nY0QybUl5dXl0aEJKS3d4TEt3YllMZHNHYzBldkRLdEZBOXg1Q05jdmJHVXY0VEtiNDExRUU5V25oVk9MbWRldm9URnlDSzhrYlM0d3BNdTQ2bUN2WUNqaEdZUkhuLWpvTUVwdkp3aEQ4Y05selR3N1NIVXhYeEJib2dBN01yZVVjQQ?oc=5,2025-09-02 08:00:00,Le Matin.ma,France,FR
Évoquée par Donald Trump: qu’est-ce que la 6G? - 24heures.ca,https://news.google.com/rss/articles/CBMihAFBVV95cUxNUjZrS1Bac1Q2WW40c2k0T2lZa3lpSmpQeDFvbzFQRUxWb3VtbjBOUENYYkVCWDBEeVNUdmJoeFdVYl9BWXlGaHNmSVZ1ZXpaWVpKcFpsM3VvYkFBVVFyU21fakRtUThBZk9qUDJQbUFzSGhhZzNwczNIb0d4TzdMSmhzaG0?oc=5,2025-05-21 08:00:00,24heures.ca,France,FR
Réseau 6G : 12 opérateurs mobiles européens plaident pour plus de bandes de fréquence - RTBF,https://news.google.com/rss/articles/CBMivAFBVV95cUxQRXhRUEszZTFtTUVnZDVwNDQwOWl5WWctanRYa0RaRFpRSDRBNUY4YnpNTVVhSU4xakZnSGFTVVptVEdwM1NhZmJqWW1oNDNBZ0labzBCTlJJTVIyUnh3VTAtQWRTaW9uWWNhbVpqR0lUS3BPb0RBTTJXYm1sOUpvZXVFa1kyY0hETnlweDhyblIxMVllN080SjZ3ZFhtaUd6RFNvMUlRNXdVR3lBVXAyZmV2dXpPckxjbXYyeA?oc=5,2025-05-07 08:00:00,RTBF,France,FR
Les premiers téléphones 6G pourraient arriver sur le marché en 2028 - Le Matin.ma,https://news.google.com/rss/articles/CBMimAFBVV95cUxONXFYVUtBWnVGM2hYTG9aWE9UZ3ozbV9yenRsTzNSUC1RMHctN19KcjVHMmZJdWlMVUVHZ2w3ZkxPRzYtRHhyNFlKZVZFck9jczY1LUpLZElNSVByZ0k4T2VpdVB1Slc0SmhXbmRLM1RwME9CVmd5Qy1jQVQ1ekhzdHR2eGVZbjVXUGVSczdkdFMxdUNUa2xoVNIBngFBVV95cUxNRVJqUVRLWG5XYXpUX0VpZURGeGlIM2JwbU5SZFFrdGpDSkpOREwtSlFJSUFQQk9hUFVIeW5BeW1JS1RYUVhjS0NvVDRPSm9KMm9fdHkwLVk2RGFTMWRsVWdYQkV3dDY2YjNVczJjZGFWa0NZNHZxUFhHUThjWW5oM1RWNUZhV09hZTBtdk9TTEdFcFVJOG8xQUZZS3hCZw?oc=5,2025-10-03 08:00:00,Le Matin.ma,France,FR
"La 6G chinoise, vers une ère d’intelligence mondiale - Guinéenews",https://news.google.com/rss/articles/CBMijgFBVV95cUxNX0NoeUF0MzQyNnJWQk9mTk9yZTZwUHEtc2R4Nk9hNDN0c1g5NkF3YV93LU9xaE1uemhmeFF5Sy1jUy1QZjJvSGxweFVWN2NiV0M0NFJaRS1iaGdadXJTOC03YVZvVzN5LVpaYUZ5dUYyNHpGS3lKRERvZVFBd1p4d2lieWI0YVFvaGY5aDFn0gGOAUFVX3lxTE1fQ2h5QXQzNDI2clZCT2ZOT3JlNnBQcS1zZHg2T2E0M3RzWDk2QXdhX3ctT3FoTW56aGZ4UXlLLWNTLVBmMm9IbHB4VVY3Y2JXQzQ0UlpFLWJoZ1p1clM4LTdhVm9XM3ktWlphRnl1RjI0ekZLeUpERG9lUUF3Wnh3aWJ5YjRhUW9oZjloMWc?oc=5,2025-07-22 08:00:00,Guinéenews,France,FR
Un fonds de 6G$ pour doubler les exportations hors États-Unis - Les Affaires,https://news.google.com/rss/articles/CBMixgFBVV95cUxQLUdiRWp2SEpmSkNLZ3RWdXp2TWJISE9xQVJyWFE1MXF2NmRJNjZLT1ItT3ptQ0ZyRENUUHdzMllvOE55UUJOQ1VHNDlkVUZKN2wxRDVlZXlyOGNtemZuYnJzN2k0cEQwd1Q1ZVVXWjhzX3Jwd0ZkenhhR1ZweE1QYU9CNXNndHAyTXY1S2N4THB0bHJkYkh5QjVOTmxCSDI2WFp3Q0xna1RodGszZWdIem4waGdQMW45NnR0TjRwbUhYZVU1RHc?oc=5,2025-11-21 08:00:00,Les Affaires,France,FR
NVIDIA et Nokia lancent l’AI-RAN pour préparer la 6G et remodeler les réseaux mobiles - Kingofgeek,https://news.google.com/rss/articles/CBMiakFVX3lxTFBHWkpQd2hjaGx2WWo2T0pMS3U0S1VGOVhYZmh3ZkkzMzhLZTc4REZ2WWZIajlTUndHVUNNdUYzMU4zaGRfWTBOMTBsaDdkcUxNRmxQajZ1c1B2cXpTNUY0THVoajA0TFBNUkE?oc=5,2025-10-28 07:00:00,Kingofgeek,France,FR
Orange a une petite idée de quand lancer la 6G en France - L'Éclaireur Fnac,https://news.google.com/rss/articles/CBMiogFBVV95cUxQY3NxYmpXRnNVSDBkbjdKNzkxdjJPMmpKRnJVQzFXQ01obEtIdFNwTnRMVm5Xekc4UDVLM19LODdmVlJ5US1ULVl1NUhEMFV0TGNvWFV5aHNrYWk0X29IODVkbW82QnZPdnEwUGc3SDlaR3JFTjI3RmdjQUd3LVJzVU05YWlLY1ZMQmFfVnpaUUJ1Uk1hc2JPTHV1TmJXRVpsR0E?oc=5,2024-05-18 08:00:00,L'Éclaireur Fnac,France,FR
"6G, Wi-Fi 8 en satellieten: zo verandert het netwerk onder je smartphone - Draadbreuk.nl",https://news.google.com/rss/articles/CBMigAFBVV95cUxPN19PTXJxRVFkNUJENWJTUkNiaXFoS3pVMGZtVWcxRkZ0b3N5cXgwSHpaVlNveVI2c1JSMG0zTmpoZTBVMDZiSXJ3UTN0Rk9Hb2ZqcmFhQVJmTXpaX2JBTDhVZ2Z5NE5MZWYzR1oxYkUtYXk3THBJeWpJaXVsa1R1eQ?oc=5,2026-02-10 15:55:00,Draadbreuk.nl,Netherlands,NL
Nieuw soort fotonische chip voor 6G draadloze communicatie - Engineeringnet,https://news.google.com/rss/articles/CBMiWkFVX3lxTE5TNWxRdUdvNkY3QlZSNjVsS0J3VWVUdWMzcTQ0RFc2N3l5V0hpZ0xXWDBfeEZSUkhFejBDLXdKeXpkV1hKTDlGNWw4NGFjSWlCNjNoRE1sZFRvZw?oc=5,2026-02-04 15:46:16,Engineeringnet,Netherlands,NL
Nationaal 6G Testbed van start - Computable.nl,https://news.google.com/rss/articles/CBMid0FVX3lxTFBtazNKRkd2UVZHS05VZGdQRE5UcnNhNWRPZEM3UU5Kel94MndQemZZVkpOU0NZWFowMWV2bFdUZDdQZGgzM1E2czNBLVRlZUR6THVnNnBGUUgxZHJqTjVKV0FxY2w2RVE1OWgyWUQyek9VUkI3b1RF?oc=5,2025-10-07 08:00:00,Computable.nl,Netherlands,NL
Nederland positioneert zich op MWC Barcelona 2026 met focus op digitale soevereiniteit en 6G - Telecompaper,https://news.google.com/rss/articles/CBMi0wFBVV95cUxOSm9LWXkwZHNkYlNjSG5LSnlhcFh0MXVlU0NyOENOZzd6SWxOLTBidUJaUFRvdGYzcGZXaVdTTUNrUDdEOWxmM0ZzeS1ZNzBmYm9ENEg4T2N2RXFMaEdNclo0RHU4VW96V2hjSzJsX0ljRVRlNXVwbkNUSVVvVDhSQ0FESmkzSXVYdHBxLXBNaWkxZVRRZjVmOHJ2cGNETGZRZHNHVXdjYS1PUzlQMTdMSlRRcjhTTkowaDg4OW5DV19KRHBHV2RHS2ZyaTRXS3hlSDJn?oc=5,2026-02-11 14:48:59,Telecompaper,Netherlands,NL
"Belangrijk EU-adviesorgaan: geef 6GHz-band aan 6G, niet aan wifi - Tweakers",https://news.google.com/rss/articles/CBMipAFBVV95cUxOMTR2SG51am5naVJQcHM1d0QzSjVKT2FNYjNhQ1VJaEZzNTB4NXJMY0NYdXdFTkJWWUp3NlRTNDdmM01QSFpOdUpfWEZqVGJTcklqa1hzcXJZSjk3MmpyZ0YtaDRtb3J3U1FHTVV0RW1YRzZLMzFGTkxpRmp4VWdDaTlwNzJBRTJpSlN4cG5RRWkzRXU3MjZCU3V0RlFYSzlXR0pheA?oc=5,2025-11-18 08:00:00,Tweakers,Netherlands,NL
Straks hebben we allemaal 6G op onze smartphone: dit kun je ermee - Welingelichte Kringen,https://news.google.com/rss/articles/CBMiqAFBVV95cUxNUmZRZjk0VkJTN3VpWWxsWWMzUVBGNWc1amhNdk9lMXF0cndLaGtwVVkxeHFyZi1OTnZ2WVBhTnhacE5CTTdZa3JjNzhoOU1pRC1ia1JMM2d1UHRDN2lneDNPMkgzUzJKNFlQN21md014U1QwTXRFTExlNmdrZl92aHBXcVZfSVd4VmJUSTZ1UFR5WkprZTFfcUxjcnpTby1QaXY0VVZneUE?oc=5,2025-09-03 08:00:00,Welingelichte Kringen,Netherlands,NL
Wat gaat 6G brengen? (en wanneer?) - tbmnet.nl,https://news.google.com/rss/articles/CBMiXkFVX3lxTE01amVQOE50bUFfZmRMY0pqVzBCVlFoWmFuSFpoZHFqMTctYlJ2U25TZFgtOVI0a3NMcWt5ZUtYRVBRZHhqZFpabHY3SU1jbmFXaWJjazQ1SnVsTXo3RUE?oc=5,2025-11-19 08:00:00,tbmnet.nl,Netherlands,NL
Nvidia investeert miljard dollar in Nokia voor versnelling implementatie 5G en 6G - ictmagazine.nl,https://news.google.com/rss/articles/CBMitwFBVV95cUxOR0F1OWZXYVdWSURGNGRST3ZXTFJqYVB5UXl0VlQ0TThmSDRUamlLSDJlbTBYWmppZXhjSllISFN6Sy1vT1pfdGRua1VaR0wwQ2ZuVU1SWlhheTY1d2hxQUZEUWVVTFlTcVhXRU5YZmsxWVMyd0hvbVUtYXdYWFFzWF9wREl4LWxlRWJKcWxMVF83a19EbWw2U3lxVUQ2YUF2WGljSFVkeVk0RVZXbHpYU2kxd0toc1E?oc=5,2025-10-29 07:00:00,ictmagazine.nl,Netherlands,NL
Nvidia neemt fors belang in Nokia om 5G en 6G te versnellen - Techzine.nl,https://news.google.com/rss/articles/CBMiswFBVV95cUxQU3RUQkZnRXZfd0hKM0JOdUF6WVZUU0dQWkFWamE1U09fbmZMMDFlUDIySnNocHMwS0k2Um50aHdrcXJKWC1tOC1LRE9VQWRMMVFuWlYzV0JZYlNqZFJ2Tl9xYWNOZGhwWG1xRDNXYjlTbW95QnZHc0ZoU1VvZmhBa1hIM3p0bEtwYkEtd2hCa1NYVXlLZDdEMFRFM3F4Ynh2WHNuaUJpZVI2VDVFcWQ5NndGRQ?oc=5,2025-10-29 07:00:00,Techzine.nl,Netherlands,NL
10 dingen die je moet weten over 6G - TNO,https://news.google.com/rss/articles/CBMif0FVX3lxTE8zODRuVWNGLVlQaHBCU3gwR1FhcGoxclB4UHhUMWZMZzlkanc4RllCU0haRnVXSGQ5dExrNnVEZGp5TFh4dDN0ajhnMURwSXR5RW5UQUd6bkE1RnhzbE44MTIxX0pTQVY3SDBXNjdZRHY5Um9mNHVQMW5BSHhjQzA?oc=5,2025-02-27 10:13:18,TNO,Netherlands,NL
5G vs 6G: wat brengt deze nieuwe technologie? - DAY1 Lifestyle,https://news.google.com/rss/articles/CBMiekFVX3lxTE53aE9Hcm9PdG9tdGd1SEFwSDJ2Rm9TLXVpZmVwb2pwYWdoek5wZDFod1p0ek1YM3poNEpSRWRoQk9QQnpDX2JFTVNHTTFKRi05RVJhZTVHRVJwTjM2TTZwamFGeXNqMEVJYTJrOUlnZlEtTkdrdFp2Z0dB?oc=5,2025-07-10 08:00:00,DAY1 Lifestyle,Netherlands,NL
5G is nog niet eens de standaard of daar komt 6G al: waarom? En wanneer dan? - HLN,https://news.google.com/rss/articles/CBMiqwFBVV95cUxObXJxbkE2RklWTGNkUFNEckozb1pkcjJMWGhER1FuYnNpM3d5ZHY2T0NDX0ViMTBVeGhBWnpjbEhOZFZNWm1VaTBfZTdjcGdVbE0tQWlGM2RkOTRyTVprdVN0blNBTVRfcnpMSFQ5MnNDY0VhVHM3dlh4OTFoNGRJUDRTSzVGVVJSQnpRdDByZkNzRXJJbDVzM1k5OThhRGlZMWdDa0Z5Ti1SUGs?oc=5,2025-08-06 08:00:00,HLN,Netherlands,NL
"Future Network Services: ""Leidend blijven in verschillende sectoren, waaronder medische zorginnovatie"" - Nationaal Groeifonds",https://news.google.com/rss/articles/CBMiiwFBVV95cUxPWHY5dkZOQ1MzZWlHN1VjXzBPWGpmSHR1VWxBWFJtWDFHNlY0bm5TeEpnQ2J4XzhPb1piMjZrRDVrQVY0Y3lCdlpQMU5qMDFiLUg1bl9UYm9raTZQejFQZG9WNUdyZFBQWG5saWx3NHNzWXlmNk1SUVlKSmRKMW1ZeUQ0ZVZKQjYxQlBB?oc=5,2025-10-13 08:00:00,Nationaal Groeifonds,Netherlands,NL
6G: Evolutie of revolutie? - deingenieur.nl,https://news.google.com/rss/articles/CBMiaEFVX3lxTFBUY2QtdmlkLVhvMHVGaG53NTJRaFZ0aEJVUnFmZ3pBdHlZZXdHdDBWU1Q5S3RfYzNjam5oQ1M1YWhHV2RjUVFSNUp4ekZEakNITWIxczh2ZDFWUTBidDlNdnN5TVYyYm5Y?oc=5,2025-05-12 08:00:00,deingenieur.nl,Netherlands,NL
Onderzoek BTG: 6GHz-band cruciaal voor toekomstbestendig bedrijfsleven - Dutch IT Channel,https://news.google.com/rss/articles/CBMitgFBVV95cUxNXzFXWC16QXhlbThSZlllNXhKX3dqX0x5eHZfbFNpMWNMeGxfcjREQW1aNWhObVhDWUhGQ25neHp2cl9RSGlpRDB0YXZ2ZzhwTzlyeU1oNGdTZy1TZWtXSmppaGtETHVHZ3F4UFFNaGdYaXhhWm1NUVVnU2tLSTROaVFUZm5YT01GSURxakNzbG1hM2xJdTRMQmJDRmJ4R2JJNlFGbk5rcjM0dHZ0NWhsckpTMWxtZw?oc=5,2026-01-20 08:00:00,Dutch IT Channel,Netherlands,NL
Nvidia investeert $1 miljard in Nokia om AI-verbinding en 6G-innovatie te verbeteren - Notebookcheck.nl,https://news.google.com/rss/articles/CBMixgFBVV95cUxNSHFiYk5DUE1uY3BXb2JEckNyeC1VSGt2cjNKOGJySWhubEtmYURyTzVBdjVGYnlGQUZ5VWZ6ZVNmWmRPWkNxME1hWkphQkRFT2FzcGR1QzZpVlpZVTVMMG54Qm1ndDNZeVBFYjRUZ3NnVU1wOXlweVlsazZxOVVvbWw1YnhKMXdDQnlsVXQ1QUhTa0NaalRUSnUtMjZJeTVHR180d3VnbHlTRHNNQ2tCUDFDcVhfS2pXSlF1SE4zVk9NcFV2Wmc?oc=5,2025-10-29 07:00:00,Notebookcheck.nl,Netherlands,NL
Duitse bondskanselier: Wij zullen geen Chinese onderdelen in 6G-netwerk toestaan - Tweakers,https://news.google.com/rss/articles/CBMiuwFBVV95cUxOSEpfTUEySDZteUpGU2JkVjN6M3l3S0E0TDFuMkFHeVRTenV1UE1YcVdtczNUR2xYd1lPaGFQaERqZjl6bGJ2Sms1M1JUN1VMOEwxMnVoZXpDQS1vTXBRV1U5OWhSOE44MVJ3TlIwQUYxSWNUYnFUb0lPY1BvYW92MUVXWm1FQUVqWU8yYzhSNG5XX1Z1Y0ZEd3lSVWZYYXBzTnJXejZCci1rbFVwVDdmaF9hZUxWOEU1c3o4?oc=5,2025-11-14 08:00:00,Tweakers,Netherlands,NL
Volgens Qualcomm kunnen we in 2028 al 6G-apparaten verwachten - TechPulse,https://news.google.com/rss/articles/CBMingFBVV95cUxOcFNBekJ4TU5SUENwVThKX1BialZOUHVXY0RBYV9rbGdlRXBlejRjdjFVUk5WaWswM1lSeVFNamhkQmsybWRPTmVuOWZoWWVZcVo2cWY4cFNDcW9hY2p5UVJBZ3E1RmRIS3Y0SG1YWnhLd1d1QjdmTnpkQWI5S2s3RW8zR19Sb3V5bzFZTHhLM2h2elAyM2g1Yk42cmJ2QQ?oc=5,2025-09-24 08:00:00,TechPulse,Netherlands,NL
6G: dit is wat je ervan kunt verwachten - Androidworld.nl,https://news.google.com/rss/articles/CBMigAFBVV95cUxQeVExTUdCUVp2VHVPNTFSMU81RG9GREJBbkFOR0RGVHdyelFDYjE5Q05WU0NERWVzZHQ1QmpteVI3NjNkclA2T2tGazBzQ1NyYng5aVM2U2NFUXAyVzNtbEtiSHVKd2J3Njc4Wk96SzNGSWRvcl9oOXFfT05Lb0I4V9IBhgFBVV95cUxPWWhiM1I2ZHdqM1QxLWg0d2xPWjFDUUtlVzlOS2tzUEFGRVh6Ykxvak5vR2FrbTNKc1hsV0g1TTBMM3lFaXdHT1Y0TDY4X0tNMWp6ODFSYURybzZIcjQ3ZFg4VmJ5OUotQWMwMVlXaGJ6bDRQNmVfNFpMOFpyb1FXVkl0YjViQQ?oc=5,2025-03-26 07:00:00,Androidworld.nl,Netherlands,NL
Nvidia investeert miljard dollar in Nokia - Tweakers,https://news.google.com/rss/articles/CBMiiAFBVV95cUxNR2NJUmVzZDA5RDl5NG1jbTl3dFdSWlJNMFFoX3lsYTdhUWxSLTVFazRRUFdHa3R1REloR1EwYUp5RHdSZ3h0eW5iMHczR0ttVTE5R0tiNFRXazNLMmlqTDdiVWNrbjZBWVVPVGR3c1VIaEVLeFNlUlhfdmhqUVJiZnNZLWFWRklX?oc=5,2025-10-28 07:00:00,Tweakers,Netherlands,NL
Einde van de kabelspaghetti? Deze chip maakt draadloos internet net zo snel als glasvezel - Bright.nl,https://news.google.com/rss/articles/CBMipAFBVV95cUxOODZKRDlkTmZGTUpldm1iODQ5ampfdnRseVRMZk81amlxeWdZZnlybTk2SHM3MWVvUlRZdjZ4UGdja0xTNks4QVhkTzJYaEZGR0JaOVFTX1hMZi1jZ2VMT3VsVHMtakg5UE1MNTZBY05aWEZVTFhEeVlMTHp3TE41T1l3MWhSc3A0UmNiUWwzaFBQM0M4amgwYzNlbXBIZExjYjdLYw?oc=5,2026-01-23 08:00:00,Bright.nl,Netherlands,NL
Europese telecombedrijven roepen EU op bovenste 6GHz-band voor mobiel te reserveren - Dutch IT Channel,https://news.google.com/rss/articles/CBMiwwFBVV95cUxQb3drTVA1dm1nTDNLSTh5blJfVTFBMGxzYUtXaTl0ejRrZDNsLTdUNktkX3U5MlJVcnNPR19HRDMxVGhMa3IxSFhSbUFCSGNpOXBiaGtCbENDZElIUTJUZFUzczNVbklWOWR4MFhTNEVmUDlrcnZSa3JOYmEwOEF2aGdQbmJGWnJqQTRoak1ObGVFWlppbk5qeTZCaWE1U2VTU2dNUHNWT19uai0tVG1wU1B2UzI4U3Y1aHVTVG5lVEtGc0k?oc=5,2025-05-07 14:19:48,Dutch IT Channel,Netherlands,NL
Waterstofdrone verzamelt 6G-data tijdens BVLOS-vlucht boven Groningen - Dronewatch,https://news.google.com/rss/articles/CBMiqwFBVV95cUxOZFVrTng1eldFejlvWGp0ZVdiY1JxU3ExaDlXekxObjhrbWVkOE9RTnFlSTNmNWRDSXExNWw0RkQ1OVhFejM0c2xQNHk4LXI1WEhmMU5zeGZUdFROdmlNakNOY3BQYUhGNDNMUmkyVXVvWTBHaDlSZkdHZTBtVmNDNFpZT2NXakt6ek9sS2piOFhGU1VQNnBUbkZZd3p0MWdaZnNZUVNVdklvTWM?oc=5,2025-04-11 08:00:00,Dronewatch,Netherlands,NL
Nvidia investeert 1 miljard dollar in Nokia voor AI-gestuurde mobiele netwerken - ITdaily.,https://news.google.com/rss/articles/CBMic0FVX3lxTE4zWktTaldhZHROaTlKSVhRVjdFbFN5LWRoQVp3dDlvOVBzVUNybFAtc3hZR3lZaWJEYXpTMXU0dTFRRUJ2Vnowd1l5cVpnVC1CWC14eU5jMWFnN00tbjRsWUdLbGVfNWcwcDRZc0IyQzhyQWM?oc=5,2025-10-29 07:00:00,ITdaily.,Netherlands,NL
Van 5G naar 6G - De volgende generatie mobiel internet komt eraan - Tweakers,https://news.google.com/rss/articles/CBMipgFBVV95cUxPd19xdXNYRmV6TC1JakJZNDhRcGh6RmZKMVpMVERWYUFXVXM3Uzl4LS0yX0xKMHd4cEZnLVhGUExsUnBHRlB1OUFLZGp2RkF0SFNZOWNPRDJ6anZ1b21Rek1nYVlMejBITEdfY1I4dmNHMWxUMmdMVjN6UmRzWFE2bDFydGhKWDBaR1otYU81SFF6SEU1Y2YtQTFETjBqOHRrUExjUmd3?oc=5,2025-01-21 08:00:00,Tweakers,Netherlands,NL
Review: Monitor Audio Gold 300 6G – Muziek gebouwd op solide R&D - FWD Benelux,https://news.google.com/rss/articles/CBMiigFBVV95cUxObEMxRDA0ZGZOVUdmdXpJcE5DcnQwWVJVZkVHeXNTWG5rSnA4b3pab0ZJNE15THNmUE02aEVkZFMwM25PNi1BZm5XYWRLRWhuQThLd3pwV3l3UEwzMWsxUmkycU5wd0xYNVlqS2pCdjJUemIzRjhlNFg5RXo5MFVXaE82OGoxaWFQY2c?oc=5,2025-01-25 08:00:00,FWD Benelux,Netherlands,NL
OnePlus Ace 6 Pro Max getipt om 8.000mAh batterij te hebben terwijl het slechts 6g meer weegt dan OnePlus 13 - Notebookcheck.nl,https://news.google.com/rss/articles/CBMi5wFBVV95cUxQdjRYOEJkS3gza0tVdGYzdzBHMjUxS3hpaXZ4RzZHTWFNaF90c0gxdk9FREd5VFNfMjlmYUo4QmhHRHRWMlRiWnk5RWd6TW0ydDBGd2ZYVnQtVlVYUzN1YldoNXpzeGlULURrdWp5WDlnd3RMVnhBUkQ4Z0tFOTR6SXRTb21fWHRPSm14NTd4ZVBLOV8yMGJmMGxBLUYxbU9xb21OVDR4TmN4YzBVZVpPczNsMi04M1VHOVFvUlV1U1dkaEVsMnpUbVlvRVhiR0l6TGlTTUFtZ19LQzdQX0JfWFcwVHAybnc?oc=5,2025-11-09 08:00:00,Notebookcheck.nl,Netherlands,NL
Hoe staat het met 6G? - NU,https://news.google.com/rss/articles/CBMibEFVX3lxTE5STlp2d3lFWWhZVzFjQUttRWJMN0xzS3NzTkowQzh4YWJ6cTNqTTdHVHdiOVM4ZzFMMXN4bU1ocFVsMHlhaTNJSXNUWHhBMlZWMVdLMXFGQVVZM3VfVUFTR01mS2pHQS1mTEpwOQ?oc=5,2025-01-27 08:00:00,NU,Netherlands,NL
Nvidia investeert miljard dollar in Nokia - Datanews,https://news.google.com/rss/articles/CBMinAFBVV95cUxPOE9lalNTUExreVFNWGs4eXg0V1FSZXktcHE1cFZtY0l1Vkk1dkp4Mm1IUDJsQlFhNFJQaDRqUzdCRlFVVURWNFZMN3JneG5XbzFHdlFKc0NiaHJpb1h2RXJHcnlJaUktUndNbWNyNFFFenRzejlfZjRTOXBMbHhYT1lrU2RmZDRZLUtFc2VCeXBycG9IUXoxT2JweEs?oc=5,2025-10-29 07:00:00,Datanews,Netherlands,NL
"5G Standalone gaat wereldwijd, 6G-teasers en satellietinternet zorgen voor opschudding – Telecomhoogtepunten (8–9 okt 2025) - Bez Kabli",https://news.google.com/rss/articles/CBMi4AFBVV95cUxOT0RNSU9WNFdqbDRFejVNVDh4VlNDY0JUY1duVmw1NHhUTDU4RGkyNHBiaUM5aTB1YjhacFFTRGU3akZtM0pkQ2x6TExQb0FBeV8wSlZhYzV2cnJ6eFlOby1NYUwwdnp2YllhU3NqNUR3ZGNfMmxqNVppZTFfME9LQkpHT2dpREdrOXNQdDlka3h4YVNoX05aVzhtMWtJaHMyd0s2eGdNWFpLaVQzNUg5YkY5WTNfTE1USmlaUkNQaGxPR2Z0anN1SzZnZHNRRWY3eHg2dHVOYkRFb2dPc19Idw?oc=5,2025-10-09 08:00:00,Bez Kabli,Netherlands,NL
"Wereldwijde Mobiele Internetomwenteling: Storingen, 5G-Machinaties & 6G-Doorbraken (20–21 september 2025) - Bez Kabli",https://news.google.com/rss/articles/CBMixwFBVV95cUxOczY4enFZamFFdVBMcEk1WGIzTWUxOGgtb3lyeG1mdmJMZTBTbnVTZ29CUlZmVVJZZTk2ZERpSWZUdTlXeklaVm55T0p1d3p0bkE0SlQtUUZIalV3aFg1MjI0RHotZnYzWmRKYUotY0pHdkZCSnFkR2RhQ3FCQ040ZDN5bHpsWjZWYVZUeG1TWi1TUE1aemUxaTlacVM5VldGZF9GMTlVVzNETDRBbWEwNnUzRGt1V1Q1UGZlbzVVQzNyUmpCV0ZB?oc=5,2025-09-23 08:00:00,Bez Kabli,Netherlands,NL
Ontwikkeling Nationaal Groeifonds project 6G Nederland van start - TNO,https://news.google.com/rss/articles/CBMickFVX3lxTE1qWXIyeXd0Ymp5b1VFQ1dkbXJuVHJ6TzE2QXg4S1hqQnJZc05DMHNxSDlfMnFMbzk2VHZRSlpieEFscFhPNUJfVjkxOXAxelBjeFdWNG5qek51OHRkQm9JTXd6ZDRtV0dQQmpqTW1DaU5rdw?oc=5,2023-10-09 08:00:00,TNO,Netherlands,NL
Digitaal innoveren met 6G - TU Delft,https://news.google.com/rss/articles/CBMilAFBVV95cUxQMl9vZ1BXZFVJekFqQTUzX2FBZnF1cXg5cVZzRXpzT09NbThKNzdQRTF5VDcxNVNQRkV3RWxIeTJXSWo1dm5NWTFacU82Z0RZaVVhaVA2TktKQ3M2LXFtNWc5VjhHZ1VPS1hMemlpTzdEQU5YeG1qczRtT01aM2hNT3F2RlM4UUdaZGNZNFVWUHVqNG9f?oc=5,2023-12-11 08:00:00,TU Delft,Netherlands,NL
Fonds voor 6G-ontwikkeling krijgt strengere voorwaarden door Chinese Ampleon - Techzine.nl,https://news.google.com/rss/articles/CBMiygFBVV95cUxOSjMwamJIeF94UTJuS2FvdHk1d0RiUW0xTDVmVkZYa1B0YWIxejY2dFBfR0xUNWJVb2tETkhYTzM2Z2txVm9hVksxQnpJSndvdFIwTjFlVmZSaVUxcEVnNnd5TGh2MFlFclRoRjRQM0xyLWlaNmdVdTFCdHdQSTNiM2VZVjRFYlZhcWFLbG5zS29iRUVvdXdEUEY3bDlLZUZMWUlPWEh5Zk0xNElpcHQ0UTEzZUJWaVJRNjJDUXU3Z0I4c1NaaV9QUTFn?oc=5,2024-05-27 08:00:00,Techzine.nl,Netherlands,NL
Test met 6G bereikt deze duizelingwekkende internetsnelheid - Bright.nl,https://news.google.com/rss/articles/CBMimAFBVV95cUxQQ3M5dkMxWjBBQ0NlSV9BeWlGRUp4SlNULVVkLWdPNlFzaDlOMG1KRzY3VUpjV0tfdzdaMEVoV29FNEJNX0JFRUFVWktwSTRTYXpiM25HX0ZhSXEyTmNWa2RrbUxYWlA4Vm05UkZyYWhyRFFYZUpVOE9XYWhTTVlCSU9PLUNIRjZqbElXS1FmWGxGMktEXzRxXw?oc=5,2024-10-17 08:00:00,Bright.nl,Netherlands,NL
"Wereldwijde GSM-internetgekte: 5G-mijlpalen, 6G-snelheidsrecords en satellietmegadeals schudden 48 uur op - Bez Kabli",https://news.google.com/rss/articles/CBMizAFBVV95cUxPcWpXWU40SVN0TkxZbVJuTERnUjNZdTNsZjAyc3JnbThnN045MmFxWFNUNnpDWVF3Y2lzYVpITlQ4ck9ndUM4VlFXZGd2N3E4UWx5d0MtUHRueDhyUEpCVjJfUGFBcXhTYndtT2RHWlpZYTB0UlBTZzdPMVcxOWRuZThBeFJuZEhNWHJaRXkyWldyUmdsYmh4QVNxTjREcDA5Z3I0dVhXV0k5YUpDZllNUTZxQWxMS1pzakU4RGJ0Z0lrTU5VckN3LUttc0w?oc=5,2025-09-19 08:00:00,Bez Kabli,Netherlands,NL
"GSM Internetgekte: 48 Uur Razendsnelle 6G-tests, 5G Power Moves & IoT Innovaties (14–15 september 2025) - Bez Kabli",https://news.google.com/rss/articles/CBMixAFBVV95cUxPQmFUSVRDSTd6ZDVsclNnQnFDT2JaM3pXQWVyUGN4U3cwWVB3VFNPNGcwZlVwSGVPblBtOTBPcFlDbW84aWpUbnBsSlRoTnlEZDE0NTN6dVlPSGgxaV9TdHhyMkVhQWZON3NZUzNJS3FIMnN0Uzdjby1wU2c0VzdnejU3UWxRM2J0eTdONUd3UlFoaVVpMzZwd0dUZ2huT21jNlRabER5dl9Scm5CWU1TNF9TVVNaMFRhUGJYZWFoTVR6X2o4?oc=5,2025-09-16 08:00:00,Bez Kabli,Netherlands,NL
"Hoe zit het? Wat is het verschil tussen 4G, 5G en 6G? - MAX Vandaag",https://news.google.com/rss/articles/CBMiqgFBVV95cUxQNEY5cFNfcmtVYjdTWXpJT3Y0MW1GZXl2WHdpY3FOal85TDMyLU5oWUZpMDN0TGN6TFN5QjBLd0kzQXZMZE85a2pfeEFFVE9taGRGX1drQ1o4X1o5bVJXSzJMNXdPVTJadUZ3Y09XRkFHM0x4SEp4S3hFU3ZhaDVYY18tOTNDWkl3Z2Y4Z1p0RWJYMVVxN2dia1RBVWJvUGFhNFd0YmlSRjZDZw?oc=5,2023-07-25 08:00:00,MAX Vandaag,Netherlands,NL
China bouwt ’s werelds eerste 6G-testnetwerk - ITdaily.,https://news.google.com/rss/articles/CBMiZkFVX3lxTE5ZYWFFWUY1enNUdWQxUnkwSHo2MHRteHRFeXRuVEg2NEdEanE4cWZpQnFxek9ZTkxmb1BSRlBXdE1iMFl3X1ZSWi14RW9kTFNHV1VxdTNvbElScFVhZ05MZU5MbGdJUQ?oc=5,2024-07-15 08:00:00,ITdaily.,Netherlands,NL
6G-gestuurde gezondheidszorg: Universiteit Twente leidt innovatieslag - ioplus.nl,https://news.google.com/rss/articles/CBMimwFBVV95cUxPQWRicVlUT1BsblZtc1hob1dPd2p2cG9GOWptUFRTUkRMZmRCWVZYRGtjY3JkSjVuMzg1cU9hZzRqdGwyZGxmSnZVWkllb0tqQ2t4eVk2bWEzZlNHdGtuNEdyMHJHcFZrNEZmdlRneDZGR2FfeHNLQkJ6SWV6LU1kaHBSZ3lTcVE2bXUwY1VsTUFaWkpjRkNiYWlZQQ?oc=5,2024-11-14 08:00:00,ioplus.nl,Netherlands,NL
"Logo voor 6G is officieel, 6G-standaard nog niet - NieuweMobiel.NL",https://news.google.com/rss/articles/CBMimAFBVV95cUxNMER5ZGVoWWVIMjhoTEVwd0w2dHd4YUNkRUpFTkYwV2tzTHhSOHctUHVJMkZvTHJsZnlaNkNTcW1ac24zLTMwSGpFZzNWaVRzV1E1Ty14b3RoYmVHa0xTQUhBUVBaVWljXzhrNG9nWkpWV0hQM2lOX2dUb216YjNwajM1bmZEVnJZYzFCUkMtLVpIenYyVF9wcQ?oc=5,2024-05-01 08:00:00,NieuweMobiel.NL,Netherlands,NL
6G Future Network Services - TNO,https://news.google.com/rss/articles/CBMihwFBVV95cUxPWHFpTTNObWNud3Q4UlhVdW5hS0d4cGU2Q05CdlRFMVJQSVZwQm5OLUhUT2ZsSC1mWXE3RF9lalZkMTVjbUhQM3c3cFM0TWlpaDd4T2dRenFFTzdkNTQ2M3FNQmtrVmw5RnRRQktlT3RfZWFCX0ZwdFhHTDBDYUxYOG8xd3EwaDg?oc=5,2024-01-01 08:00:00,TNO,Netherlands,NL
Het eerste 6G-apparaat heeft 20 keer sneller internet dan 5G - Bright.nl,https://news.google.com/rss/articles/CBMipAFBVV95cUxOcHl2SnZrN1R3Z1ppcHdkd2tFOUNuS2dLemxoRHpGNWd2bVFFMjVOUVFNMlZ5aDNzV3R6LVRza1NYeGJHRk5oY3YySGs1bENNckgtWGFIY25kQTd3REVpMkJPSGZfNzVELUJLWHBXUHhhMHBBOExQS1BESEpPVTJYTjJvR1VGZUZoVGRpZUNhRlpkRXFYNkpaT05TZllZNC1qMnA1bw?oc=5,2024-05-02 08:00:00,Bright.nl,Netherlands,NL
"Er is nog geen 6G, maar Japan heeft het wel al gebruikt - Dutchcowboys",https://news.google.com/rss/articles/CBMimAFBVV95cUxNYmZPSXJmUTE1aVAtbkh5eWxGQURrSldqejRlampmRzdUcTNER0hKeUhHNVdUWUIzWS03SGxSQmNkYjFvMFdEa1g1bkhoU2JHajNHTXRrdFM4U1F5Q21GUDk1aVhYZ0Qxa2puTTc5ZVp4NFRqTE4zQjJoX2Q4UHpRVXBIQThGeFUzLXFCbEMza2VwTVlPMUVCVw?oc=5,2024-05-03 08:00:00,Dutchcowboys,Netherlands,NL
Apple stort zich op 6G: nog sneller mobiel internet op je iPhone - Bright.nl,https://news.google.com/rss/articles/CBMiqAFBVV95cUxPWEQtVWd2cF83RzRJaFE0anAzcW5VQi1CRmppV3lJMk5LYTYyZW9MWWxOTERleXdUTFZ5WXJwcWZrWVNkSGlOQTFJVElTeUFSOEZXbTh3VGdsaVpLNUh6UHQ1SVRBOHRzZG52LTZrVHAtMjROemg0NFhWckZWMXFkY0oxSXlPaVNFX3h6UEZQejhCNUNuQV9QeHFXdmxsdW1LV05DYjRkR1E?oc=5,2023-12-03 08:00:00,Bright.nl,Netherlands,NL
Ministerie stelt strenge subsidievoorwaarden aan 6G-project - bnr.nl,https://news.google.com/rss/articles/CBMirwFBVV95cUxOY2lhTGFUMEpDd1Y0RjN6Y0dyWjRkMWxqMkxMTWhwTXlWOGcwdUw2dDVnbWhnZ0IxNWd2M2VXSFdpNGlOejRJdEpyNFBVR2h5V0hfT2trVHJIRTZIMzh3dG9FbzdYTFY3TTNMaXdBYXJzN0d5VGY4T21fN1NHcHg0d29uUUpPUzZnQ2lwa3haRTY0LWlLYkZ3LVpWM2ItM1ZKbTN4cGc2cGF0NmxGQWs0?oc=5,2024-05-27 08:00:00,bnr.nl,Netherlands,NL
Monitor Audio Gold Series 6G zesde generatie van klassieker en voorzien van nieuwe drivertechnologie - Hifi.nl,https://news.google.com/rss/articles/CBMi0AFBVV95cUxOZ3FSNjdGR3ZIQ0JoZmROVVZ2YnN4Y3JBRnlCMWNPMVlwNC1Cam1hSHRSTkJlX3o2b25NY3hMMzNkNFFSdHhzb2RycjhRdmJRb0ZrUEZoZ2M0cl9zR2tQc2l5RnpzRnJlWlFsTVI5NV8xZVZBelBCZFFiNDJ2VUQ4Q3dqclRseEgydldoRF9XZVhkanlyZjhvQ2RLVXBIUFI2ZFVEdUM4YUgyY3o2VGtzeERRUTlJU2FxQ3UwYzNoR2FubmFVMEFsaVBnZXdKVFR3?oc=5,2024-08-15 08:00:00,Hifi.nl,Netherlands,NL
"Wereldwijde 5G-gekte: Stijgende upgrades, torenhoge signalen en het afscheid van 3G - Bez Kabli",https://news.google.com/rss/articles/CBMirwFBVV95cUxQMk15RTFRR09INnl5X2MzSS0yVTk1SFdxUDRwUkZOR085UVBPUV9DQWZtck5iczVDaVg1Y3d1QnhManhCaUVZZ0hKWUZ0bno4c2xjQW9oLUtlenFjcjVVN1VHUk5UQ2pNdG5hVDRIWlVpSGt2NHVGS0RpWkpNb2plYnQwY1lLbm5vWGg5U1hnM1o5bEFxQ3Z5dlZnM25mcWFzWXVtdTlzc3ZpNG5lUUNJ?oc=5,2025-10-07 08:00:00,Bez Kabli,Netherlands,NL
Forse financiering uit Nationaal Groeifonds voor ontwikkeling 6G - tbmnet.nl,https://news.google.com/rss/articles/CBMiiwFBVV95cUxQQkxVcEVDcDJqTmhQYzI4UUFUZEFBVWNMeHZzRjNfRnNSMjNrR09heEhPbURNQktqOUo1enZEdnFRWUFmQ1JuUHR1TThfRDcxT19PRUh1N3diRktBWE85cGhQbFJJMXAtcmRRTUtrZ2YtMVJBdkFsRUJ0NHN5M0gxLUlYaEtrSVpDaURz?oc=5,2023-07-03 08:00:00,tbmnet.nl,Netherlands,NL
Apple werkt al aan 6G - Dutchcowboys,https://news.google.com/rss/articles/CBMiZ0FVX3lxTFBrcFlIVXp2R19jb0oxeVR1YmEzLU9BZHlFUVBXemtLdU1RLUdjdnZXMXpsbHlSOTJxZ1NDdzhhRVV6YmxFd0RvWmdnbGxRT0paWlNqRF9sbmhRU0JRZm96VlBQOHhLaTQ?oc=5,2023-12-05 08:00:00,Dutchcowboys,Netherlands,NL
Draadloze concurrentie Ziggo en KPN: Na 5G komt 6G internet - Totaal TV,https://news.google.com/rss/articles/CBMijwFBVV95cUxPdGk0WDZBY2pGZ1d4MTlUeFJzbjZ5Ung5RDN3dUdyWWNVNGFkZ3lnenB1Vk5tZ0tEMVpCbTNXekRYd28xXzVONWw1S2Vqd3VLTFQ3U0pSNWpUb2k1dV9JXzNfd3RMbFVFOUROWjRkZ1lFcExkMDdLYk5YbjRxQU0weGoyV0dxdlVrVmhIcmFfZw?oc=5,2023-02-21 08:00:00,Totaal TV,Netherlands,NL
Nokia gaat gesubsidieerd EU-onderzoek naar 6G leiden - Tweakers,https://news.google.com/rss/articles/CBMilwFBVV95cUxQcUxlZnlLRF9senZTSmhiSk5BV2lneElMaW5TQ3BqNFNMVGdPZDZJSjA3em9kbnR0cEJRZXF4UG1HRDRqVGdMVGgyT3BWclZoVUl0SjdrcWV1M041SFFkX1o0X1lycEEzQTRpQ1hqZGxSSXVVWFpJREliaGsxdmltSDV0TjNPaVlMSUNTU25yZFNVS1c4SUk0?oc=5,2020-12-07 08:00:00,Tweakers,Netherlands,NL
Nationaal Groeifonds 6G in Nederland officieel van start - ITchannelPRO,https://news.google.com/rss/articles/CBMiiAFBVV95cUxQaF9IYmlIY1NMMzhlWGVOckxIQm1GLW9zQ3NYX2NUOHdHa3JQMWdZTmFJb2U1MTRBcWxLT05HQWNiUXBjTmtyeEJEd20wcThTaExvRHl4SnZfVTNCVDZsbm1RenluWGM5WVI4RmVWS3BHUGEtR2dkTFJPc0Y0Q0Rtb3lBOXg0NEg2?oc=5,2023-10-13 08:00:00,ITchannelPRO,Netherlands,NL
"Arizona digitaliseert: AI, datamining, cyberbeveiliging en 6G - ITdaily.",https://news.google.com/rss/articles/CBMiigFBVV95cUxQQW9SdGhDV1hqczNfdDZ3RnAtcThJZFVkdHFMRHE1UU9RTXhGTGVpWVRybzVtVFgzX2o5RHdVR1pzZ21FTUxvU3FlTjJYUFhKcV9FSkhmMHc3YUcyU2RnTnUtNmlxM0JCa0wyTnBKZHZYakdqN2RMQkNGMEg0Q2RlUF9XNmVkUk1fVVE?oc=5,2025-02-03 08:00:00,ITdaily.,Netherlands,NL
5G en verder? - NEMO Kennislink,https://news.google.com/rss/articles/CBMiZkFVX3lxTE16TGFqa1NUa1FrOUk3d0NTajB5TWxOc29mYUViZzU2Z25wNUxraHd2NTVGbW5ncjlzbVkxMlg0UjhOTm1pRW5oUElaXzlacmdYX0ZLdU5uZXBZcGVCbS1KUVRGWndCdw?oc=5,2023-08-14 08:00:00,NEMO Kennislink,Netherlands,NL
6G in vijf cijfers - imec Vlaanderen,https://news.google.com/rss/articles/CBMiiwFBVV95cUxOT2g4bWxLNHFLbGFXa2ZNZXp2WjRha0lpcWE5TTllZjRKMzJkOWRJbko2VnFHay15d0I4QkVmRjNFNm9iNHBfREZRN0RhNFhyZFRRMGZOeFBsbjhwVE9KcE55UXJaaW55c0FGWDF0WDFTa2NtOFg3d1ZsWTFNSFhmWjZhVjVsTE5RdDIw?oc=5,2021-03-02 08:00:00,imec Vlaanderen,Netherlands,NL
FNS ontvangt financiering uit Nationaal Groeifonds voor ontwikkeling 6 - TNO,https://news.google.com/rss/articles/CBMifEFVX3lxTFBZUFdZVU85dF93a3pqbWNRd1JiTEx1clNBTnlPNE1HRzNGT3gyU3VxYUlqUmdBOHlVLXBDSjBXWjBFYU5BeVU5WjcyQ3VTNWdvLVl3TWZNQW01SlFKaFFpV2NmN3hzN3pUZlZqY3NIQjc3LWVIN2JoM1J1Zmo?oc=5,2023-07-03 08:00:00,TNO,Netherlands,NL
15 kW en 6g geven Vergeest Metaaltechniek productiviteitsimpuls - MetaalNieuws,https://news.google.com/rss/articles/CBMilwFBVV95cUxQcFpreTJmQnNnVUFxdkRxTUhjZ2NPUnZ0SEZCc3VGQUxVWW5mRnB2TjEzOTR2U2hJQzNvQnFvRnhMVmljTUpROEJqNExtUGttM01FOEFrM0pRaWRicDQ2Qm53dzVmaUlORkRlMzdVYWsxaEl6QTFUZE9MZTBpUF9oY2pWSDRvczFwRXo3YmlKcl9mZS1odWZJ?oc=5,2022-03-14 07:00:00,MetaalNieuws,Netherlands,NL
Indiase en Europese 6G-allianties bereiken akkoord - Telecompaper,https://news.google.com/rss/articles/CBMimAFBVV95cUxNZklPbGFHa1JvMWhBSUUzX09oM2pjTmZseldfckVtbFFwcmVfM2NyeHQ3SHpldmZQamQ2eU41Yk9fME1zbEtpV3NsUnA3aTdQcUhxYWJIMVNrS1FNeXprc1EwUW1RZkU2SDJDaHZSa0Z4UE5fc3BVdEZWMzlqdlRqMWdmTk92SzYyejdJdnNuQzloaHRMcDVYMg?oc=5,2024-06-24 08:00:00,Telecompaper,Netherlands,NL
Nederlandse tech wil €90 miljoen voor ontwikkeling 6G: ’Antenne hier maken’ - De Telegraaf,https://news.google.com/rss/articles/CBMivgFBVV95cUxNN3hsdUJYVldNQU1GcEVVV1lxcTB3bXR3MWMyQV84Q2NDaXZoZkkyOGRldUZoRS1JUVJoY01yOE1IOGxMV1IyQ0VydnJOMkxFbXdHUGtWNUlyMVRycnpRZWRTaWJJenZoT2tJbXI5Q1ZLQ3kwUzZhSjJiTkp2SnAycV96V3I2Qlp6RmNBM1h5Wm03Y0FFYzE4QXpLcVBvT1FGTmVYNkRnRHB2WnZjeXVkS3QtS2lYaVJPdkZqR2Vn?oc=5,2022-09-26 08:00:00,De Telegraaf,Netherlands,NL
Foto’s FC Zutphen JO15-6G – Sp Eefde JO15-2G - FC Zutphen,https://news.google.com/rss/articles/CBMiiwFBVV95cUxNWER6ZHl5UVRCV1UyVVhFTGNlZ09JQTdBcW16NXlXdGNRUTUwV1dicHpsNlhScWVUeEtCVjRzOVlUbTByNm0tTkkxQzI4ZzgwOEtLWUU3Um90WVdXbmh6UXBIcmFiZV9kUEtMcVg5aHpya1BBTk1vRHl1MDdBV3c1MWxCb20xS1dPNXBj?oc=5,2021-06-26 08:00:00,FC Zutphen,Netherlands,NL
Anoniem incasseert de remmer in de bob soms wel 6G op zijn lichaam - de Volkskrant,https://news.google.com/rss/articles/CBMirAFBVV95cUxNdU9GNUZCVWhiYkRaZU1qaFpod0pPcEdONFY1Vkp2YU5hOGV2RF9wamNMR2QtT0VMUWFwY0pBN2tLTjlaVVc2YXIxYmlpMzFxajMxSVJyQXdrUkNiZXRfdExJSHFBX19ZWVVhYmV2ZUhMRTgySGNpTldKZUJsUVE5Z2x4MXVfQ0wwWG9QMFctY0hsX2QtTFplTGRrREQtNEtkVHBXOEE1OVEydkVU?oc=5,2022-02-18 08:00:00,de Volkskrant,Netherlands,NL
MSI Geforce GTX 1060 GAMING X 6G - Hardware review - PU.nl,https://news.google.com/rss/articles/CBMihwFBVV95cUxQd21MVUp3MW9wZnQ2QzlNQW9vZURPZVZZaXVSWl9mZDVrcV9SQmdQa0RLdXRuZG1DTXZnc0gyTHJtdWY5bE5aTVpKMHRfaGQ3b1JiWjZGeEE5S1g0c2x0Q29wS0RoSFo4clZGWU5MN3ZmQjNyTFBDV0lFQ1UwMUR4cGdQWWxicVk?oc=5,2021-06-10 22:05:01,PU.nl,Netherlands,NL
De techbedrijven zijn begonnen: zo cool wordt het 6G mobiele netwerk - wibnet.nl,https://news.google.com/rss/articles/CBMicEFVX3lxTFBKa082NkdncnNGVTA4RmIzTGFZLW94R2hUVjIxLXc2NGllVTRWU0F2WjhWOWx0Vm1ORE5kUDdPLUpBUjBHWXZUTGRmWjEzRkJsNGVXeWVRa2RwMU5FZTJnNUI1R3BHSjNYQ0xxV2Y5NFU?oc=5,2022-08-01 08:00:00,wibnet.nl,Netherlands,NL
Rijk zet muur om Groeifondsgeld voor ‘Chinees’ Ampleon - Het Financieele Dagblad,https://news.google.com/rss/articles/CBMikgFBVV95cUxQMFpYUlNiNWVEOU9JZlRrdy1ORnpGOTh4MnJmbU8ySDVUUEF4aWtjUFBrempqa1hMUFNkYXN6X2FkNi10QVlKXzBIQkNWTzRYU0R0alpxaTJya2RJRzljM3dfRHpmTmtEMmw2d3lfbUNhTWFVSjl5eEVpblN6Z1dfQkd0QTVwNTRVVFhHRVo4azViZw?oc=5,2024-05-26 08:00:00,Het Financieele Dagblad,Netherlands,NL
Futuristisch dagdromen - vodafoneziggo.nl,https://news.google.com/rss/articles/CBMibkFVX3lxTFBXTWY3bTU4bmFESXFoeElQRTlzWWc2czZnZjh5eTNETkdSMWU2TG5TcC1MZzk5Qng1LUg3YUF4SlhCN3RpemcySmt1bDdwOVNKRlQ1NTlsU1lBaE1MM3NsZENRQjBYaWZvb3dRamln?oc=5,2021-02-04 15:21:37,vodafoneziggo.nl,Netherlands,NL
6G netwerk logo vastgelegd door Vivo Mobile - LetsGoDigital,https://news.google.com/rss/articles/CBMiaEFVX3lxTE1qc2lEbklZODlZbGtrZzhWRVhzZzBoSElxaElXeVBDNUl5Wmx5ckktU3RpWjIxdkwxMXZodnhYay1WcTliRVhiOTk1azlBX1FJTE11Nk9sS00zejFWTzZoRVVJUU13TjIw0gFoQVVfeXFMTWpzaURuSVk4OVlsa2tnOFZFWHNnMGhISXFoSVd5UEM1SXlabHlySS1TdGlaMjF2TDExdmh2eFhrLVZxOWJFWGI5OTVrOUFfUUlMTXU2T2xLTTN6MVZPNmhFVUlRTXdOMjA?oc=5,2019-10-24 08:00:00,LetsGoDigital,Netherlands,NL
Nederland in de spotlight op MWC - ITchannelPRO,https://news.google.com/rss/articles/CBMiaEFVX3lxTFAxUmpJdnpLS1JDYVQ1NkM1aDgtOE1uVUxOd2YyTUtOT0hyOWFHUVBrR0d4QlVXWDh4elJHLTdMRlV1TnNfdnpwTjk3TkVLbmdUQ0RZUzBwWDM4UEVBdTJQVWRXWG11d245?oc=5,2021-07-01 08:00:00,ITchannelPRO,Netherlands,NL
TU Eindhoven bezig met nog sneller netwerk voor 5G-signalen - NOS,https://news.google.com/rss/articles/CBMilAFBVV95cUxPX1BaaUYyeGdJTjJDMXlNQWxFcS1JSkltaXkweGItY2JJTXJpeFBlYTc5LUN6RWFvVjVTY3drUmVDNEZQMnZQRWUwRUFQME9POHBlclM4b3QyUkpSMzQzV0xPRFFHZFl4c2oweXhkeldsS3BFb0lfT0t6TkxvWmx6LXVZR1JqcnJqams1UnNwcDFITTEx?oc=5,2020-05-22 08:00:00,NOS,Netherlands,NL
10 things you need to know about 6G - TNO,https://news.google.com/rss/articles/CBMikAFBVV95cUxQTXRkeTcweVhjeWJZZ2F1YWZqdDFSM1BhQ3poLUdiaFdNS2tVR21HYjRiclN1Q3hNc3hKUk5MSlpVNi1VYXpKcG14a3JwcmE2VXZCc0wwTW4ybHdEYWlQSEVqU1d2VWRQbGdnakxYS04za292TEVGRDFaaVJFOGNaM3V5dlZmWmZLZ0wtU0d0Ylc?oc=5,2025-02-27 12:58:27,TNO,Netherlands,NL
Zijn we als maatschappij klaar voor de aankomende ‘technologische storm’? - Scientias.nl,https://news.google.com/rss/articles/CBMilwFBVV95cUxNb0pwMFhacklVY0lvT1dfUHp1cDUyMXp5WUdFODNWZi1kR3VIdndMZFNtejlZeFdWakg5c1Y3UGFhUFIza3pnUDdXWW9LM1hjWXpLTF82WG0tdmRRUUpBV0d4Yno3SjhXVWxJV2tkc3VpZUE0LXdBLVBTV0hveVU3ZWpCQ19tazdPUFJNLUozTjlqclo1S2pj?oc=5,2022-09-16 08:00:00,Scientias.nl,Netherlands,NL
Fabrikanten kondigen Nvidia GeForce GTX 1060-videokaarten aan - Tweakers,https://news.google.com/rss/articles/CBMiowFBVV95cUxNN1FORnA1U0d5WF9wZHVRNklpYmpGVHl4cHJiTGs2UFpmOWU1UUwtVEJ2dzZNVlItZzdtOWhUUmNDOXhvWWV1MXl5b3RtekI1bnhVTzAxaWpmMTJEaVFiUXlfd25KUndUa1NYR1N5SGpYeWJqMWhwUHVQREpYQlo2ZlJxZTd1TEpobWd6ZngyZU9OWFljd21ROWFpN1lqc3dYVHVv?oc=5,2016-07-19 08:00:00,Tweakers,Netherlands,NL
Nieuwe middenstandsvereniging ‘Netwerk 6G’ staat op in Hooglede-Gits - HLN,https://news.google.com/rss/articles/CBMipwFBVV95cUxPUlFWNmtLYkM3TVNjeWQyR045VTNFX3hROFRpbFN1X0dPOXI0c3VDMU5aT1NreXI0QUFPZVptb3Ffb1JHWUs0NkM2QVA1Q2dxd01nejI4N3I3TVJncXU1TEp3dk91MklqVElZb1lpTE5uUlBuMkF1U2dFNmZmNFhnZHdPTlpQWXdCQlpEVTRnQUFSTk9PN1NkdlFzOEtDTG0zZ1d6MloyZw?oc=5,2019-09-25 08:00:00,HLN,Netherlands,NL
About 6G Future Network Services - TNO,https://news.google.com/rss/articles/CBMiywFBVV95cUxNZjRsOWRJbWRCX2JUZjQ2d2tpTU04c2llWnpRMmlEZXRRZXFzZXZSV0d5aEJPQ29VQTdSQ1U3NTBLV2NMMV84bmNOOHJZcHYxdkpacGNTdG9UcWVxVE1jYkx1OHk3N2JPaGtUZFJPTDZfM3QzWWZmWG9FUUJNc19qZHMxZm05bncydUdVYUgyTkJqRk03SVpTYzhaRFpaSm5kZVVTaTdfM0VuRmk0VTJEaFJ1b3g4NFFuUGM1WXdSN0RsT1ZrUlZCcFFWVQ?oc=5,2025-02-27 13:43:06,TNO,Netherlands,NL
"Nvidia investeert $1 mrd in Nokia: AI-RAN, 5G/6G en edge-AI - Пепелац Ньюс",https://news.google.com/rss/articles/CBMimAFBVV95cUxQaW4zQWpaOVJ2SVhaOExhTG1aT2tMUWJ4RjY4eHlHTUpBeDNZZEdIR1FFczhIWGwweHdfTWZHWGEzai1MX2VSeEkzangtVzJkWjl1aElQb21NOHhwcWxuVDRONnhWaHROTjN6UFpMYmtod1JndWV5THN1SFFWdWxmRWY1SHpGYUhLVmRKUVZxMXo2Wkt0MVQ0TdIBnAFBVV95cUxNR19CQmV4NDZBamd6a2dmeGkzeXFZYjhqS1B4YzlNUk5EQTVhVkZJMS1IU0xpV0Z0V0stZXBmc3hPb09qbzNNLUNXV2VvVjRjV3hmSXNBdXBzMXhvdEUyQXUySWh6QWhLX082aTliYUlEU2Y2OGJyWTEteVpFNTJXUUdWMFIwZnZnckMwRlhvUENaU1k1MEdmdDZ6VDg?oc=5,2025-10-29 07:00:00,Пепелац Ньюс,Netherlands,NL
AIOTI et 6G IA publient un livre blanc sur l’énergie-6G - WIoT Group,https://news.google.com/rss/articles/CBMilAFBVV95cUxPcm5QOGpFSXp1UGNhamRVNXZOS1ZyMnJjclRZVFNWMEIxT0p3V0tlazVQYnRSeVhKTUF2LXRya3g2S2pXMm5MSXZRNnhTeGhIZGx4bXJ1SHIxR0FOTERtYUE5V19LSC1LekR0Q2QtMFVTNlQ2VGx5d0F2UHhFQ1JDNXVsM2lleExkOGZiSjlWbmpFZ3pJ?oc=5,2026-02-12 10:40:32,WIoT Group,Belgium (FR),BE
Le réseau 6G dominera le marché d'ici 2030. - Telegrafi,https://news.google.com/rss/articles/CBMiekFVX3lxTE4xNDdQaEVZX2RTeDZDM3Izem8xdTctbE5iWXR5d3JBbGhjaXZJT0VNZ2tNVE5kcU1VX0R6Vzl1d212V3htcWZvYjd5ZWpsbmxPX1NIVVpZU0tPQXFMT3JickpObGNKUDJ6M215QV93aUxrRVliZW1YNk530gGaAUFVX3lxTE41d1V5Zm4tWWlHZGJva2xhdE5Jb29uNy16c01UekdQZDlQLVZ1T1Y3RmlqWTA3S0FLMFRsYm03SW9iZTBjS0d5TGhjWXhWVmlreVhQTkhndExYbXpLOEM3aHFmZVZURmp3M2xHSjZFUGNQMjBaZ2RJLUNyQXV2VW9YZmVJLVJvLWd2ZkRYTFBpRVo0WG9RZE1iQ3c?oc=5,2026-02-10 08:05:10,Telegrafi,Belgium (FR),BE
Explorer le potentiel des métamatériaux dans les réseaux sans fil - CORDIS,https://news.google.com/rss/articles/CBMipgFBVV95cUxNTjVsbE85akF0aUJxNThTSEFESk81eDlHc0VnTVk3akc5bmlmMTVCTUwtX2tkbDAzQklaTTdhaXlaUVNSUEhRWmFneEMzb0FhMkJXRjE0NHhJbTJXQmxmbVZyMmVZamVmenExWDI5djZ1V095VlpRbkhiTk9TZVkwZS00b0dIWkdtQlVGcmY1MklDaUY2NG5GaWE2M0tFUzQ0RkFkN3hR?oc=5,2025-09-18 08:00:00,CORDIS,Belgium (FR),BE
Une université américaine et Samsung testent avec succès le réseau 6G - Telegrafi,https://news.google.com/rss/articles/CBMijwFBVV95cUxOOV9STmtLNWx3SkFCTnF3Q2Y5dmw4NUZMSWItT3Q3RjlfaDZoYlpKckNSY01ENXBKRU5oVUl1UHFfbjF6Yzk1T1NkR1ZuMWc0M0ZXSUxlWFJ2N3FvTHkxcUVYczBBWURFTGJILW5aSmkzR01oMlY2YlkyX0lGOS1HZWIzYUFtZE5nZk9FUnpQZ9IByAFBVV95cUxQbFZIYTZ5Tjg2QUtibjhjM0FOZUlNeWNGM0g2TUtsVEZnOWtBcExDZ0NBR19nMGNPR1hIeGpOS082T29wSW12SG1zVC1JMXhIOUZULWtsandMS3p4R3ZTVnlMUV93c0N3NjZEY2R3ZVBsS1NWTGhaZ1ZqdmxYZng5em5BZ0NHS0M2U3RCVXhUZTB2N0pYZDdZdXYtN3lVTFZHdjZRZzktYlZWZ3ZQb2NkdkhxOFg5QVVDSFhxRm1oU3ViYm11Mm9Ybw?oc=5,2026-02-10 07:37:49,Telegrafi,Belgium (FR),BE
Trump pense que la 6G permet de voir plus profondément à travers la peau d'une personne ! - Telegrafi,https://news.google.com/rss/articles/CBMilAFBVV95cUxQRlJBRlM2ZEF0ZGVEekZwX0M4cW1LbmxsSFJlWG12X3ZTSjZSX0t1by1uQU1zYlE5Z0F0a2VJVm9hazZPM1NnQV90dmdwVlRFS2kyZWR5MmNmeU1YUkhScE9EYVFzOVl2R1I1ZHJfWXlIR2xqc3oweTA3dDhKaHB3YlJCWkJRWmNjVmp4ZU82ZUloNlVO0gHXAUFVX3lxTE5ZbG1OQUo5OURud3p6TWh4UkRTR01zUnRTQ2JjeGlBbEc1eHBXQnBGd0lSRHV6X0VyYjk5b1dfXzhpV21adS1BWXRraFRCcTNrWFRvSlRobEtTUnVTWXFPTEVNTmVCS3hSZHVkWFFTWGZ0ZlVPcmQ0T3J3Q0kteW9MVGFJcTJaVlI3d1A1QW5BaWVjSVFXUWpLcTl0R2ZXa3VTenJuNXlRTENZX0VMcEw3MXdCblpDUHZNQmY0ZXZlY05oQ1Atci1FUXgtcG44cC1tZ04xbHl3?oc=5,2026-02-07 10:08:11,Telegrafi,Belgium (FR),BE
L’ESA et l’UE s’allient autour d’un projet de 6G par satellite - Mobile World Live,https://news.google.com/rss/articles/CBMinwFBVV95cUxOMEtWT0JvYlBkR3hQV3JjQWtmMjh6b00tM0w3SDMtTEpCbXU4c08yNEVQSzZremd0M1IzTXlGRVduMzVfYWYtY0xwbmYzXzNGWF9BSTJDTlZTUjNDaGVSclppUVdZeGFmN1poWDV5WGNOVkQwbENrMFc5Q25PYnY2TkZlbmxyMXhQSzR6d2h5bjAtUjFlZW5iWTI5V0VZdk0?oc=5,2025-10-16 08:00:00,Mobile World Live,Belgium (FR),BE
"Starlink et Samsung s'associent pour révolutionner l'Internet global via l'IA, la 6G et les satellites - DegroupTest",https://news.google.com/rss/articles/CBMi1gFBVV95cUxQT2g2R0x5NzRYUkRyNXpKS1lnSkJOZDlSM3hCcVVZXzBqRG9wTVJiUmhlODlGSHYwQzVlUzRka241R1hmeUN3YTlTczFmNElWOUVkSXk0ZUhza3pnLUNnaUhPbEVGSHVHenVKVDFKWHdPV0thTTNOT19Td1luUWhoWWdoLVZHN1Y4anFIWDlvLTh1TXJNN0c0a1IzcHlxWko0OTM4djBTTEk4cG90WVR0NXVXOUxlMWMzMXgwd1RTaEdkOWowNGJoOGdYZV9lQzFVNGhHbW1n?oc=5,2025-10-31 07:00:00,DegroupTest,Belgium (FR),BE
Bande 6 GHz : la bataille fait rage en Europe entre le Wi-Fi et la 6G - KultureGeek,https://news.google.com/rss/articles/CBMiigFBVV95cUxOTzRwUm9yRGRCZHVrYi1VMDZVOUtRVEw2aTV6ajVMZ1VwZE5NTmN4M0xERmF1N21mdTh6ZXpGVGtRUHJnUzNFMGNyeGxWeGJyQlhvM2VrNVRaV2g2cXBIU3hBWlh0bFhPUTFsMzRvWjFib09XWFlfeldPNFNkN1dGQ1VIUF9aNkVmNGc?oc=5,2025-11-11 08:00:00,KultureGeek,Belgium (FR),BE
6G : quand les réseaux télécoms deviennent des capteurs du monde réel - Tunisie Haut Debit,https://news.google.com/rss/articles/CBMikAFBVV95cUxNbjNKVVoxMzhXWUpnd2RaWUFXajl5dzIzOXVZeHpVR0RMRUVJWDJQeDU2ZVJiY0l6Y3AxNVJVaUliOEVBVzZWcG9ZVmpISTFFMXRYUHZTWjB1ck40TC1neHNZZjlhLUZaakpIWTI3NzZSeWVYeXEtRjRiUnhoQVBNRXdtX1NqTUg1b2JIMUlBVWE?oc=5,2026-01-28 22:19:02,Tunisie Haut Debit,Belgium (FR),BE
NVIDIA annonce un partenariat avec Nokia pour développer l'AI-RAN et investir 10 milliard de dollars pour accélérer l'innovation du réseau mobile 6G - Mashdigi,https://news.google.com/rss/articles/CBMi3wFBVV95cUxPbEpJM3ZqZlVycmxDNHhoTU9zd0U4cWgzaWREaEFFLW8ybmpMS3VtaDh4Y3VpUGdiUTUxLTh6aFptanhWQTB1aXQyeDBtN2dhYTQxb3pZUmM3emhfTXpYS0gwVWFpZW8tQkhOck9GdFN6ZVE3TWFxTHhyMlJoWkFaVU9ncEt3OFBUeWF5RWd2YVROZHB0azdER2ZXMHUtdU5RMGk2NWhvZmpKdUpDTWNLeUJ3clNZSnNWc1lGLWQ2VzVONm5jVjFnT25LWnJLR0NXay00RDhDZFh5aEFUdXNN?oc=5,2025-10-30 07:00:00,Mashdigi,Belgium (FR),BE
Légendes Pokémon Z-A : Méga-Évolution des starters 6G - Pokekalos.fr,https://news.google.com/rss/articles/CBMipAFBVV95cUxPR2M1bGJyc0dZdHotaU84MnpVUWlqeVVxQ2NfTVgyc0FjTmMwWndRWEhSeTRoZFFTbzFCY1Z6TUhZdGJ3S09EWmNVajVkb25fVDkxZ2JHRTBBSDFoUW9DVnliY2ZpSllpODdxaDcxZUpFY19sLVQxaEl4eUtUV1dySDloOXNlMFFhRGNhWnQweGZRdDk0LTctX0xxOUZaMmZ1MXlBZw?oc=5,2025-09-13 08:00:00,Pokekalos.fr,Belgium (FR),BE
"La Chine dévoile la première puce 6G, 100 fois plus rapide que la 5G - Industrie du Maroc",https://news.google.com/rss/articles/CBMilAFBVV95cUxNVzdYbndFeU1nelNZUl85cWJkb3JuOWV1OUgtdUxSVEJJTlhTQk52Xzl1X2RPWmlsbDhQYVRHQ1hrRG9yRVBYQ0NRcEl5RElCVUwza1RHYnBuMjIwWTFzYU9SWGw3Q2lXNlg2MmFjaVJ1ZVBCRm02S2tJUE9ocEZ4aW5kM3RfX2xoWHE5bmdBU2psRXlw?oc=5,2025-09-03 08:00:00,Industrie du Maroc,Belgium (FR),BE
L’Europe s’apprête à tuer le Wi-Fi 7 et le Wi-Fi 6E pour une technologie qui n’existe pas - Frandroid,https://news.google.com/rss/articles/CBMixwFBVV95cUxQVEJNZ25Vbi1LUmt4V3p6OGtQbzhKN0Rzc29HNDlwX2daXzRWeGM0WjVBZkZ4QjhiZmNDVVFta1A2c3dCQjVRSU96VFllSTZPbUlrSnI0dDJtaHloeF9CZEowTVR1US16WEwxV2hXSzhwd2RySENKN3hQZ0t0WmV4THRmRm9hT0N4VW1acU5wVldGNGlzbHd3cFJ2WGFYb0hZcGNhVzdFckIyUFFwNHhHUkYwbVZlR3c4ek9qNWJGUHl3Y2JTeWw4?oc=5,2025-11-14 08:00:00,Frandroid,Belgium (FR),BE
Quand l’IA réinvente les réseaux : Samsung dévoile ses avancées dans la 6G - ZDNET,https://news.google.com/rss/articles/CBMitAFBVV95cUxON0VteVMwMU1wQ1UwWjQtMFk0SmEtbnkwOXlpZDhSQ1ZmRmlzaEhqU2NpYjRRWExPV3FUbzFlSTRYTGNOeW5qZ2JrUjl5TkJOVUNQV0ZoYk55Tl9oUEpmTXh2YTZRaGVqUlhZbWFKXzFlSXpzcHhoTW5wdW9Sc1VNSzR1T3lUTzRNTW5UUEQtUkgzQWZYTzRNUHMzTVRDcml5QzF2UE1qY2ZpT1E4cG0yTThXanI?oc=5,2025-11-14 08:00:00,ZDNET,Belgium (FR),BE
Bisbilles sur le partage de la bande de fréquence 6 GHz en Europe - Le Monde Informatique,https://news.google.com/rss/articles/CBMixgFBVV95cUxNVWdWbTdpZFVCM0VrSmJKQ05DUlhfeTlIQWs0ci1LU1pWNGJlcm9FSmdKOC1KbWdhal9BU1JXMFhxMlZIVlMzdkdBR0pPLTVPMWRsWDZTTTFseTVQNWhxWnRUSWJGTmFCdG1RRlVVc3ZvYVJoaGxTaklKeEFoQktWd0t0d04xeE5HWl9GRG5DSkRGeG1SNE1zd1Z0VjVuc2hGRVRMX1JXaVBDM3JSWmVXWWNVR3VWMUlYMGtyY1JKbVpvQm9xVWfSAcoBQVVfeXFMTWdJUFZXUkNvTC1YZlB4R1JOeGZtbGVGMV9sR0JPcTdkNDk3c181N1h3b0w0eEU1YXJqbWZqMHNGU3cxMEs2S25jVkZqSVJIRVkyVHFuSlViekhUbGZJYl9naHpTZmNWWlpsc212SE5Jc0lNbXkzU1h1YVkzNHZGckdTRXBjMUF0aXNESER2bFhrTFUtZkYwc0MxS21fMGtPbEgxV2hIcHRoQXltWHA4SEx1cF9ZeHNGR0xuQ2U3UzNvVHFMaXBrZFJjQQ?oc=5,2025-11-10 08:00:00,Le Monde Informatique,Belgium (FR),BE
www.netties.be - netties.be,https://news.google.com/rss/articles/CBMihgFBVV95cUxQOHNlRmxwbnBWamc5WkR0VnN6aFNnX3lERE1VSVAtZWZyZktQbDVLU19vSFBZMkpaOTFQRzVkczU3ODBnbldGY3VwVzhLWGNNUXlOb0ZhNXZOVE1CUGxXX2hzRmtxRVQ4V1ZqaFUwRFBoVVAxaVhySFI0akpjQkN5SlVaRGNPQQ?oc=5,2026-02-11 15:16:13,netties.be,Belgium (NL),BE
"Wereldwijde GSM-internetschok: 6G-doorbraken, satellietdeals en 5G-mijlpalen schudden 48 uur op - Bez Kabli",https://news.google.com/rss/articles/CBMivwFBVV95cUxOdFV5OWwzaV9lSEVCbmtJUkdWRTU1TTF3dWxhRmZrb1RLTmc0T3ZkbXd4V1NyOEVxTHhVZHZWZWxZXzl4cnB6VHk5c0tUWEo3RHp4WGs5d2tMTVI3SEZZbnUxaUJpR1BTNHN4RFJKQVg1S1NMQ1NBQUR2MnplRUpGVGkwdUhLZ1VBZDJ6M2FnYmtianlEWl9NeEFrNnRUVlpCbFRQRmdSYVRaeEpOUlFtQVRtcjlqcm81bUFSa1RpSQ?oc=5,2025-09-17 08:00:00,Bez Kabli,Belgium (NL),BE
Test met 6G bereikt deze duizelingwekkende internetsnelheid - Bright.nl,https://news.google.com/rss/articles/CBMiowFBVV95cUxPbU1paEpxUGFuWDREZHpLWDdpRk1vTXdzTVpsZ09MRzQwSHl2NUFRa0JJOVVzLWRLR1ZoNmJPTXUwa0QwZlpPYnhkajUzYXdnR0s0endXNXJrVlBITlpiNkdZN040UkVSM0dQNmdwMlp4aXA0YjNJTmNRODJ3SUhLTGUzak4yeXJablBrRGo2MXo2bkhnYl83cjQwOXZMX0RoZnBB?oc=5,2024-10-17 08:00:00,Bright.nl,Belgium (NL),BE
6G: 6 vragen en antwoorden over de opvolger van 5G - iPhoned,https://news.google.com/rss/articles/CBMiZEFVX3lxTE1mQUpseDZXLWIySDZNaU83RW5odWh6N0FDc1pUbjZEX2R5OUtZbURWNDJYbGFvUU9kb20tSHVOb243bkxJRDFiWkxmWTE0YkE3eU1SQlNKZGRyMldxVDRwNzFmSWzSAWpBVV95cUxPdlltLWQ4dkI1QUphVVc2MUJham5zS2wwcHFCaWNUeFhKWG1lc2ZHaENsUFBCNmxpazNOU1dkTHFhNG9xZ1dUZ3hHalJOcTljMkJuaDZaMkhvTWM2MGZmQUVETV9LelNsTnZB?oc=5,2021-03-09 08:00:00,iPhoned,Belgium (NL),BE
Goed nieuws voor vier projecten uit de derde ronde - Nationaal Groeifonds,https://news.google.com/rss/articles/CBMisAFBVV95cUxPOWZSMEpTM0VhSE1EaExSMGtQMUIwQk4zOGE1cVkzNFdzWGl4WDNzblhUM2dOV0RUUXZjcUtQTWxfM1BYUENJcGkweUN4MEFlUzktRTcyeW1La2M1TUVoTFJIek9VM2dhME1ZbU40OFRBSlpPWm1kLWVlQWVMaEc5cTFLRTBxcF9HUnRUajNFTmZzZFh6dnN4ZkdDNDdTa1RucWhyWjlvVjkycjE5SmFxdQ?oc=5,2023-10-11 08:00:00,Nationaal Groeifonds,Belgium (NL),BE
De 5G a 6G: Evolución inteligente hacia la convergencia total - Computing BPS,https://news.google.com/rss/articles/CBMipgFBVV95cUxNX1NCdlNqQkRMUUxZRjM0TnlsTlZYWU1WbXNEcldMS21tbXZ0UXlRbzdtWUZZc3BienZoWnZ3MS1SWmhBQm4ycWQ3VHpKMnJvSzFGX3dwNlR0MnhjaE9TOWUwNHhoRWFqSVk1SkpoUzhnVVphaC0zMmRBdUhDdlBrTEFXYlF3MERTOTd2Wnc5SjhFcVdRRzhGYk9TV2FDUnFIUUlNU2R3?oc=5,2026-02-11 18:07:22,Computing BPS,Spain,ES
6G y el futuro del trabajo: ¿estamos preparados para la hiperconectividad? - Asociación para el Progreso de la Dirección | APD,https://news.google.com/rss/articles/CBMiZkFVX3lxTE9SaFlFNHpRRlhrdjdCZnQtb1BTQ0dpV3VHSEljdHdlZ2FUWEtWMGxJS0VhWEtmbUduOEdUa1BzYUhTcERpMHVNVVA2TUNXUjN0RGctbktCVFZhTjNXYlNwUHMzdjl0QQ?oc=5,2026-01-22 08:00:00,Asociación para el Progreso de la Dirección | APD,Spain,ES
"BEAMMW_B: Revenue up, losses widened, strong cash, and strategic 6G focus drive future growth - TradingView",https://news.google.com/rss/articles/CBMiiwJBVV95cUxOOEV0cWxuTlNISGtlSVlQa2lMVDZHbE4wbmJydm9MNjFfOF9McV9Lczk0bGhRSjY4eEJvc01UdW8tcWgtdEl6UFc2S0p1YUFrY2xESVYyakNLQmgwcmsya0ItMWtFV09Va0V3WHQxYjY0OHB4UUU4dm5fa091RDY5bUJBSVdXZHZLYUw0OC1TVExuVjJBQ0pjNkRGTmNaMDJXZkVTX1dXU2daMnlxckYwMm1Pajlpb3Iyb3ZxUm44QkF1V3RoT3AycjBmVE1HcVVoM3lXMFk2T0ItZ1hNRTd3SVZEQkU2UU9oMzA0dDNFSnlRaGt5Ulp1REhIX19PWjZwYkFhNU5DNWlyaTA?oc=5,2026-02-13 06:30:00,TradingView,Spain,ES
La Comunidad de Madrid estrenará en el primer semestre de 2026 un Laboratorio 6G para acelerar el despliegue de nuevas redes y tecnologías avanzadas - Comunidad de Madrid |,https://news.google.com/rss/articles/CBMi-gFBVV95cUxPc0E3MG1SRzJUOFozWVMwVnpVdDZfbjFTenFkLVdEb2V0MmZiZllDdnpoTTRzSG04SHFsTjd5TTBSZDBoc2RKZVZTZUJ2cjVBZ0dNeGZEbFljUllZMVNQcXM4emw0RWd1aU8wTXB6ekp5c1YyN25ldUx3XzhaTF9tMVI4TmY3OEZwOXplQXZFLUp3VlZKRkxzWHZWd3d6X2E4RWhlVWJPZFJnS3AyMjVRUGlRYjhqTXRYZDMzQlhmYVpLdVBWLTlTTjJ6NFJVQ0EtMTg2TUYxYmU4WlVuTVEwT0J5WldmRXpLY1B0YmxRcmVibTY1XzJLcTJn?oc=5,2025-12-08 08:00:00,Comunidad de Madrid |,Spain,ES
"MasOrange, primer operador en España en desplegar la tecnología 5G Advanced, la nueva revolución móvil que anticipa el 6G - MSN",https://news.google.com/rss/articles/CBMitANBVV95cUxPYmtSbnlMbG52RXdzdWwwcENXQUJha2x6bzN1QmZzbGxFSzlZQnM3M0tKT2NyU2tValRucUtZVE1xc2dLNnhmTVgzb2tUZkJPSWhNdWozaXVWRW1EZkZNMnNvMGlSMURBbnBySTYxaEg4NXZGdy1hRnNuN2Q5TG1WNWlmZlgtc2cyZVFHVU9BelpKcHFuOWwwQktMSXpQdThwUVN1OFZYdHUtbFpmY1BfVmJmRTFUTGVVR2tkeURIbnVwWEtGbC1wT1Ixa3RETnQyWE0yNjA5VGlnQ2xfaWdNT3E1R1ZsWGtJYWdhbTFqQzYtQTlaYXJVVW9IVHVzSFYxYWN3allDUzlBT3ZSaTh2NlgwckZFOFdKWTNhNko2VklDakszQmZjMldsa2dnSXdUb0dyNFBHREVwb3hycHp0M0g0RHhqQk50YkYzQXVlNFNPMGE1bnRreldLS0ZLRXNkUnU5eEZSMjlyMmUyOWhFNDZwQWd5cVdQT2VPU0l1SUFOYkpXc1UwV3RMUFBOcHB3RUo0dWdXVkVWVUg0aHNwZDZnNTdROEVkVGxvLTctZk1jVHZ2?oc=5,2026-02-13 02:39:26,MSN,Spain,ES
China lanza el primer 6G 'universal': 5.000 veces más rápido en cualquier lugar del planeta - El Confidencial,https://news.google.com/rss/articles/CBMitgFBVV95cUxPanpTblhXV3JWN19DNGVSbE85bjQ0TTM3SDh6YjlnVkY2Ny1fcU5Lb0I2dXlmazlUeDA2UUF0STY3YkJCcVdWMy1mRXlISXZtQk81X2tVM05IUU13ZHpNdlN2NGo4bzRpVzhLYUJ4anJLYkVScEtTQlhET3N1SF9CMVV5ZmhYRk9oQlhnUkQwWVRkQUJmVDI2R3hHM3BPUnJueHotSUZTY0NEU0FNQVUza1p6eU5XZw?oc=5,2025-08-29 08:00:00,El Confidencial,Spain,ES
La conectividad móvil ya no es el reto principal de las redes - Forbes España,https://news.google.com/rss/articles/CBMilwFBVV95cUxOM2V2a01VLVNMNllNWm5kR0hFQloyNjhxcDlrZlNhbDZ4cFNLVVo2cmN0eElLc3o5NmMwaEtiQjluV2NtNk5PZzMybEhzc3JGQVc3RlpjQW5JV3l4TTIxeVNGSlcySkdMbExKLUV2NTJrMUJ4QlBIMXNLVWpyMU5OZ3k4RzhwbXdNRk5kWW9WTmh5U0kwU25V?oc=5,2026-02-10 08:39:34,Forbes España,Spain,ES
"Las redes 6G requerirán triplicar el espectro para satisfacer la demanda de datos, según un informe - casadomo.com",https://news.google.com/rss/articles/CBMiqwFBVV95cUxNSDZqcUxudjN3UVgzZzZlekFFWW96cFZEV2VTbmxMWWtmREQxdWoxNEo2NHNna2M1LUdpNHRVR2dFenJMRnVMTlB3ZmlOMlRSX0xoVFN4MEM3UlpNb25PWXloRlJSb0VFbGpxVnBBZF9BVlFCR0s3T3NJanhpaEpqaThxbEx0WHROd28xRTRlUnVqbWxSZFVzUFFBWEVhLUFMd3kwTGQ2QVlQRGc?oc=5,2025-11-24 08:00:00,casadomo.com,Spain,ES
Así es el chip de 6G con el que China pretende adelantarse a Estados Unidos - nationalgeographic.com.es,https://news.google.com/rss/articles/CBMivgFBVV95cUxQejE0QTlMSWF0RDlJcl9RZHp5SE1uYmgwRWd0UkptZTFZc0ZfQ1lhemZSaE0tVXpRMXlCMWpiTkRNYkpRazA2VTBJMDZfal9CMUxZWjdyeW1qaWw3VjlmcGxzeFp5ZE95c3ZxTDRtSXpvcklmVXhpTlMzT1RRSXlxSDJKdnFMTFEydldrQllMRmlCOS0xUUtrb2NpNXdadGFIWkNROE5PTDhYdE1UMzBGSUNyY05Qb0NnNEx2VmlB?oc=5,2025-09-24 08:00:00,nationalgeographic.com.es,Spain,ES
Intel lleva la IA a las redes móviles en MWC 2026 y adelanta el camino hacia el 6G - madboxpc,https://news.google.com/rss/articles/CBMicEFVX3lxTFBZR0d4aU1nMkU4bk54MGVtcXZEUXY0MVJOcG9lTWNodnBaaHljdzFZeWZSNTZYdWt6eEJSczNXU2RMM0pPZ29xMVc4VTlTNy1EbUtDNDdmQ1ZBcU1pdWtXRWlzeHNEbjlWejBteGJERk4?oc=5,2026-02-12 13:34:43,madboxpc,Spain,ES
sns-ju-abre-convocatoria-2026-evaluadores-5g-6g-redes-inteligentes - esmartcity,https://news.google.com/rss/articles/CBMi_wFBVV95cUxPd1JBWFJIUWpFeTB0dlZMTUh0eFBhampqd0l4NUxxYWNFU0dpTlF0WHYyNkwwVHMxTl9IVTRoSkNhbGdGU2Ntbk9VUVNkcGR6aXdseGt0U3dPcmtlUDJKaFIyS0tqTDcwRmV4TWpINkV6RURSd19SWDhRR3ljM19Ia3l0cmMycVhQenVIeUpMcG91QzRvNndPcXRBdUQ2VUlaLWNRWjRpUGNHRVdPS3d6WnFTTldsTmt2ZWVZWmR5dU91UzlLNmlXM096LTZoX2VjdElDZkRGTkZwTEc3RlVEcmNRaDVtdlNNek9fOTh6eXJkdzdVTFl6dERJZEVudFk?oc=5,2026-02-05 08:00:00,esmartcity,Spain,ES
El 6G cambiará las redes móviles tal como las conocemos - Redes & Telecom,https://news.google.com/rss/articles/CBMivAFBVV95cUxQOFhHNlhhNTBLVXQtRk1MX0dtRWxhUmloTThCbG9VcVpmcnBRWnJUWUFRNUFqSzQzSjBFWlQ3NFI2XzRrMUlZNC02Z1lGUHM1R3F2a0xLb3NIUllyQURldWhPVEhINTlaZWdnWjc4RUtUbm9uajN5YXpNNURRWkNuSFZDNlhYV0lGVGlVa3lPLXhTRXlzRGNYLTdBNjVfTklFNEUxUl9pbWVwelhXc3owMzNPcnpzWEdqRkFWVw?oc=5,2025-09-04 08:00:00,Redes & Telecom,Spain,ES
Cinco grandes cambios que traerá el 6G en España - MuyComputerPRO,https://news.google.com/rss/articles/CBMiUkFVX3lxTE1DTVJLazFVaDdudXdLNXg1c3E0OF8yLVp0WWl5Rm5BUDJBZGE0YU1QaFNsOHlCUVI4M08tODVQQlU0MlhjS0xtQUhxZ1ByZ3IxNmc?oc=5,2025-09-28 08:00:00,MuyComputerPRO,Spain,ES
Cataluña entra en la era del 6G con el lanzamiento de el primer satélite europeo - EL PAÍS,https://news.google.com/rss/articles/CBMizAFBVV95cUxOSkluY3BQNm5NZzRSV1h0dzFUb1c3NzUtekNYVzM3ajhCOW9MbmhkdUJqbGUtQlY5WC1aQXk2eUFHeTZUTGR1ZGpIUGhSVDhIaE5yT21GVFJOZ1F6QWlYbmxRLUU1V1A0MFVGMmtUZzU0dFhPZjdHak5iMkdrZ3EtWlF0LWRVbkpJS3MxN0RRRlp3NkFfRkNlSlRoXzV1VFhCZlhRd3FUYTc3NjAwQUJOc2ZmSkJGV1VnUjBRQzlacEVvbWlvcEZ4Uk5uZljSAeABQVVfeXFMT1lNRXhWVkZRRUlJRTVwQ1hER2dhZVhlNnJRb3Ytc2tWMk1ESFI2RUFtR0lqaTJKLXJFaVR2bnR6aU1MbmxOMWdKd1JtX0xfZ2ZzYV9Sb19ONVRaczRqT0tUeHY1WmFWVEpSc0VpSmF6MkhENHlDSk0ydVItNklhRFNEd1JVMzFQeGpfX0dUamtMMG5rNzQ5dllVUGNtSkRQM1c0blF0UV8wY0V0aXc1ZXRxUldtb2JqM1FXMDJBS1BXenN6VmtkV0cxdXFWeHBZOXVFcTN6ODI1NmFLT0hSekY?oc=5,2025-12-02 08:00:00,EL PAÍS,Spain,ES
Dentro del banco de pruebas industrial de Nokia: así se desarrollan las redes 5G y 6G desde el norte de Finlandia - El Español,https://news.google.com/rss/articles/CBMiiAJBVV95cUxPRlhIOXBWY0tZV3dzV3F0ajlrdGxLazJFM0wzdTlLUlcyY05uMDFVaFAxbGFPQ1VidTVCR25kN0JXYnp1cklTazVFUEZLNVhvTkl3SF9lelgyU3BHdlFSNG5pcGtQdHY5Um5Oa1VVSk8yMjdKWWJ6eHk0cWhpemgtMldsLWdIcF8yWVhuSXZfQXdYazAteGlBeWw3U3N0UHZqaC1BZVM5aWhlRzQ1SEt5SnlMQnJPbmxXOHg2bFczVVludnZRalhlRDY3M3VvdEJtVW9Edm1YeGZwNURVV1k0QkhabE84T09NdkFVay0wUHlXbW84VU5qaFFWT0U5ZHRPdUhwcUttcUTSAY4CQVVfeXFMT1NLbTA3elltOUxlTjZ0cTZwZlhrenROek9KeS1lUURyWnN3X2o2SmpKcHgwbWVCV1h2YUdpcHF3ZUU5cFV5dHlMU3lybWloeHQzR2xra2M2Y1FwUVQ5UUFIY2xmZEl1LVJZeDlucU80eWlXS0lfME1odlR1RkFQUFhBUVJtSzBNdVVsSXhjbmZDc294X2hBRVFNX3U2cEZBakpBNGdLV1Z3QTJVbldqcmtLM3drV1h0WHEzay1la2ZIczVuNVE1YnNwcmwxWWtFUzBjUGk3NlFKeUh2WGJKU0MyMkRrcUwtTjNFNHlWR0VIUjVFVTlwellRaGswTFhodTVzclVxV2lIYnpiOXpB?oc=5,2026-02-08 02:10:16,El Español,Spain,ES
Tecnología 6G y su impacto en la conectividad y digitalización - Asociación para el Progreso de la Dirección | APD,https://news.google.com/rss/articles/CBMifkFVX3lxTE1fV1lNX1hsdTZJSURXWDNpbGFOc215TWtNMDJlM3NHcjJuMmZOYUx0MmRJcEZNRU56cnFCY3hUa2stdGpVZHVwNDYyTmxEcDlYV3Z2MU9xZU51d0pkU3NEZnVLanY1SWRLOFU0WER4UVJsM08zRTVrQ21vLVVyZw?oc=5,2025-10-23 08:00:00,Asociación para el Progreso de la Dirección | APD,Spain,ES
"Abierta una nueva convocatoria para evaluadores de proyectos europeos de 5G, 6G y redes inteligentes - casadomo.com",https://news.google.com/rss/articles/CBMiugFBVV95cUxQUUhXcVQtMUV2SjNWVmREX1l1Z3F1UzFXMUdZZmw0SXJJNjVWeWgtaVNxNWd5aG1heTVEbFc5MUZCWkZHOVZpVk5INmpEOTJMMTlvRktOX0pQWS1sS2ZRdFcxYzYxN1VGUjNSNFBQbHpkbnRhYmZCTEJIaWtDVDdDM2dIenA5ZGl3b1ZrUGhNSkUwMU80S2NvUUR3UlZOd0xNMHRTeGFTZXRkSXFhTldBWEdHeGtFcWZrOHc?oc=5,2026-02-04 08:03:45,casadomo.com,Spain,ES
La Comunidad de Madrid impulsará un laboratorio 6G para acelerar las redes avanzadas - casadomo.com,https://news.google.com/rss/articles/CBMipAFBVV95cUxQa001Ri1acFdxVlNGQzhnS3ZadWlQWmxtaVh3Qjl2YmhRZ0hTMkFjbGxXdlh2d2hxNEVqVHhtU1RaTm9IazZMTjlzUlNJaTEwUDBsUUFBVkZwX1ZBRlJVWENhWEhxSnZsZnhWUzdJbGRIbWtRazlQSTNyTmJzWXFlMnRPOXU3RTN6TGdidXhtUW1sVEQyLUYtdVhBNF9Rc1FiNGloUw?oc=5,2025-12-10 08:00:00,casadomo.com,Spain,ES
"Los proyectos Advance-6G, Test-6G e INES impulsan nuevas infraestructuras avanzadas - casadomo.com",https://news.google.com/rss/articles/CBMitAFBVV95cUxQUGt5U1lmWk5mWHNVazY2ckFLVUJrZ1J5eWJ2LVhQQURlS0RHbXJFdkJHanNoWTZjb29VdjZSeERDSnFvNVU1MkJETzJvQW9Jc2p4VVhwNS1yVkJpZmpmZjZKZmFvQzN5M0I0aDdhRFJtdE5pbVFkVE1HNFF4UkdqWEtKS2g2UWtqTjdUWlFKdkNfUk9jVXdXWXc5NlhBckdJcmdwcWxvRkh3ZDItWC1WODdIc1c?oc=5,2026-01-20 08:00:00,casadomo.com,Spain,ES
"La GSMA advierte que las redes 5G y 6G pueden colapsar. Hay solución, pero los Gobiernos tienen que... - Xataka Móvil",https://news.google.com/rss/articles/CBMi0gFBVV95cUxOYU1uV0NrLXlfalNocU1XR1VrWEpjWVVPYzlwblQtTU1ldno4WFF1MFg5dXJ0Nzk3NmdUOGQtQ2VEbFJnRVp1eFdWN1B2S1NROTBFMnVQT1cyMVA3SWhGZE14YW8tZzRxbUtWVjBYUGllVTJoWHJRT2I1R2RJNFJ1cDc2dTJjZ2t2dks0cWcxcVVnTzRDOVJDNWprM3l5emhFbFVkbm5uUkVTSFdNUnNtX254UDZUcnYyOUFFMHI5LW1GSE5EdHBINWxJc2o4aldhRWfSAdcBQVVfeXFMTkp1blA4WFV5UjhGbE9RN0c0NHdUazNrOXZFWlNLb0JFbzh3clhZN0duaU5wZTUydjN0aDJPbDBDUU0wN0tCNERjNjRZckE1QnExYWd3U1NHWDdMNTM5WGhJVnpBbEVRQ1lCVFR2azkwMHhRVllOSzJBRkM3THZVQ19kSFNwTVB2WUVfMnNReWVRaFdHZmROaE5xY2RMQm83N3hPb2NEQ3dObzdHZzVJSmlicE96RGlib05qcHhzZy1BbWtuSHMydzVURnU3Wk5kc3E5REdDOHM?oc=5,2025-11-23 08:00:00,Xataka Móvil,Spain,ES
Los aprendizajes que nos deja 5G en la evolución al 6G - MediaTek,https://news.google.com/rss/articles/CBMipAFBVV95cUxPR0pQZXpHMjNkYXEwV3NFZHdMWVBfckNHUmIwRFJOU28zbHZSUTZhcnRxVUZja3JsR1VTV1hjNFg0S0Nkc1JCekxQemowVS0xWVZfOW5hSXpoVnhKUzlubVFPMzhDcEx1YTZCVHlyV3BlanpjQ0c4NHhVVWJBVHVXUXhiMTVfVGRNX3gzemlQanEybkNyMVhHVV93bFFkQmk4OXpQWNIBtAFBVV95cUxQQ0dhdEo5cE1HSWVuQk1qX25heFBPSGtNSXdzY0xoUnhmakJMRVZHR1hPUFE4cnZKU05paS1Ib0YxOFZNay01UGg0cjhKTm9iU2VSOVprWmJiYVM2RnR3TDdSUVJHVVQwb3J0NW1pb1JiTmVzQVlfRmUwaHBwYXJaM2g1aFhsZlNoNmlhSVFDSWRYM0hWYktRdFZxZzAzRGhRanJoN01IWlJzVEp6WVpmS2t1ejY?oc=5,2025-11-20 08:00:00,MediaTek,Spain,ES
Las redes móviles 6G necesitarán hasta tres veces más espectro que el actual - Zonamovilidad.es,https://news.google.com/rss/articles/CBMimgFBVV95cUxQWmZOMkM1c0czaUhPVTdYbkFSZHU0emtaQUF3TTdrMFFaNW9mZ2NhSWIyZUxXb2ltdzdQalRuWER6NTdnWU1iRms3UUlwODhHTWg2MXpHWWNQY1lZWXVGekc1V0NJY0tza1dxSXNpLUdfQkMzN2FFNHZta0lucVVBVXQ2NWFGcDI0ZDJjWFI1WnlROVctY1RnVmJ3?oc=5,2025-11-21 08:00:00,Zonamovilidad.es,Spain,ES
"Ciberseguridad en la era 6G: nuevos riesgos, nuevas soluciones - Asociación para el Progreso de la Dirección | APD",https://news.google.com/rss/articles/CBMiZ0FVX3lxTE9HMnFjcHpNM0tXX01tOHpGT3BEMWR6Vjd6N0JYdzdQTHBCdDZGZlFuOVhSWXg1c1B4TGdoeXpERzFSQmE5c0s2eGFDOGxqQnF4MWtSMnBtdlVSUmRvaWNzVXphUWFZMXc?oc=5,2025-07-23 08:00:00,Asociación para el Progreso de la Dirección | APD,Spain,ES
El proyecto 6G-XR sienta las bases de las comunicaciones inmersivas de próxima generación - casadomo.com,https://news.google.com/rss/articles/CBMirAFBVV95cUxPUThhSzJRQWZuMjdqMUVSaFh3dndUWGVnLVJTenptLWpRUGFrdzNQNVRVaHdvRFR2Z2F0WDFGNlRzWUJ2RmEzZWlMaXpGQ0h2WWhneVhzTXNjRnQxdzYybVFDWm11TVM2X3dCbWtvd2tXT01LLTZyYmZBcXd5QU85VklYUlU2bS03czJCVmNSakVLalpKSDBCTmxFM0lhdjBWR29LOERnc1ZSRFlP?oc=5,2025-12-19 08:00:00,casadomo.com,Spain,ES
Catalunya lanza un satélite con el primer laboratorio 6G de Europa en órbita baja - La Vanguardia,https://news.google.com/rss/articles/CBMivwFBVV95cUxOZEhKVzJuZEZMZS1XQXdRRzROMmU1UTZCNDVkbE95ZUZDRl9ReDJncFhLaUw3Zmx4NC1FOEh3VE53dWFicHd6dlE1M0JNalZZNVFuaGV1T1otQlFaazRVTS05bDU5eEktelFkRTFqQWhsbjByV1hDcDNwSG1XcFhCckhlS2RadXJxb2NxdGFXS1EtdDdqVFR4MEV2Z3JCSEpSMXlka3RtbDlpcndWSWlmVVdBdi1DWm1wTjNjU3FKTdIBxAFBVV95cUxOSnJwOFZIZk9XSU5FWFBzU3hQN09DM3d1RnYteG42VlhHVjROMG44MmUwcWdTbFl0NDd3UjN2ZmJQRUU4N0NZNkQ4VG5vbGZ5Sjd3OHh3ZjZwcE5CZFBWV0ZZUjh2QTljbkF6WTB2RG5nYVRiSVk1MllRdDdOV2l6VzI0MDlHQTZOeUtpVEtjYWFLeWJSRzFrWGF4elFReWhBOHBKeG9DOHBwcllvV0NJZUVwbDB4ZGotRW1PajZHa0JhVE9q?oc=5,2025-12-02 08:00:00,La Vanguardia,Spain,ES
EL 6G podría usar tu cuerpo para funcionar - Blog de Lenovo,https://news.google.com/rss/articles/CBMilAFBVV95cUxQUUJYVDhqVHQ2WElHemdUaW44NlNadTBJM0p3aVktVDhSNWZHSGgtbG9qdlE3Yk1lMXZFNThpZ3BkdlZOZzI4UXdOQ1RaRXVNeXMwMXJkTEhMMlBqUEdGUWJzY0JXWk9PU3FieFBiN0F5dUoxX3YyaTF5UkxYQ0diUm5TX2t1WmtXa3JHMlBKRzZINGVX?oc=5,2025-12-05 08:00:00,Blog de Lenovo,Spain,ES
"Telefónica, Nokia y la UPV validan con un piloto la utilidad de la banda de 6 GHz para comunicaciones móviles - UPV",https://news.google.com/rss/articles/CBMidEFVX3lxTE5kSjJMM3JpU3dPVjN2bkc4Vl9Ld0lJQTAyT1lUd2xZTU9WbVAxSkZITTM4NktheEk4WUU0NmRyYlF3c0tNZFViLVR1R2pDMnZic2NYc016NXlqLUkxT1R1TmZLNEhCNVN1a3dYR3kwZHVaSmNo?oc=5,2025-11-12 08:00:00,UPV,Spain,ES
Madrid tendrá 6G en 2026 gracias a un laboratorio que acelerará el despliegue de nuevas tecnologías - El Debate,https://news.google.com/rss/articles/CBMi2AFBVV95cUxQVWExNnZZMjM5d3V1Tkk0UnlSQXpvM0ZNd29Ubk5fSk01TW1sNTFTNEpTa2pFeTVTU1c0T3JNLWtWOGVxclVPTEFSRnk5bUF3aG94dWhNTnlZZ3JjUGRNanZXYXB1MXhLYkVsS3d3aE9FZzA0UjIzMDNDWHMtTTRFY3FnbHItLVB4WkdYOWZhbmJ5aTlhUHVRcGVxNnZZeXAtd09vRlZQTEhfMm9peFR5TURraFNtQ0VOYkFaaFdOQVNjSl94bVJ2NVhsRU04ZWZDcldoOU1nSXXSAd4BQVVfeXFMTk9RTERkWUM0ZHcyUnNUTlJyT1ZLZnJWVkNKRVJwbkJ4SmUyMzNTZ1pyaUhnVXBIaDFYa2JrZzZ3MUtLT0FmcEc1QUd1QXdzMWgyTy1xZi0yTXlZc1BiTHhrMENMWjZpSnVUVWRVWk8xcVNsUkhUQUlwX1F4Z05Hb3F1bDlMMUpZVkY4UHZLNFNnTVFwTzlUUWJqSUZfUzk3RWJ1TTE1d0FTVUdRU2dWdXZGVWd0SE9UMzJLelRlQmtyVUdMNGQ3LWVvVEc1bWRJXzJnSHI2eS0tbzBBemlR?oc=5,2025-12-08 08:00:00,El Debate,Spain,ES
6G-XR: nuevos pasos hacia las comunicaciones inmersivas - Redes & Telecom,https://news.google.com/rss/articles/CBMinwFBVV95cUxQclBFcnpveGN6WEtoQmNHeHZzbVp4b1NkVTBhOEhCdjNwQlZjTkVUYVNQZWo0MkxUdlpsUGtlN05wVlJJdDh3WEE4OV9iQmZ3RlFpbUtVVTlRS2ZlMGZyTmxtaXFncEgyX2dEUkZCYWFpSUlfcUpNdzlRbzM4QjJHN3NrVi00aERjUV9qRGRicGxmd0RpbjYxTWs5T1I3Y3M?oc=5,2025-12-16 08:00:00,Redes & Telecom,Spain,ES
Qualcomm cree que el 6G será la red definitiva para la IA y ya le ha puesto fecha: la realidad es que el... - Xataka,https://news.google.com/rss/articles/CBMizgFBVV95cUxNMi1LdlhDUzNEU19UdENkOHNOTE8yeG1QejZwSVZLdzcxNWdhS0VBUHQ5M1FObHFfM2Fxd3JmcVZ1bTFITVRubjc1OGlWWGNMMmw3azhxRlJudDk2SUhlZ0ZRVDZ3OS05T1NScExLSk5TdUw2akJuYlVlYld2aGRtQ2JEZHoyZG1OWTZNb1NodnRTM0RUT2N1RF9aTnJPV3NyRGtEa2wxV3pqenBoay1xVDh2YUlRdDl3bTBGUE1kSDA3LTNCaGo4Vmt4T2Q1Z9IB0wFBVV95cUxNNFFPNXdMa2I2bk1UNlRISklhNlZ4S29tYl9MOTk4a2kwVzREUW9xcndPZV9VUXZHeXdmd1Z4RkJ6THA4VDVzWWtjTTBaNkRNdXlYb0JpdndaV0lJQ1JJcXFvU3pqVkg0VmdxS0JiZU80Qk50dFc5dDdVa3doLVNSY2ZLSU1fYnNJa1NlbHppTXRZVF9uUWNqTkJnSGNidXRBNFFsTmdaLXlRX1RwT0lKQXNTN0k4QkV0NFl6OVhiX3pSbUtORzhqYkVza25vQkJ4aEVN?oc=5,2025-09-24 08:00:00,Xataka,Spain,ES
Internet está a punto de cambiar: China crea el primer chip 6G 'universal' con velocidades más rápidas - 20Minutos,https://news.google.com/rss/articles/CBMirAFBVV95cUxOcGtzazlVb3gtaW5rS3B1c0l6Y0hDZTNFSlhnaERFM0NsVjNKMzc3dktPYmFtaVlseGpPM1FuS0lsbUh5a0ZwUWFfcGwxZzdfUk9TdjZZcV9hSzVrNjBuTHlaTFNKeVlIaWRDeGF1X054V1NuWGpXVUdzWnNrampZY09hejl3Y0x2TlFCbW1OY1RNNXJCbVM0U2tweU9va1ZBNkNPM0pJYXRQVXR4?oc=5,2025-09-15 08:00:00,20Minutos,Spain,ES
El 6G ya está en marcha: qué cambiará frente al 5G y cuándo podremos usarlo - Infobae,https://news.google.com/rss/articles/CBMitwFBVV95cUxQUHAtSUh4ZVpIZksyVWNieUZnSGpVbW1hdkFOZmFqQWNVU050NVlrYVA2VjdRVlBsYXVwZnVSeUF2djVCXzcyLUNqVFNnSy1laURIbW1JVzJ3Q1Y2RXAzelBxb2RLSWJOU3RUaU5JZFFEUURzbHJsbXVhakNCb3BvaXpyMGl0WVd1TWhzd0hFU3hPU0dOVG5ka1VkVEdOSnJIdGpnQkRrSGtoQ0V3ZTJJamNuMzkxeWvSAdIBQVVfeXFMTVZxcTdJVUdRRXp4OGdGOGRKdmlsdGJfMk9QQm4yOGtoUl9SMUwycHUyN0JYRlc1SFp0TWdrMU03X292X0xPYy0tX3l6RklYYzdDMHVMUGZZVGZjWDRkVmFiN2xVUmpPUEtkTng5YmpQUjVjVkZIRUUxWDRWQWZMRW1zbWJmRWpncGtfZGdUbzJkTVluU3Z0UFpwaTdibGZkQ0YzV2R5bFFRajJrYmFfanRidm9yWDBvbjZnUkFxT0xhbmRvMVdFV0E3WUU5aURYOWhR?oc=5,2025-09-02 08:00:00,Infobae,Spain,ES
La Comunidad de Madrid creará un laboratorio para acelerar la transición hacia las redes 6G - El Periódico de España,https://news.google.com/rss/articles/CBMiowFBVV95cUxQeUhSNFBTVGZ2SGVfc0RLTVdqd1NOVWZXS096cHZvSjZxbXZ5a2FMbzFIODlGS2tKUE15N05GLS03cGtyLWV5TkVaelhEVTB6SnM3cGVjWmZnNzBoN1FHSWJEUHdsbWViaHZTRW40WFF1QkFlUWJRemdWcU5nMEE3NEhnYlg5Qm1maE9UV25KdFRiMnl1ZFlHaXhSb3U3YkN6cDBN0gGjAUFVX3lxTE9zQzNESzIzc2Nua01jbXZJUWhBSDlfQnlzNmtWbnA1MjFFZnVydFZIRnU2QkN3bmF2TE4yMjR2RmlXUEhXMC1wdE1SUlFwLTRyS0FkNnBvaFNFUGYxZUROUDU5QkdNdXF4dWpXNGhLSVpoVFNXeHk5OWlYeDhZUXFnUGpreC1pMF9DMnM1eWZtNG90SHAyU2VaNlRpLUYzTWVxRE0?oc=5,2025-12-08 08:00:00,El Periódico de España,Spain,ES
Avanza la tecnología del 6G - DangDai,https://news.google.com/rss/articles/CBMiZ0FVX3lxTFBocEZ4VEtZb1RweVNld3gweVd2czZsNFZ6eXVUREhFQ2t6djBKa3hGMmRybDZ6a2tPMS03Ti1hM3N6NzVNX3Qxb0hKMzcxSndIanpKM3FzVjZTQXEwZW1CQUdDbFpFMEk?oc=5,2026-02-10 13:17:11,DangDai,Spain,ES
El satélite 6GStarLab permitirá impulsar la investigación de las futuras redes 6G - casadomo.com,https://news.google.com/rss/articles/CBMimwFBVV95cUxPM1phQXQ2QXcxSEdKZzRKRVBWUWd1M3VjWTJGX2EzRXZ1Sm9Da1NoWExMeC1TS0xpcXJQaGZGN1RVRmpLSnBOYjNqOEx4RVdJazgyem1QX0lianM2VmY4MUg3T2trWXNDLU9rTnBkc1VyNnJDQ1lYYk9PQ1NlY3U5WnFZOEV3bDJYeTdseF9YSWQzbXBLa1R6YjItWQ?oc=5,2025-12-04 08:00:00,casadomo.com,Spain,ES
Europa prueba cómo serán las comunicaciones inmersivas en la era del 6G - La Ecuación Digital,https://news.google.com/rss/articles/CBMiuAFBVV95cUxONEI5Z1h1aTBISjZEOW1zVWxMbk5KRk5lR0lWUXlqc00tLWMySEdPVU9qWlRoVkZPeXcxaUhGUk13ODR6Y0ZBeUhEX0o1LVJ4TGVEZy1tSmVrdGxaa0szM0NYcUNPd3VwdE9sdVdORVlfYXpabkVHSzNiRUlmV0VESTd6MU15anVKYmpjc0VDYmc5eUlTa1FlaTJFS2dnYW5obnVwd2FlNDlhNm16MjB3M01HLTBfTDJ0?oc=5,2025-12-16 08:00:00,La Ecuación Digital,Spain,ES
"La IA, clave del 5G, hacia la evolución del 6G - Revista Byte TI",https://news.google.com/rss/articles/CBMiZ0FVX3lxTE9DeGlTb1hxYjVCYldpM004V2prdkdNUjNRN2NnQ2tuY2JPbG1tclI3a0puTnlfcWc3MGs3dFgtRzltamE4UG5lOTRReFBTZlc3LUdsOW1XMmZMOEZkUXEtdHVDWmtJLVE?oc=5,2025-09-11 08:00:00,Revista Byte TI,Spain,ES
Lo que traerá 6G: Conectividad satelital en todos los dispositivos - Silicon,https://news.google.com/rss/articles/CBMinAFBVV95cUxPanJvYjNrTllzaUE0NnZvZTN3MnVLUnhPZUxxRVVUYWtYdVhWMlk1OE1kTmtzMGhyRk9RRDljZ042ME9jR2ZiNnd2LUwwUE9NS0gzcktrdkJGWjZqNjZNZGR4bXZQZkdGdEVkbzdJSHlnazdEeDhxeGNUak1CQmk0NERPRHBHSU1VeVJ4cmN5X3ZuNFpKa3pZZV9IUnTSAaIBQVVfeXFMTWtpR1hrdXpuT2UwcUhnZkxTMV9oSjhNVW9ya1VYc1h2M2hwOXF3VDl6emp1RWgxeW14WU5ZTGtqVUhkdGxvSC1sSUpKOXh4Q0NKZnllM3U4NnZjUmdrR2xwcjRZUFVUb2RUdmFJbnZzSnJUdHBEMGdodHQwVE9LUWt5VHpvcmE2Zm9MOUlKazRwaGZNbFFxNHhoYjQxcjQ3QkxR?oc=5,2025-10-20 08:00:00,Silicon,Spain,ES
Nokia ya aborda los retos del despliegue de la 6G - Mobile World Live,https://news.google.com/rss/articles/CBMilAFBVV95cUxPMmRRTGdOdkZPTzg3SlZ1SmJlaE10RElHcnM1S3UteS1taVVWVEFaNXpralpxVDNxY3dmOENVYUdXVHhKSzA4dEVOd3RZMWlEQWtpV2wxa1hBWF8xenRSVjVqa3pRNnFLQ1dkSXlMUVdBbGtmV2JyeFJOLTk4eTZMX1g4OWpkYWdnVkxIX2xidFRKUFdB?oc=5,2025-11-03 08:00:00,Mobile World Live,Spain,ES
Ni 5G ni 6G. Alemania adelanta la línea roja que la UE persigue: vetar a Huawei y ZTE de su futura red... - Xataka Móvil,https://news.google.com/rss/articles/CBMi6AFBVV95cUxPaW1aQlVHSS1TcmFGYzREaFVROWhNWTVLV2NmZUM2eFNnMnRFSU1melFkWU9UaVlENHhaLW5ZUWlVNzVCMUpYWnlqQ3k0TWxGRl9vNUdDNU1URzhqaWRNSnNieFRoOE82Z1cySnc0OFN1YzZTU3owdi1kbUR4UXFiMHdGakE2MkFaVlAyNWZvOVdxT1VoSG5GNG1HZmI0SGNORGE4MTItNFJDT3NsZUxmSEVWRzBYSy1ZT0dUS0ZPZ1F2SkRVVUlxMzBtTzJDTmpwdkI2X2hrOXlzVlFMU2RNWHJ1UDdMa0dy0gHuAUFVX3lxTE0zbmpLSjViMzdQV0s3NnZhOUVWV1NBTDBRVmhCZ1RHWk1PelFrTEJRb1VlcUtQYjNRQTYtRnlXYkUzYUQtamRWZ3pZbTU5OHJmSV9hVWJSZjFVV1A1QjZmaEVfTU5XcHJpRmdjWTM3MEhwaEk3czRkWWxMa19WN2NGWWZ6SEhYeHBjZUZDeDhPNC1OanVjOGhESEdUTHlyMlpzcWlxbFNrVzN5ZlVUSENGQWpjdHZoalMydUpULTNxRTlxNWFrZTRmQkkxMjFjT2I4c2picTNkRGV0T2IyZmk2cTRUZi1yc0RtZDJLanc?oc=5,2025-11-14 08:00:00,Xataka Móvil,Spain,ES
[Liderazgo en Comunicaciones de Próxima Generación: Entrevista ④] Iniciando la Era 6G con Innovación en IA y Alianzas Globales - samsung.com,https://news.google.com/rss/articles/CBMi8AFBVV95cUxPNWFZMV9uOWhLMUtQRzVyaXJzVEotZFN6Qm5vX3BQeF9JbzNNaXpFRVBlQ3lGNlpfMUFidXAtTmlHUGZOQnhKY251VVJQOFYtWmgtRW0ySmxSYzRFaXpCOGFOUjhvcTR6ZkpPbTNMNEVWZVdkaWVqc1dieW9hZTVXRll1ME02cEx3Z0FJNjhLTTVNcGFZdkRuRm9uVlBkM2l3ZGJZaktTcnRad0cwOUhfbEFxcnMtdXlfc1ZLay10UlR0dnhwOEI4bHkzV0VXNmNBSmpOcnBZbGJRLWdaR0JISlpwVWxQdzdoMW9DcHFXdFI?oc=5,2025-12-05 08:00:00,samsung.com,Spain,ES
Europa se juega mucho más que el futuro del 5G y 6G en la batalla entre el móvil y el WiFi - El Economista,https://news.google.com/rss/articles/CBMi7wFBVV95cUxOMzFyX2x2VlZMd0ppdkZrc0ZVUVVFdVZWMEdpSjlvY0VNb1JqYWZ3and6X0xkZ1l2YkFXR2VsQzVBV1JuaEkzQTM2ZExKR3JCbFdrYWx5VlhYTEVnUlJzRFgxaEFJTFBEdnM0WkVqNDRjVm8tbE5qNlV2RmdUNWJENFkyZEpVV3NQQ0lDODFGOUtUU0RLYzdwT0VlVnRFZmtjZENwUGZGWm5jQjhDWWp5Y0Qxd2xJTnRjUWp0aDNZRjd4QXR5d2FweXF6ekY3MWhGb3Jxc2lLRy1uaGNOblg4dGVvclI2UU9ib0IyTW5fYw?oc=5,2025-10-30 07:00:00,El Economista,Spain,ES
"6G requerirá hasta tres veces más espectro, según GSMA - Mobile Time Latinoamérica",https://news.google.com/rss/articles/CBMicEFVX3lxTE9ScVVRT1pyOWVaRzVLMWF4YXItZC0taV9JODRORzdxdmZOU3QwRXBmdWVvNVR4VGNDUUxPYnIwQjBxYnFqM0NFcUlHQmNyUU9vZWRva3I0dURiTndqUjh3ZjZLMnI0azB2NlgtNDVRc1E?oc=5,2025-11-20 08:00:00,Mobile Time Latinoamérica,Spain,ES
Vodafone completa prueba de espectro de 6 GHz para 5G y 6G - DPL News,https://news.google.com/rss/articles/CBMif0FVX3lxTFBWT09QbVB0NlRLRWtjQmFNVlJ0cklDOTBXOXFwMk9lWUpoNk5jbVQyTW1wWE9SMWxoS1JPWEFNUkFMaVcyLUYtSFBfTXpkTUJobGNZUWg0MWZRbFF4ZUhnaS02Nkl0OVJzNUxxVHFWNGRkd3RodVBnd0ItUjVmeTg?oc=5,2025-10-13 08:00:00,DPL News,Spain,ES
La Universidad de Northeastern logra un enlace inalámbrico 6G en terahercios a larga distancia - casadomo.com,https://news.google.com/rss/articles/CBMitwFBVV95cUxNRzZGOWpBR0lfZDdMdEp5dEdSY2drc2VLS0FGalVJSGFEaXQtWmtKZk5jeXZnbTF1aHZlQ3B4Ri1zUkxmUENiZ3BIc1lTcUM3bkpqVkIzUUVRM0FyakhMUGd2VWlTYVp1R0pXVVdnT3phOEluWFA5Vk90Q1d4bjZ3NURwVHk5OTZfRzBYZVZRU2ltLW1vamg2Y1NHRmJ2UUpTSzhualJYcEZTQ3NZaGFPWTlYUTI0eFk?oc=5,2025-09-29 08:00:00,casadomo.com,Spain,ES
De la IA agéntica y blockchain a la conectividad 6G - thestandardcio.com,https://news.google.com/rss/articles/CBMilAFBVV95cUxPbmdILWFOYWFRRVpOYWdOMm9MaFN2bFdXUUFPN2o2RVZWc2hfbzR6OXVjaDVmT3NUY0JHbHlTTkZlSUNMMDdwMmJacndDcTg5Q3JZWFB4dUlEb19nNGlZWDRzZ2hsMFFudkRVWG9PcE5oQWUxcTZSbTFxQ21wRDFBRUpxQ0VUZTgtUUYxVFp2MUVxQURo?oc=5,2026-01-27 08:00:00,thestandardcio.com,Spain,ES
La banda 6GHz es la “única oportunidad” para el desarrollo del nuevo 6G en Europa - Panorama Audiovisual,https://news.google.com/rss/articles/CBMilwFBVV95cUxNY2hxckNKU0l4RmV6MXpVTWtKdU5HTm1GcF9FUnZ5cVBRYXJaTjF2UjBwQjgtZG1ZRzduR0k2RGRSQm9XWEk0VVprYktldC1SdzlqdVE0bXBvZ3I1NzZHbVYwdExjeDZpS0R0UXEtMm1oNHN2dTloRDV3MWhtcUszbGhuTHVNd0tjUjJrbWZaZzVqb1VaSTFz?oc=5,2025-11-12 08:00:00,Panorama Audiovisual,Spain,ES
"La Alianza AIOTI presenta nuevos casos de uso en su informe sobre IA, IoT y edge continuum para 5G y 6G - casadomo.com",https://news.google.com/rss/articles/CBMisAFBVV95cUxQWWU2WnVqUlpPakRwWXNtTlJSbFRmd0haVU50RFptalV3ODBERVJRZHVwbGV1bTYyOHpxSUJTMVpDbzNraWM0bFpaTGZ2S0Ywb2NfbkZ2TUl6ZEhoeDJHMlh0YXB0V2RmZk94VDV3Qm43TUo2ZGFPNEFuTFNoQkl0czdiTGVRQ2NBTnh1dlZKc2pHejFlMVFLLUl2RWVvcTBjVlUxNWQwbFhMM0RPdFNEbQ?oc=5,2025-10-28 07:00:00,casadomo.com,Spain,ES
Catalunya pone en órbita un satélite clave para la tecnología 6G que mejorará la cobertura móvil - elDiario.es,https://news.google.com/rss/articles/CBMiwwFBVV95cUxPSHAxUmYyU21COUpTOWlOVk9DRjJ0amcxZFVxUmxnRzQwUE5yenFGRnJWdjctVnlVUW1xaXc2VGhMMTZNV3ZVb0ZZem4wSDVLaXdtVDZMZjBrazJ4QmUzbUJiUTVOZXd1aVhIQjRoNWdwbExGZGgzanVQVWR4U3FOYmFpVDFIQzRiY2o2bzNPX1VHbDZhRGFjUWFOZHhnb1AwYlZsVFRpbjVySHE3NEM5VF95UmFpd1hKbWkyLUx0RmYwdlnSAcgBQVVfeXFMTnNlTmsyMm50VU1hcjMyMElNa09NZEpyNjdFYUxqc0VWTkNlWm5qV2NGRUNLUHNsYzd6V1BjclNjMFJtc2loRlNnZHR0UU1FQmpidlE4LVFjOHFqMjIyWllJVVk3OWdMX3F1X0hBZXhraTd4VEdGRFI3Y3hJbUVac3R5TllOc2o3bmJyekVyTEszZHVaNGI5ZjN4c3FoNjVjeGJ0T2lfQy1OU1BJRkRFSFI3eFJlT2l4ZXlvWmFMMlA2Sm9kUVdRV3M?oc=5,2025-12-03 08:00:00,elDiario.es,Spain,ES
China anuncia su chip 6G que abarca todo el rango de frecuencias posible y alcanza más de 100 Gbps de velocidad - El Chapuzas Informático,https://news.google.com/rss/articles/CBMidEFVX3lxTE40N29RNGdISm5jZC1vc3lCZzRZZk1nQk40Nlo1NEYxamM3MVRoVHBZTW0yRGRtc2ZxcVpzdG9mLUdwMWxfOEJzY1VGQm9BeVAwaU9IcmRsMEpyR0sxejZzMl9JVzhTWFRDV2NSZkhVc3dJRTdJ?oc=5,2025-09-04 08:00:00,El Chapuzas Informático,Spain,ES
"China desarrolla el primer 6G global: ""Hasta 5.000 veces más rápido, podría llevar por fin la ultra banda ancha a cualquier rincón del planeta"" - Computer Hoy",https://news.google.com/rss/articles/CBMi9wFBVV95cUxONUQxVHNsc2V1UWNkWUxtajJLRTM0SEJ1aVJDYmt3enFSSGctZ2p6VzBEWElIdnlBS21fS09URFVnUGZiT1V6eVZWZnQ1QzA3bHM4OFBlUklibjlLSFRJSURCdVM2RUgyQkdlY3habG1FcFFydnJzX0Z0TEgteWJVZUpJYmZabjltaGtpRURKLTAxa2pUb1FWWnM1ZUx0YWtxR3UzM2xSV1I2eHBTeWJJSTdfU2ozYzJleEhoMjN5aWlqTlNYMkcxa2pFLW96N1ItYnY0eW5PbmNhOFhILTJPYno5aXNvQWhIcXRLUGlmdFUwaG41M1VR?oc=5,2025-09-02 08:00:00,Computer Hoy,Spain,ES
Nueva infraestructura 6G de IMDEA Networks: Liderazgo europeo en conectividad del futuro - La Ecuación Digital,https://news.google.com/rss/articles/CBMiowFBVV95cUxPQmZqMmgzdWpXdTlLNzl3Nmlna2pWX1E2Z0c3V3BLU2lBdTBPOFRiLVpLMktUZjZ0QWJ4WVEyMXVwYzlYZ0tmNWI1b1RvWXhUMmxSS2FER1hGa0JydDZlcy1yMUtWd2tKQTZfY0xvTkdkaGFIczd3UWlMUFRsVFU3UWJfMXViMHZKOF9WX2xVQWpSWHJRYURPZlJMSmZKdGtnWjlr?oc=5,2026-01-19 08:00:00,La Ecuación Digital,Spain,ES
Samsung Electronics se une a un consorcio global para asegurar y comercializar la tecnología 6G - samsung.com,https://news.google.com/rss/articles/CBMiwAFBVV95cUxQUldkY3BsNExMOGZla1o2SEFSWkhNYTJ2Ynl2V2FZWHhEb3A4SDA5c3NOd1ZualJTNWRjS2sxU29Pek5laHlvV190RjhET3FXekdMQVloWlBJTnJtcVVVdGZZVFB2bWtNdTl3dXB6enlqNnhoS0Z5WTZ6MUNyRHdERnp0Yks5ZzU4VmdxM2IxQk44MlFmS1ZvUGtNSHRpSzJMSjdqSTUyT3NnUDJlSE1OZTVUeWxSRnRlT1RpQ1dXRkw?oc=5,2025-09-24 08:00:00,samsung.com,Spain,ES
"China Mobile logra implementar la conectividad 6G: descargando un archivo de 50 GB en solo 1,4 segundos - El Chapuzas Informático",https://news.google.com/rss/articles/CBMiiAFBVV95cUxPZ2VDODFHR1cwNnp2N1k4cDViSzVZQnlZQlROT3c2TE44VlJXa0NTWGFOc05qTHJ2TlE4QzJhN051TUl0Vmhid0pCbGhBSi1UR3p3S3Z3dDRpTHAxMGlnY0hWT1dQSkxUR1ZwTHliLWI1cTNVRnY3cm16SG5fS2FveVpKVGFJcnVT?oc=5,2025-07-23 08:00:00,El Chapuzas Informático,Spain,ES
Catalunya lanza al espacio el primer satélite de Europa para hacer pruebas con 6G - El Periódico,https://news.google.com/rss/articles/CBMi4gFBVV95cUxQUlpGS3hWLUp2blc4NFFDM1ZZakVobk5mVl84TFNlcnB6cGJMd1lla0pXM2U3emZ5V1ZRUTR3WWdIcjA5TEx4aFlBQkR1V0RzNHh3RzdRc0h1ZjhmdzNwZEZWckdaWmthdXBERzk3NVU5SzNQcXVCckNyd2ozOXd6VWY5OS1xdlVxT29UcnFuWllFVTBCUFp2NnJULWVEQ1F4WWI5NDVXUkxrZlY2YnkxTGZ6RHM4clZCOG1lTF9uVW85Qm1vQ292MXpjVjJMRmtyeFh4NHl5NktwUVNpU19oWTZR0gHiAUFVX3lxTE8wcWw3YXZBOW02aW84LVh2MFFiR2U3NGtHLXNfN2prSGlBLU5wbFltYXpiTXJCV2VXMGdJMUQwTncySnl0NEdXelZvNUpyVnVCU1JnVGV3ZnNXSzFFclNSX2tNVmtxQWdmanlEQ1dFYWp5MzB1a1A5bHIteF94aW9FajJGQWI5VHdaN1JMQ2I2cVdlM1lqd2tPeWttRU5jWVhIRHhYUDI0ZnJRXzVxd2V5c1dvZlRCck50NGIzbWpYbzl1M2lhS3U3OEc1UUJMTmoxY0gybE5JNXNGSFFBYVJlRnc?oc=5,2025-12-03 08:00:00,El Periódico,Spain,ES
Nokia avanza en la integración de la conectividad satelital en el futuro estándar 6G - Zonamovilidad.es,https://news.google.com/rss/articles/CBMimwFBVV95cUxPY0o5ZjBHTUtMZHVQbWN6Q3lBUi1STkNUYTRKMVMtRXhJdE5nTjZCcEwyaHY0Y1ZveE5kY0lyRkhNNURNUEdLLTh5dDVQVWtpWHAwQzN4cHRhX2FNWWVzNnJtUERfR0loV2FHUWpOczAtTjVhMGRGUWh3djQ4SjZ0NFBfRTJYU1R4U3VWN3FQN0Vyb2RBLWdwNy1Ocw?oc=5,2025-10-16 08:00:00,Zonamovilidad.es,Spain,ES
Nokia trabaja en el desarrollo de 6G Sensing - Redes & Telecom,https://news.google.com/rss/articles/CBMilAFBVV95cUxQbUFmTm5MZTZPNnNURllDX3dpaHAwMU84LUZ6amRVZlF5WTdTdGJHM2Q5aUhXdW5oaG9raWNiLWhBZlM2S1lVbDdfUzdFUWZpb2k5RjBuTmozOU4xc2dnVmk5WDU5eDYwa2RpdHFiQ2IwRVJZTndxeXVxVXRSSWpBSk1wUFJWWGNfS1pKM3ZZdWlIb2hS?oc=5,2025-08-01 08:00:00,Redes & Telecom,Spain,ES
Características de la Red 6G que llegará el 2030 - MasContainer,https://news.google.com/rss/articles/CBMigwFBVV95cUxOdWMwcUNqTHh3NTVPRFVJWk1mb2VvckhQNVUydWhuOVNOcDFBTmZRMG1kakhGWEpqUE1IQzZFWTlXVEppaXlmRkdURG9GaDY1WVUzYXU2dzBvdm5pMFpHY1J0TF9jRVp6aGI5X3UzZVVqNFhBUzJ1ZVBSd0t6eDRkSzQ5TQ?oc=5,2025-12-28 08:00:00,MasContainer,Spain,ES
Nvidia invertirá 1.000 millones de dólares en Nokia para desarrollar tecnología 6G - El Mundo,https://news.google.com/rss/articles/CBMifEFVX3lxTE1xOEJ5VnRDbV9hVzB5UnBqcEdxSi1hR29UVzBYRU9Fa3pqQkd6VDVPMTlMRW5wRUNIUkVFZEltdjNsYWRoUGR5dzhscjlxeFdwMUtiUFQzWVlYUlNoRDNXbElDSklFcHJuV2tYb280cm5IbnNMYzlMcUIwTnfSAXxBVV95cUxQemZtU3ZoSmc1cF9BTnVrQUZyNGY3UGtGWHRzNHRiYWZfemk4UTJNMFBTa3lhb3d3cmljODhnSmROTWItUktRS1VRZ0pQbEczdVFneXZKaWwzS1FVSlNlRkJNQ21RX3ZRY0NSUW5uenRBTkRtczZZclB2QW9j?oc=5,2025-10-28 07:00:00,El Mundo,Spain,ES
La última versión de TeraFlowSDN optimiza la automatización y la observabilidad de redes 6G - casadomo.com,https://news.google.com/rss/articles/CBMixgFBVV95cUxQXzltWXE3TDJTUDRNMm1fenZwRzU0UWphcm96VDlpQ1NzVnV2NHp5TlRpOVl2eEJrUC0weTB1UThfTG42Qm9LTnVxZThDTWVaNFRMV2dvUEF3Q3l3OXJweGNRNHB5ZjNfVUdVS1piY3JKcTd0OGpQQzc4RmxQMzR3b3hDTmVNMkoxWXBPbFRpNnRNTGw3VGZJdmxNeTd5RXdBWVJ6SjhvbnlmNVUxR3NKMzI5dWZkc3ZHVUUwVGJNU3pJVjR6V1E?oc=5,2025-11-19 08:00:00,casadomo.com,Spain,ES
"Los primeros móviles compatibles con 6G llegarán en 2028, según Qualcomm - La Razón",https://news.google.com/rss/articles/CBMi0wFBVV95cUxOQUZ3VWM2djFCU1Iyb2VmaDBGeWdTV1RWcFoxNk9YRkhPRnVFMUdXaEFRb0VxMHF0a19rYzc1eF9yTlc2NC1TWnFkdnVmMGxhRWszSmJ3SE9Lc1N2MXdlR0lvSlF5TjhIOTNvTkIzTkZ2TEJhUmpwVUFScUprYWlla0dNUUlLUldIRWFudnFXZWJtT1E4Q3pJdnBRdHhIajNXVENWRFdMUGF1S0xWQVhfejNBNEkzTExsM1dmYTNKR3NFNTJ1THY1ZGZmS2lqcjBqaFkw?oc=5,2025-09-24 08:00:00,La Razón,Spain,ES
El 6G ya se prueba en Japón: velocidad capaz de sustituir a internet por cable - Diario de Avisos,https://news.google.com/rss/articles/CBMiyAFBVV95cUxNWGZUX04zUnozWFdFck9xSl8wd0dDc2xqLXZkV1NhUmdka2NIcFQ0ejdyc29PTW5admNVejA2dG5NTkpXU05aRHlzVTJWakZRVFgwS0cxWmFGd3ROT2NMdGNqa2dBeWpXa0hRRkUyT09LT0ZHaERRRjZKUGc5SEhZQXRISk1Gb2lXYk9mank0WFJ0M1M3ZDJybmx3WFlKMEFvOU5BWGxkcjcyU291dmhyTGlTa2hEZS0zSzhkZ2c2aWJtQlNkZ0ZQTg?oc=5,2025-08-20 08:00:00,Diario de Avisos,Spain,ES
China impulsa una nueva era de apertura e innovación: del 6G a la cooperación Asia-Pacífico - El Mundo,https://news.google.com/rss/articles/CBMifEFVX3lxTE9QSEY1OTc0ajQ4NDJiTlhPQUptbUhrQUI2STV3bG5YOWZrdUVHYjduRHhVZVAxSHV1S2w5NGhCb2RPSDJKQ0l5eXBEUl9NYlIyWUtqbXdqbjlma1d4ekxXb0JMRld0N1RVMFhwZ19jZkRrR09RN1ZDTUN4eFHSAXxBVV95cUxOQjdJRnNSVjBjZDgzbTN0T2JOYUNVR0c5YV9nczhINjZFNXNsc3I2YXpkRnNJRXpfNThGRmFWbE1za2U4ajQzLW1YZlVxVWxpaXJha3F5bGxBaEluNTRZZGhFTmd5WXVOeTNGRWFzbWNqNDB1WWFMQmVINVpw?oc=5,2025-11-05 08:00:00,El Mundo,Spain,ES
La revolución del 6G: qué hay después del 5G y cómo fusionará el mundo físico y digital - Telecinco,https://news.google.com/rss/articles/CBMi4wFBVV95cUxPSmpmMjRvWm1Ec1dqTDQ3bkRxel9jMUROamdwenBCSGFza1h1QnBvVThvZUF2bUtiQ3RoZ0dRbkhGNEJDbF8ycy1XTmJ2cGE1MkNzUGxxT3dRQmFUQk5ZeTlGUGpHUHR0YVAybnI4TmFMSERIcXI4RndmMTBCMXFqVDhYaGtxV0ZlZ1ZfbE5SX2NUZzI3NWxmZmJfMnUydzAybGVSbXV1ZjFwUW9MelE3V3l1TEhjbWVsR3dfWHBnV2ptaWctMDhvNEtNMkZicnl4VEU2TUhOVnJoYlJXUjRGVl9Vcw?oc=5,2025-10-23 08:00:00,Telecinco,Spain,ES
Nokia impulsa el 6G con conectividad satelital universal - La Ecuación Digital,https://news.google.com/rss/articles/CBMixgFBVV95cUxNWmxabXhyeVBadHo0QlBOejBYUDlPZEdFVE5TczVZNUlIOUVtRWlRcG5WUFV3SDJvMk5idjZOZmhrU2VOaldKSXdKckV1UkRadkRXRnBGcHdRRzVYUWVQMGhrQ1ZCYjlIZzhUbzlOYU02LUpmVHIzUUp4R1JodXhBSmdnblhUcWJoMFlzaWhKblYyMEhuV0VPUTJwYlBjaUtuY3ZQSlpWa0d5YUN5ajJxb01BT2lDdmJRNTdyQmI2M3JwdDdPVXc?oc=5,2025-11-08 08:00:00,La Ecuación Digital,Spain,ES
El proyecto Hexa-X-II valida el diseño 6G que impulsa un ecosistema inteligente y sostenible - casadomo.com,https://news.google.com/rss/articles/CBMiuwFBVV95cUxNV1FVd3d6aDZSbXdfRDQ4ZUxidTBpTWFTcU15U1JBcmk3LXJncEk0TnpIeW1tSEFsLWFWamh0c2V5UWRlaFlZVTROX2pHeTY3WDIyTlBzSG1FWkljWHpmaUI3OUt2cmdmUDRTbkwxT3hvYm5KSVFYRkV1dHBzY0FlSjF1bGhpTzdJMHdIbGhfc00tRWFNRVlpVGtvT3FBcDZ1Z1ZBSi0zc0tmaXlhbWs4bWV1UFhWblJkLW80?oc=5,2025-10-24 08:00:00,casadomo.com,Spain,ES
Los científicos desarrollan un chip 6G que es 10.000 veces más rápido que el 5G - Levante-EMV,https://news.google.com/rss/articles/CBMiowFBVV95cUxOV2N3ckkzRGdiNjZoTzlqVXZSRjltRlQ4QmsxejF0ZTdUb2hRMk14eUJhcUV5NjhTOE4wNUpnX1dUc2Z1aXhDWEhGaXd1N1F3LUNucm90SDJWZnYyNzdITHV0MkJoUTFsQlRsc3l6cm9wQURfbGwzR0M1Y0M0XzdFdFduY1FlRWhuUXFxaUg0OGdubE0wMVZ2UmtBYWVwZGI3VVI00gGoAUFVX3lxTFBjT0t5bGNvaGtZT0Rxd1ZJbnpXM0p1R2FfQWZRN1lvRjhtOTV2VHd5LWhfc0NHd181UXVacW96YmlKbFNUWGpuS25Fc0RLUlNWaVN6MFpOVFdaLW9JOUhRR3ZielRNbGVVUXFIZEdOVkwyWjR4eDBKNmtyTGpacWsyT3d2dFdpWXJzUGZsVzBKS0drbEpkXzBfWjZWQUJNbVZVejVOTUV6Rw?oc=5,2025-09-15 08:00:00,Levante-EMV,Spain,ES
Por qué el 6G va a cambiarlo todo: de tecnologías a nuevas funcionalidades que podremos hacer con el internet del futuro - El Español,https://news.google.com/rss/articles/CBMigAJBVV95cUxNVi1zSGlLaEdrbTNRckd1ODZ4SGRDTlBxN1BpZk9wdXROMFBEbHNvQ2dUVFBNZ3c3SHo5U00zNWxBdGUyM2F6cExxQVhhZ0JYcE1pTld0UHZvcEdmYzNWLTZ3MTBieDNSSW9Tak5mMVNEa0NDM2tOWWZfRmExa3pFcmFSNk10YkpSTWdzMVJkNDh2ZXJLUWVYa21Pc2ZxNHV4Uk1kekZzUnRscDlBMUJSY2tneHh6Y0IzQWk2NFpfdTg5MWItQ09wMGxXdmZjX0xuU3hpdVZ3QjVrMWJzMEh0RkJoOFRrZ2t5NmpRaU4ydlo2QkdKdFRtYmsxM0p6cEFL0gGGAkFVX3lxTE4yLUNDQ1FCTm4wUy1ESlRiWHZ0Q0tBWF82dklfdDlZWWZSbFdOQXZ6aVVqcUlQTV91UGpoeDhSRzE3UHpzNUhsTUl1UGRLQjJWTTBhTnoyQ0JKdGYyOG9PMG5naGJhLUFGMjVzcVJKM01fdElyTkxXUldxcUlfUzZhSmlSV0lRUENDUVYtNUxjZzhXd2dCS0lVdlZ0NzA0VEpLZ2ZHY0JHRkpXZUVjZkhvMG1xSkljbUxpUUs4RDJ2VnZYRHdUdkpROHN0Z0t1T3FIdDROeW41Q2VOR0pUSG5zeV81OXdJb1c5LWN3NHRvSjhqV05FTmM5X0xwZm15dWZvb3VobUE?oc=5,2025-10-13 08:00:00,El Español,Spain,ES
China lanza la segunda fase de pruebas de 6G - emprendedor.com,https://news.google.com/rss/articles/CBMigwFBVV95cUxOQ3gzV2ppWkZvekp0dGM5eUVHakVQRWc5NUpnYmNEaVFTdi1IbGZnc0ZHazRMN011S3R0b1Q1bTdjaDExUW43bEtUbVR5U1NPclB5QUNTZkVhczh0bWd2V1doRy1NNDJBN0t5eUVqdkh5c09DYUpIU0RXeUtXTzVGa3NXTdIBiAFBVV95cUxPQmVuSWltc3pRWkdlZXRUelZEOUs1eWYxYTVwc2RodmpGbTJmX0VqZjNGRG5hZFJpbXJxQ2g3VTdkWGFpTFhaU1JOMmp0ZHpJcEM3UlhIVTUzVXhPamZpOUlYYjJCWERablBPZVE1UWlWYTVTTU9RUmZ3aV9nNVhzeE4wYXdDQmRZ?oc=5,2026-01-21 08:00:00,emprendedor.com,Spain,ES
La llegada del 6G transformará por completo las comunicaciones con la inteligencia artificial - Telecinco,https://news.google.com/rss/articles/CBMi2gFBVV95cUxPc1Q1eHlod19ZT3l3TVBfbTZ6MUJKZlh4dU5xdnA0clJqbXFOQUpJRGJZZkJNVUpWaGNKcElyUUdFYXpoTHhRZU1SNWVvbU11cjFkdmlOYnVGYlB3UGVhaDV0V2dybXZsaHJxR0s3dlhFU09rUUYxb2FlRHkyUkFsNU13TUVsQTY4ZGdfd05UM3Utb1R4YVp2WDZ6RmM0SlotdFczUDdYcTVyWFJoZGhOY2lQRmMtNElUbXFVVndJYXpHbHNTRk9MaXNBMnVFcnAzdXJDVUlEVXlSdw?oc=5,2025-11-16 08:00:00,Telecinco,Spain,ES
Samsung alcanza un nuevo hito como pionera en la virtualización de RAN y acelera las redes nativas de inteligencia artificial preparadas para 6G - samsung.com,https://news.google.com/rss/articles/CBMiggJBVV95cUxNWllGeFU1SEVrWFVEY3JyZVhLdWlfZXZmN3Y3UzZJSUtQZFIybHh5cjJjdS1PR1ZZZGNMbFNaa1lNdUhJZkI3bVpzaDRvNERWT0dLVVRzZG1pc3dQWmlUQUFlYVNkMVpjWFZ4c1NmRGhXSS1JRmlObHduTVNVcVNrNDdTQkZFRXNMZThTRGJFZEFwd1ZnY3BWLUJLLXUyc2pJWS14V1RUbTlrbFhxcF9pT19pSEtDcFd3N00zY2RvRF9oam5Wak1TbUJGVVdnd2dnOF8xVnkwdXY3M2toNGhRemhNVjVwLWd4MzdLTDNsZEhFSmdfdEIxUHlIWElzTUlTaEE?oc=5,2026-01-13 08:00:00,samsung.com,Spain,ES
"Redes móviles con un ‘sexto sentido’, llega la 6G - El Nuevo Herald",https://news.google.com/rss/articles/CBMie0FVX3lxTFBpOXJLZE80dTNrQnh6elVSMkFTMDFBTk5NM0tLeWlkbGgxNlFGbTBtdTdlOUZJUWFoQmNSNlZrTHRkZzQ4TUtYZG1FUEczUFFNcW5PR0psb0dKLWU5SUFfNzNqeDdjdjNqV3A0RTk2Q1hsMkVfaFhRLWY3a9IBe0FVX3lxTE1kQ2pYSTVZX0xpY0FPWFZDeE4zdEYtdHlkdXRrOEFsXzZibThtQzdMQjhVYUFLbXNZem5HbmxtU0JZT3p6cHNwbmJhaUoxOEJiblRsc2l1dTVJdFVHR09BRm1BRGYxWkdJVmU2Z3pyZWNGUmtPNW41Q1gzWQ?oc=5,2025-10-13 08:00:00,El Nuevo Herald,Spain,ES
"Europa, en busca de soberanía 6G, prepara el veto a China. Que su plan B sea Corea tiene mucho sentido - Xataka Móvil",https://news.google.com/rss/articles/CBMiywFBVV95cUxOMXVlb0lUMXlKT3RrUXVKUnhGT2lUYXhqVGdka0J5ZTExcUR0eDFzRU90eTlET1N1V3otSEZ1b3VKR2h2UVQxOXBJa1pxdEdqUk1ZSVNxR3o3Ml9jTW5BSXBuTEZlaGxqVmZKenRKMkpmQ1d3YmNUYjQxNUNVMXlaNkZRcktjRktudENzT0RqallvVG4tUDZlekd0ZG1jQlpBOHltU0h2eUU2MVpBZVBaT0p0RlRYZXcyY2k1Vkg2WTBDVUg4ZFVFTnBzNNIB0AFBVV95cUxQYWpCR0xnUkpfT1Yzb3J4LUxIM2dxTVlRdTFiX2lJbTdhdFVKdW9SXy1YQm5vZ1o5R1VBeWIyczJkY2kzZjZVRjB6SjNsb0N6R194T3R5NTB0U20wUTZacmpXOHR3ekZwX0M5UkNQZVpJdy14OU9hejU5ejMwSXFLdVBaRVI1U3ZmYzVSU2Z6eWRYU19nc0loa3htemROZFNlQkszNzN5RE1PbFVmVHJmV2pDS0VGV3lzZTF4MTVzSVUtZjhvb1BZUTRZT3lXc0xw?oc=5,2025-12-05 08:00:00,Xataka Móvil,Spain,ES
Laboratorio 6G en Madrid: Impulso a Redes Avanzadas y Conectividad para el Futuro - Madridiario,https://news.google.com/rss/articles/CBMia0FVX3lxTE8xOE0wS2RyTU9UWEVlcnpYV1p6cVp3V2VyNGRyVkNBRnlFakwyMFUxaGNDMjZXaU1TMzhnVHZlZmdzZnI5ZEk0TllibFd0SlVsdjNQaGdfVFFwMklsUjBocjBtd2ctLXN3OGt3?oc=5,2025-12-08 08:00:00,Madridiario,Spain,ES
Telefónica y Nokia prueban la banda 6 GHz para 6G - La Ecuación Digital,https://news.google.com/rss/articles/CBMioAFBVV95cUxQV1dna2NyVklIbEpXY3BfUGI4dU4xWW41c1BqXzBiUnlBZEd2cGxibTdLV3ZoR19reFV5YjVkdDZaTmNRUW15ZHRPZzhhYUlHRG9VUFd3WTZ4RkV4NzZObl92b1dwbklaeTdzSXhSZ3A2WWU0SjJra0tkZjlVQ2JmVFQzREN6WF9KY3VJSU04aExKRFdJUUN6T0hGUGh5Ui0y?oc=5,2025-11-11 08:00:00,La Ecuación Digital,Spain,ES
"Aún no tenemos implantado el ""5G real"" y Samsung ya está haciendo las primeras llamadas en 6G. Lo ha... - Xataka Móvil",https://news.google.com/rss/articles/CBMizwFBVV95cUxPWVliY0RtQ2NuNEtwZzhiX1dFcWJlQVkwVHFiOVlma0Vwa3poblJqSFpReUs0ZWZaWGMyZDhUZG5BSnJVU1k0RC1LYmZuQk1oUk9DNjI3T3BmazRZb3pQc3d0LUZYX3ZpV0Z1N0R3dmJpaTNIZXNGRWdzZVFBQlcwbHpTdHhXOUlFb2tKQUFTV25PWEM5QXk3Z3ViNjl6dTVDT0Frb1JZMzh4QnBoYjhsdElsWG93cEg2dkpVTk5renluSnVQNVJzOHpwdkRqc2vSAdQBQVVfeXFMTnJIOG1xbFR4STJyMjhybm9CN2Q2TW1ybkZ0LUJuYVFvSnF4djl0Vkl6ZmNUbmRMSVBKeGt1WVpZcVJoSE5jNElEMjNKaGJNcXJ4NDU1aThza3JiLVpxRkFoSGNLTFdmelN5bkIwUTBuM2htQ212MGtTaHctVTNHQjcydDI3MF9FcnBwV1J1cHgtb1FydlBFM2RpQ1dBX2ZJQjZRVlQxekdTcmVaSTlQTzlRYURoZHVrSjJnb2FpczlHTlVoVGJfeTE5Q1RPV2dPLXl4eGM?oc=5,2026-01-14 08:00:00,Xataka Móvil,Spain,ES
"La Universidad de Granada lidera el proyecto 6G-CHRONOS, el futuro de la conectividad industrial con 6G - Canal UGR",https://news.google.com/rss/articles/CBMiXkFVX3lxTE9SbjJNNXcydHM5Q08wVFRCb19Rc2VMM3h0RFJKaTBVNVZqalFoRHRhVEhraTBFeHlOZGZUSHNfR0pWc0pBeXdzR0prSkxFRmdaRlhtczh6YXVoUVJIckE?oc=5,2025-03-28 07:00:00,Canal UGR,Spain,ES
SoftBank avanza hacia la 6G con una prueba sobre 7 GHz - Mobile World Live,https://news.google.com/rss/articles/CBMimwFBVV95cUxOZXpnVXo2MmZheFN4NW8zV2VUSjhYd2hWcjdDc1FNV0xmVl9BUGVTbmZVTFA3aGFXVHlEMkNXeldvYi1EV0RMc3ZjdE8ydUhBT21DeDQta2lUWW1qakVyV2RwbUtXUEthVlY2cEJVMEh3YUpXVndTZUdLdU1qVGp2M05SRURZN1dUU2N0clNrbEw5OUw1M2ZLWmNZUQ?oc=5,2025-07-08 08:00:00,Mobile World Live,Spain,ES
"6G no romperá con 5G, lo aprovechará al máximo, o esa es la teoría - TeleSemana.com",https://news.google.com/rss/articles/CBMirAFBVV95cUxPYjdib3RRd2lsdUNmVmlLUjR2Q0ZGYW05Q29XSFBPMHpLbW5NbUNjQTY5dDBBaW14RTc1Um9QaWFMUjI1QXhCOUVfQ2pFeXgwT18wUkJaSlRaSzZBandRUVFVUjNYLWpYczNrWUhZdGl6UXZ4MHJ4Sk96WEVLVDZTbUdFOXIyLTFGU3UtQVJ6cV90eEpuSTZmM0ZHVVNaUHVSbEV0YVhpaVEzLUJr?oc=5,2025-10-13 08:00:00,TeleSemana.com,Spain,ES
¿Por qué el 6G es la última frontera para Latinoamérica? - El Nacional,https://news.google.com/rss/articles/CBMilAFBVV95cUxPN3ltdDMyVFpPMHdJdG5DOU1ycjhVQzg4SDVEczY0NzBJdnJWRnlfWFhWUEotZlhqMmVwQ093a0hBUXl6UGhrXzJxQzQyTjJuUmpERkl2RnZrbnBXM0tTcHVRVndCWWlyQ09yY1JhNTYwbUhOa1dqb0x5M1N6dHpPbjI0amVTbzFnQVJPNHFvZmlfWFNy?oc=5,2026-02-08 05:13:34,El Nacional,Spain,ES
Qualcomm pone fecha a los móviles 6G: el 4G y el 5G quedarán en el olvido - MovilZona,https://news.google.com/rss/articles/CBMifkFVX3lxTFBjNXhJZG9qRnBqemt3Zng3ek90bnVIeUtORXlVcTRhTC1DMG1NaDJ3bDBBZlJsYmdhQXcxZ1I0ZUJhREVFWWptbXZzRE5KRFBiVlI5NmZlb1hKRjRManVmYkx1SzlOTXNfa3VhWUNhalg1UGZJRXh2c3c0WWU3dw?oc=5,2025-09-24 08:00:00,MovilZona,Spain,ES
Samsung progresa en 6G con un nuevo hito en vRAN - Redes & Telecom,https://news.google.com/rss/articles/CBMimgFBVV95cUxQVWxaUGhXME4zQ0xJazQ4NWppSVd5RTdTcGE0QV9NMENKMGxIOWhoWXBCaXB1aVIxVmVDTF9SZU9EOU1JQnZKZEpzNi1sNjV1MXdwTlM0V1dfWDhHd0dkRmxqZG5CS1pfeXVyTnlxdTRzX3lCd0dUWm1TYXRvVWJfY0ZzNlVVaGo2SlNSY2k1VjZpY2I4MDhWcFp3?oc=5,2026-01-15 11:37:42,Redes & Telecom,Spain,ES
Un proyecto de investigación europeo revoluciona el futuro de las comunicaciones inmersivas - Interempresas.net,https://news.google.com/rss/articles/CBMi0AFBVV95cUxOYXU0bndoT2N6OXlXWUw2N1ExZjZESk9IVG9heTJNd2pIaWFtZnNKSDE5bkNZbUl0RW50OWNDN0d2U2lLWGhtM2dQRTVYUTlRTlkyRlRqNk5RckloY3Robnk3ZWozcDB4WUZiUHlNQWlmWHJjWXM0V1A4YmVkcFBtMnN4X3pHYUM0SWYxVnlJRjl5TUVyT2xQVGFqQmM2bmN4R1ZuM2NCLWJUX1VpcWpNaEg2aVF0a1J2UE1LZGdMOThDcnhFOHhLS1hxOUZ1TXBm?oc=5,2025-12-16 08:00:00,Interempresas.net,Spain,ES
China desarrolla la primera tecnología de guerra electrónica 6G: el sistema que aniquilaría radares en segundo - Diario AS,https://news.google.com/rss/articles/CBMi4gFBVV95cUxPV21GYW95Qm1QbUtVd2Fwb0xmMkxSVV9kdGZ2aTduVUhxTFF3V0RNbU1PdkhuZWxHQ01xQ3cyZ1VMNVpZNm1Md1cwczJobmktUHBIaVZheldYZkJ0OUNiV0hzV2U2azFCQ1kxbDlkNVBTSVlpSDYwM0RUVzJRcGNwbDd2elFoNjR2VFZ2YVlsdlpEVjQ2Nk5fakNiNHh6dS1iZjZ3bFRzQW4yQURzakFUQW1BVHpkQW10eFBDODM2OUhaUmdlb1ZhTG9NSjBTZHpiSVZYQl91cGxTQ0I3MkxwQVVB0gH2AUFVX3lxTE0xbmoxb0hEUEFKaVJ6cFFVbGtPM2I2Q3J4QjZxMEN2MmFEWVBMTEVKamJQNmhXbDBWV3JScWVkSERoelB4eTctaEFYc19BUmlEUFFuV3pxV2RyUjgxY3FBQUFEQ3FDNFd5NUxhcEVZUml3anVLRmx3cGp1bk4yaXBVRnVfUnExUzNVemVVNkFOak9YTXNacFNHMHZ3aDFhVWU0WjAzaDZWTWs0dV9zVmdlQTRnUm5JVm5FbmZxNm9adGtEajU5SktUODVOQWtxcDBKM21vaWU5cW53NExuOFBOaFR3b21Dc2s5bEZveEh6bmhpMmttdw?oc=5,2025-07-04 08:00:00,Diario AS,Spain,ES
Las redes 6G podrán utilizar las infraestructuras existentes de 5G para detectar la ubicación y movimiento de objetos - Ultima Hora,https://news.google.com/rss/articles/CBMihAJBVV95cUxOTzNodndSRGYyNkw0RzlJMWZCQ2pnMWtCZmxqU2N5ZTlkdXVsV3h6czFvZTdTOWhWZzZvQ3pCYl9IN2FuSzE3QTFHLWdycWVObkZDTmY0TVpMdHlKX1FTU3otMjdwckctSy1lbUltSFpaWWJtUFdrUzhqVC14NXpGR3dIeWdPeHBPdjBwU0ZTWi03UFdoV0g4Vy1CX3BRWThHQ2Q1WERMTU5mYTF1R1g1bGZ0UVYzS2E2WHJhcjJnZnFxTUROQkhqUTgtMjZkVkRLanBSallPN1lZQlhjMGpJWlRJcUF0NHpuZVpCTVNlSHdNX1M5VDZreXpDSlNoSzVwT2tzVQ?oc=5,2025-11-17 08:00:00,Ultima Hora,Spain,ES
"Samsung logra otro hito como pionera en la virtualización de redes de acceso radioeléctrico (RAN), acelerando las redes nativas de inteligencia artificial y preparadas para 6G - samsung.com",https://news.google.com/rss/articles/CBMipwJBVV95cUxOXzd3ZFFNQkRTYlBGQVV6bVp4RzBYZ2dGMVl2RUVNX19oaWNUUlBYMjJlckRQR0s2OTRhaW1wRS1qeWNDSm0zNzdhMkQ3UkVLNHZ2TjVwUXdXOW5namN3STN4VGRfZlhaeUZzU01ibUZXU2U2OVcwdkRZdDMtRGUyWUNYVl9jTnFYalZsMEFTWXV2dFNOUHB0dE1tcUxCVFZVNS1wZE9ZWEkwMmRBUzl6cWtKTU9sNHJkelhaSDNtSVpOOEprUE4zWjRDSXFfQXFrX0tlS0dxS25iYXlubnpkcmdYQWxpRVVESGRqc1Ntdld5amtpWEI1UlJCaDh0emd5bFhrTjFHYnhabWxDM2lvSnFXVzg5VVZadFdKc3BCb2RyazRxaFhV?oc=5,2026-01-21 08:00:00,samsung.com,Spain,ES
Cataluña lanza el primer satélite europeo para experimentar con tecnología 6G - Crónica Global,https://news.google.com/rss/articles/CBMizAFBVV95cUxQN21YWXZLRkFTZTZGMk0wc2hVQ0RfbXZzcEFza3l0b2JadmdDV1AwZHVoTjJhSVhGQ1pWRG94dmpjNTF6aDBhMDI5dmRoMms4R1JPX0hzc3lsTDh5TDRJeVlnRlkxZFhiRHFPNlJRdTdVVVAzYXliNTBvUW9oQTNrNUQ4QlVKNE50MUIwX19sS2F5dlNocHEyblhIb09DUDYzek9sTUo4UjBiUng3dFk0YWVveTNackpuS2N5QmNfczVEQ0NCZ3ZlaHdmSEvSAdIBQVVfeXFMT21jeklfRk8zVjlLemxfLXpvMXc5MnFPdS1NbVh3a0VhV0ZSckZGYzlRMjRsSDZBTER6YThmd09VZXpSMERoTE1BaHMwamh2bkhBXzhuWElVT3VfTnB5X0FrcDhnQkNyZWRTZ080dlVobWhzUGYxOXNwZkhNcnppV1g3STBfMXp0Z0VDSmM2cVFfcWVvQ25ERVNrdzhMSEdUMUZoeUU3cTg4YTd0U1Z1aG9RUHBPS1dXOXIwR3ZyVVg4WU1QRmN2Um83Z2hncTFObXB3?oc=5,2025-12-02 08:00:00,Crónica Global,Spain,ES
El director de tecnología de Verizon traza una ruta hacia la 6G - Mobile World Live,https://news.google.com/rss/articles/CBMipwFBVV95cUxNSmNlb1I3WV9Dak9qcW5EWlJDT2U1aUR2Vi1WcTVkeXBlN3gzc25wdE1ZdUZadF94aXhmWDJweUhjem1RMVBQSEZzV1NfbGxXMkFLd2ctN2s1RXI5YUZjRGJwVHg2MDVzSFpWaXhYNk9kYkM4VFU4OGdjSUlZN29Dc0dORTk0REd3Z3Q4RTZZcjllQTVsc2g1LTdOdTlmWFU2OXp4UENLQQ?oc=5,2025-11-13 08:00:00,Mobile World Live,Spain,ES
MediaTek se adelanta al futuro al crear las bases del 6G - MediaTek,https://news.google.com/rss/articles/CBMioAFBVV95cUxNUVBrX0luc0hhM25WVkdwYU5aQ2ZwazdpRF9aaWlKVVUwYTR6N2UtVmJrMUZSbXVndDQ1MDlSc01mUVhBXzRZZjQ1NXd6Y2JQWkFfNEYySGV2VWhLUWRyblJCWEM3NnUwXzF6RnBubkZOZWU2TnJiZ1VPMUNQR0ptY0p1RGdCdEwzQ1ZyeXE0WXd3ZkxnZXV3MlhKUm5oeFk40gGwAUFVX3lxTE9oQWdEUGwxeTVsQnJOTVFtRTVmcVU1MjduUDE4aS12bktnZ1BzazItdC1vSlBxLVRhQkp2MER1TDUtdElWcnFaSUc1YzBGelFLZzN5VE9VeDhzeDJOQ3JNeVNaVEdkRHpZTUVhSW1kd1NpSVVQYXVlVFBvdWhfSHFTdGFOQ2xneGZRRE9NM0pjdFNjYl9tYkpNLW1GTVFaUzhFUzZUeXd3djhWaFNQNWkz?oc=5,2025-04-17 08:00:00,MediaTek,Spain,ES
"Si la pregunta es cuándo llegará el 6G a España, Ericsson nos ha dado la respuesta: cuando el 5G arranque - Xataka",https://news.google.com/rss/articles/CBMikwFBVV95cUxOTnF4c1Zyc05FT3FTTkZITVoyQnpaNGtoZzlMZWJqR0l3cFNXbmM1SFlfcUFYamtlbmJNX1FPc2xsUlF0QzJsYWhqUnBzVVJXV21BZzZwaW5sQUl3NXpZNm9ET1ltVW9NanhwazFlQmQtMmFaaVRVRmY5eE4weXphZnZRYl9XOXg2RXpUX3dUd2pSUzDSAZgBQVVfeXFMTWFxb282QzA1QUw4ZENTSHJ3Mk1xLVpxeF9NemJfWE5KSEZ5ZDl3QmxycEZybTc5dndxN01halNjVmtYNTRxWDVuWWFmV2NWd1FicDhBcDRPMWVwQ0lxdEtxSnQ4X19jbzFsRVNicVR1dG8tOEM0UVF6RHdkd0x6SlNsZmd6UERkS1NrZnltdUF4bkNXcDI0X0M?oc=5,2025-03-08 08:00:00,Xataka,Spain,ES
"6G exigirá hasta 3 veces más espectro, advierte GSMA - DPL News",https://news.google.com/rss/articles/CBMifEFVX3lxTE4zamJIandySFJNd3FETHZudExKWC1rc3VmanV3b19scExuYWtEMkF1SklSdDRMTjd5VlBKckdiUHNockFFckxJRmVONndQZG50ajRiOEJiaTdIbF9JUkRoN1ZBUFkzcWJ1cUpsU3I0SndEVVEwcnRCQkM4QzI?oc=5,2025-11-21 08:00:00,DPL News,Spain,ES
Catalunya lanzará en octubre el primer satélite de Europa para hacer pruebas con 6G - El Periódico,https://news.google.com/rss/articles/CBMixwFBVV95cUxOMi15WXdVWjNldmczNzVJT0RENlVoTTlFY2ozUWxWcjlITzRLVHlkUmoyN0wyRWJmRHhFVDJIX3dqOGNIUDdSTWNMbXliQ1R2T05fNW1aV1VhbGUwWUFSNjNET2NUZThJU3VWRWU1RUgySTR3T2c4S0dRUElsSkRjSVdzYkNlS2d3aFdPSEJoY3lkUVpmeHBrVnhBY3oyd3dJWFVKUlR6ZGxGbnh4bG5UX1BXM1ZyLV9Oczl3XzBBdGFjSVcxNU040gHHAUFVX3lxTFB6TEQzMVU3WkJSV2RuenhiSElmWEtXTlJaTlFJQlBSWU0zRVFRT2NvQUM4OGFPWUtWbXNtRy0xR1YzOWJIWGxFVERkd3lMbDRzVUhULVB6ZEpfS0diaU9mWk4wVUNGUmtJdDNROU5qdWhUN042dUlfN1lYTm5odEJDeGxzUUFfU1BJY0I5aDB6TnFDRmtHcFAxNlN1Z0NXOV9oZGhLTlhBT3BrZGlRVUN1bldTTzBtRV9NZXI5QV93Y1BmSTVGQWs?oc=5,2025-07-26 08:00:00,El Periódico,Spain,ES
La Comunidad lanzará un Laboratorio 6G en 2026 para impulsar redes avanzadas y acelerar la innovación tecnológica - El Diario de Madrid,https://news.google.com/rss/articles/CBMixwFBVV95cUxQeXU2MXlrOENuVC1ocTVWYklpX3hrcnNoajRqSGdQUE5HVTdaTTlaTE5vTzlmUGhRU0w0Mks0Znhqb3BoRjhtdDI2MFhiS0VudXRlYUU4aUU5ZFo4UkhkWGdSQUFwR2dOY0NZdnJCUm1Ec0xZYjNrSkhocFNIam5abjMxcjZJa0RQc3l2X3NRR1RxMWdKb2ZCZEpVR0RzSnhFRTRwNDZ1Z0d0VlhwMmtKeV9CeF8zNUtVNmtZbjZfbFJVTndZcHJv0gHMAUFVX3lxTFB4QVFtSnpqTUxGbnVja3Nqd3BlbU5vYVVuZWVyLXZncUZSRFdJWkpzcW9Rd255S3d4M3dVRzRMYzdYQ2d1OGJMSk1kTU5wODhjYkVRMHB6SHlMcEJkR0lzZVdhNnczanFNS1Z1aFhjZTB2SDhZRFZmTmhPazRMYlZnV2xHUklHUlViRFpMUVhRY0lVc0R0bFpQYy1tYzVVT1J1SVRtMmFOdl8tZXBBNVNrSm9LaGVLZUlXajZpMERnNkdNN1hPWUtIdHoyZg?oc=5,2025-12-08 08:00:00,El Diario de Madrid,Spain,ES
Europa decidirá este mes el futuro del 6G y de la conectividad WiFi - ADSLZone,https://news.google.com/rss/articles/CBMijgFBVV95cUxPLXlaMXhGbFBQVHRzd3pyQXpNTkZ3cExpSXp0eUF1Z0lVY1A5WDJRdF9Sak1jWFlJNHFjSENmY3VxUTFoajVMTEZEdjl4QXNvLUpwU1hyaUhsbC1odkZKcW1id3k0SVVhUUktbHIzRTduRHN5ZHNzR3ZqZ242bnpxZVdOOFVxckFTSkpoeW9R?oc=5,2025-10-30 07:00:00,ADSLZone,Spain,ES
El proyecto Yahya-6G desarrolla soluciones basadas en aprendizaje automático para optimizar redes 6G - casadomo.com,https://news.google.com/rss/articles/CBMiwwFBVV95cUxPME9RVWJMeFNvTFNlSklub0lfRU1PVTJGWmR6Ml9kQmZrd2VEcUR5U0NmOWpEMWQ3S3NuOWJkWGlxZDM0MDhjUC0zS1JZQ2M3eDVVU29QRDQ1Sl9SM2I2RXRfcWdvdjJPd3Q1ME1Wd3ZrTTU0elZNWThROWE5YzI5RE94ZFBvVWNkd2hMS0kzNW1zbXRiRVRUWmtmV0V3UHI0dG1CTDZWeXZpUExzUUxqT01DeXBoREVYOVlaX2pNRWNpeFU?oc=5,2025-07-28 08:00:00,casadomo.com,Spain,ES
Madrid estrenará en 2026 un laboratorio 6G para acelerar el despliegue de tecnologías avanzadas - ABC,https://news.google.com/rss/articles/CBMivgFBVV95cUxPQ29fZXpUOURiNHR0UjlJaXJjOXFzbzVhSzg5ZFQ4OUlxWWNYb0R2M0FZd2FvbTIzQTNOZ2kyS3BPeEF0bXdSc01FWGdCNUFuVDl1Tkc5OTJ3TEtuOTdiTGk0c2V4aG02YVc5emZEQUlrQTNMaG9URS1fcUNnejFCSFRhdEI5OUZCRTlnOEFWXzFqY1NHeWIyRDIxTnJrM3QtdVh0ZFdnTlQ4VjNUR01Va01qYjM3N01JMWtKYUxB?oc=5,2025-12-09 08:00:00,ABC,Spain,ES
No es ciencia ficción: China presenta la primera tecnología de guerra electrónica 6G con la que sacude el equilibrio militar - Vandal,https://news.google.com/rss/articles/CBMi_wFBVV95cUxQcVZZUzctZEE4dFJpa0M2M0YxMGtTaXEzV2d3NXVTRmF2a0RoaFhhWDBoRjF4UmJJYk5mMTJ6Ni00YmV2c2lBQ1RYcEJmY2EteVhWaGltTWJYZ3hRWkR4UlJSZHpMSXR4V0p3elZiZS1obV91OGVvWXZqQV9TQUJ1Y3BjcC0wcUgxMXdQSlhiel9sUEFfdk5qY1F4RElsR2Z2alhLeTViVFRyNEk3clF6alNweDdoTEwwTl93Slhxd0tHTGF2dUlxTTJmSWJ5UmRhdjJfeENaUkQ2VWNKdi1WcmJSNjJQczZMdzVfbzdWeHctWE1USnloV0VUTFVDNVXSAYQCQVVfeXFMTzRwZVVub2dzNURod2hQVmtaX1RKZ3JrWHZydEVZZ3VMRDhGNXZ2LTBMcThxd01HbS1hd0xKS2tRVDFPZE5ZWExrZ3ZjSmJRS2J4QTdkcnVBcjVmY3BWaWVaYllPX0toWE9yaDZxOG5UdWd5VFRpOEJlemo2aG1BaUlBcHhpZ2ZFaXhwTXFmRlc0MVpkZ25vNkxXakY1UXdYVlY2bDVyckhFQTNSZEFGWFNHZS10aVo4SmVBZk4xWlNsdnJvU0lJMjBNak95b3pKRFpyU0VrOXJudkRnaHJRbGRLQ1pUWFZQeHVKOFlhbDc3R2xMU1JENUxuU3JiOUxyLXJaUUw?oc=5,2025-08-21 08:00:00,Vandal,Spain,ES
Rolf Werner (Nokia): “El mayor desafío de las telco es tener una fuerza de ventas cualificada” - Innovaspain,https://news.google.com/rss/articles/CBMivwFBVV95cUxQdEZhU3ExTUMtbFV5ZmJZRjEySlZiS0MtbGpzRVgwZzJqY3JROVFiMEtrOG5manhiUTFLZHpvdDNKSWkyaU1SX3h3MHdaLVdYY0hMUlNpRHhDQ2ptQWhhdm13cUZ0bS1IY0lidXJCd2VqTWtHSUlYV1lxOEJZei0xYkxDVXNSUWhhQXoxclRmcGVtN1A5U0lac3hIMm5vX3VqcjJsTGNULWJ4NDFsSm9CRWRPSE42SlVGYVdSZW1kTQ?oc=5,2026-02-09 06:45:15,Innovaspain,Spain,ES
Catalunya lanzará un satélite con el primer laboratorio 6G de Europa en órbita baja - La Vanguardia,https://news.google.com/rss/articles/CBMiwgFBVV95cUxQLXpWLUh4VXpLZGFaaER5NHRDVXRXbGhHRzJBVURaUUR2SVNKOU41d1I1bjFwcGZpNDE1X2dtRk9JSDJlQ0R5ZWgxSnVIMzNrUTFYVFRhN19Bd2dwYUMycG5JdnVzekoyV09YbEpVdFMtbDdFM1VYUEdyRkZmRl9MaEVSM1dnVU1FOGFGQUJZRFZKV2p0akd3UWpsR1prU0VtLU10WlYtaHh4S3FjdzJibEZ1TF9PTGI5cXVCelA3OUE5d9IBxwFBVV95cUxNd1VENzBqOFA5WW9KN0EwalBOcjNOMkJXblNOMmE2TUdQMy1fb1pLa1NlUlUxRl95bzc4dHlVRFJ0YTNzR1NoRGJzXzRzbzNkVG11VVhTQ3dWNk9lMnNoemwwXzJKOVhQeUxBdEI1dTMwWjJEM3NkQ3VUbjUtQ0xjYTdMZ0hCS3FrOFJoSm1QTUQ4REZQSzFBUGpHVTRteENjdUcyQnctUlZhemRpbVpBSmFhMVpycWYyN1JiaWw0S1hnbFRIdGpn?oc=5,2025-07-26 08:00:00,La Vanguardia,Spain,ES
El campus de Vigo tendrá una red experimental de 5G y 6G - Atlántico,https://news.google.com/rss/articles/CBMilAFBVV95cUxPTDZkaDlTOG9tb2lvUlNoejBac0MxdTc4VlRvYThFX0tXR1J0WU16REk0YWFoR0M0Q3FhMVBha040eUktQk5pVU40dE9VYWhrUm1fZlNMcVFtWktEQzFTWW4wY1Q2MGd3Xzk2dkstWk1rRC1YbHczT2doWGdWa1FDVG40U084US1HTnZla2l6LWdhb0tM?oc=5,2025-07-26 08:00:00,Atlántico,Spain,ES
"5G e 6G, Werner: “Italia centrale per le strategie di Nokia” - CorCom",https://news.google.com/rss/articles/CBMiogFBVV95cUxOSXpyVGdYRlNHSDJZVlRkR28tbmt0VVhKRzRodVJVWjNSa1gyN0gxUk9ET1ZTTHFJZUJDSE5jT0o0WXdSVDlrYXdaZmtFWnNOY1hNTXlZVjlFSnpNRmRyWHB4dm5LRW9kc1lCNkN1YTZyZk96MWdsMXpyS0hfSm55eFhWUUpEcUYyM1JvSHdUQ1F0WXBzT1ZFS3psajRfV1FaMlE?oc=5,2026-02-09 07:05:28,CorCom,Italy,IT
"Il 6G, la Garisenda e le telecomunicazioni del futuro — Italiano - Unibo Magazine",https://news.google.com/rss/articles/CBMilAFBVV95cUxPRHltRVpQYXZYQTJrUDdCckRCUllwcTVUSzVmVXVrdGllOVhuZHdmZVBhWjFLVzI1ZVpLQlFOWHhVNTlwTnJhZXZNZUxZNVktLUplbFQtX1Q1M0g1MmpraTczNVF1ZldQT1hvOGhIQV9kaktaOTB5VTJmMnk2a3FOV2NoWFhFSnVYblE2OHk4Mm0teGU2?oc=5,2025-10-29 07:00:00,Unibo Magazine,Italy,IT
Altro che 5G: un ricetrasmettitore wireless tocca i 120 Gbps e pone le basi per il 6G - HDblog.it,https://news.google.com/rss/articles/CBMioAFBVV95cUxNYzJ4VTJXbWFVcFNDNVVfRkVBbk1kU21fMHRYUlpYaXZ6SW4wajhoaWh1dEZuWHBIQXZQSFFxYU9PUjlISTF0ZWkteDh6RjNCNmhpNnRWREFydkdiU3RyVS1JTlF3Z0J0eDJmeU96SmdRY003bW90YzZYVFY3ZTBkbnJ0UkxTSkhrWnVsWUhYM2NYbXJ3WTBOZmxRZXNKbHRj?oc=5,2026-01-26 08:00:00,HDblog.it,Italy,IT
Svelato il chip 6G con velocità incredibile - Indeksonline.,https://news.google.com/rss/articles/CBMigwFBVV95cUxQMFpTZ1NXOU9xeXRpOTFNTEVWRGF3TTU3emdOczlCVThrR1FERmxTZWhKSk5sZ2tsSjZhbThYQkMyaFhXczRJaTBOVldPUUNhSWdpbzZMYjItaVkzU09vUDlYellYYU5vQWFxNDE5TXRmN0FlZTJiMWZyZkdJR3c5SFQ1RQ?oc=5,2026-02-11 00:39:00,Indeksonline.,Italy,IT
"6G, la Germania mette al bando Huawei e ZTE dalle nuove reti - Key4biz",https://news.google.com/rss/articles/CBMilAFBVV95cUxQckFOWnU1aG0wTjVNYVV3ZWNDSlVjWnh3WjlTMmdXTzYwd0RtM2dPcmxxaEE2OFUyY1RGclRpcmdQcmc3MHNBTXJhY00zT2thaDEtamNJTzkyNmVOOXMtaHRkVHpmbGlZLTdPVFlJTllJNTVVNmNWMUZZYlQ0YWt6X0FxTHVELVVjZUtuM3lrSENvRUxJ?oc=5,2025-11-17 08:00:00,Key4biz,Italy,IT
Siamo davvero pronti per il 6G? - Wired Italia,https://news.google.com/rss/articles/CBMib0FVX3lxTE9WMnBEeU1aV1dMakVWU244WTFVblFqSDR4N1UxQnFOaDZxcC1NTG10dmhCdDhtamE4M0tiLVVZbklEZUhUeFk5NjYtLUxQR2lYTU9pbnFNbHdnVnZ3VS1QMFFnWFNwRjVodHJFU19qbw?oc=5,2025-04-14 08:00:00,Wired Italia,Italy,IT
"6G, il nodo dello spettro 6-8 GHz riaccende il confronto: Abi Research avverte sui limiti dello sharing - CorCom",https://news.google.com/rss/articles/CBMi9AFBVV95cUxOM0VFeUMySWlDTWZCVlp2aURWaWx6MGZoblN3RzhXYmJiNTJ2MElSQWNDak9XQ3I5Q0J4czJlTlBIeW1fZmlOT2RPZEZGcmpDTnh1cmNKbFpjT3hWcnFnTnJGdXZ4U1Zpcl82b2p6Qm4yb3R3dGFwM2lpUGg0Ymd4TmU0UmVtdloxT0JhN1JSVnVEaWhraVM3YW9uVU1zbkhSRV80WjZVVFRjUEtGWURGa0g0S090SnV5aTJTLTBLOUNmMkF0cndYTzVVYjZSVjZTazdxWTlDbUpuVXNja2NDdjNVWk1tanFpZ0xORGJOcEZ4cVhF?oc=5,2026-02-10 18:21:42,CorCom,Italy,IT
"Il futuro del mobile, tra “vero” 5G e l'arrivo del 6G - Segugio.it",https://news.google.com/rss/articles/CBMipwFBVV95cUxQaGx5SkRBcHJzVHpZZTN0UFItTFhwSXFmS09mMWxnNHc1Vjh1MEtDUjMwSkpHVE5RMHpzN1VFQmtYOHNoeEQ4Q1RSMUdWX01lSHF2Z3JGUHNOVGYxNG9wbDdXMmtjMlh3S3hnY0xhRVZJVk4ybVlhZTFnaFl5eVdESDlfN3M5ZGJoR3Vmd2VadHNfTm9qTDAzdVc2ZHQzQ2Y5S2hwVjdtOA?oc=5,2025-12-04 08:00:00,Segugio.it,Italy,IT
Bologna capitale mondiale del 6G: la rivoluzione wireless passa dalla città di Marconi - insalutenews.it,https://news.google.com/rss/articles/CBMiwgFBVV95cUxNenpuZlNyNFVBc1dvb1J2eGJoR1M4QjNZWE5ZQ0stVWt0aERhQ1R2dnBqVE9xYzE1YUZPQjYxQUZfOFktTFNrcDdKQ3VRTlZvbHNYQmdvMGY2bXg2cHppUHFORExtVjdxbEs3UldBQ3o3Rmc1cm83VXdJWHpObFlKQlowdWJkeGRlNjl3b3dMRmlnWExFYVVHeTgwUkZqUUVRRW5rQWtTZkR5VUE3T0RjVVdqSWhoa0prQ284X1BlcDNNdw?oc=5,2025-09-05 08:00:00,insalutenews.it,Italy,IT
"Cina, la corsa al dominio spaziale per il controllo del 6G - Agenda Digitale",https://news.google.com/rss/articles/CBMipgFBVV95cUxOblFRQ3B0V1lYcldwVVdWbFRiRFJTOTlJaVhJcHJQaXZaRm9OMFVlOUhmNG9NRWdwY2JtWWZaNFhJRVlEMVg1a3d6RWtxNF9qVmFUejdXQ0xLbXdqQ2xNT2NxV2V1d2JiWG8td0JvUUpDbnZFQmFKUV9UR0M3dERnSGtfLWJYNWVISUVKNmplTmtranhVLUpTcDlWZFdBTXg1QUFMeTl3?oc=5,2025-10-14 08:00:00,Agenda Digitale,Italy,IT
"Ia, cloud e 6G per rilanciare le tlc europee - Il Messaggero",https://news.google.com/rss/articles/CBMilwFBVV95cUxOTHdNVVlQN09BRWNVWFlLQVdHRzRIYkV3U1A4VGMyc2ZPSjFhSXZDd2J0NWYzWTIyY3lTeW5TbGdzSzhkYTg3Y2JPMWo0WmxHUDc4WGE3OG9Xci0ydlEzQ3g1ZzFVbXJJYzhleEhGdnVyTG9ZT2ItcjJRU2RzcnhOTXNpRkRaaldBenM0bDc1V0hJdFZJdTRN0gGWAUFVX3lxTE95dGxHYU5DTmdMV2J1cE1QdTRoaEN4cVNiejJBNUVHelZXYml1ang3eHhqdC1iNktlRWdhM0hsdHBnendXVGRvdnNOalpsY3pvczJkUjNOdzhoZEY5NDY2Wnk3T1JkYUpfbUVWeE5zdVkxdWNLZzc1cTVPYzBQZkNDZEJmS2ltWG5sU0tIOVBhY0NRRnhXQQ?oc=5,2026-02-03 08:00:00,Il Messaggero,Italy,IT
"Le reti 6G avranno il sesto senso, parola del capo europeo di Nokia - Wired Italia",https://news.google.com/rss/articles/CBMiaEFVX3lxTE1kc3FaWE5FUFJlYnd6ZFBxai0tSkV1ZWk1aEhEOG0tbmVORmtCUWUwZjAwWWlCT24wNDBrT2dkRk9DTm5jU3dxYk8xa213MmFONXk4T3BTRlIyV2RQdkhtSXMtclFxbUQx?oc=5,2025-10-02 08:00:00,Wired Italia,Italy,IT
6G: sulla partita delle frequenze gli Usa rischiano l’isolamento - CorCom,https://news.google.com/rss/articles/CBMitwFBVV95cUxQOGFJZVBuMFRTVWE5bFhfeU9fenJQcEQtdjI3SVJNdmF5dG5CbjJoN2YyZjI1aTk1MGxJUzZ4UnNtcjRUYTBwTWdpdzVxdlBGQ3ZWX1BibVdpbXZueXdTa2R4Uk9PcGhGZHBvaWxYOUV6cXRQTlp6Z0puYUVVV0pVbWN1YU9xQ0ZYbjFUNjFiUkxseFZvSnVORG91UzlkckxpOUVRRmlUcVh1dzI2bDBSaG5ZWkpMc3c?oc=5,2026-02-03 08:00:00,CorCom,Italy,IT
"Ran, mercato stabile: forecast a +1% e attese di ricavi dal 6G a partire dal 2030 - CorCom",https://news.google.com/rss/articles/CBMivgFBVV95cUxOQ3l3ejRJZHQyTTd6Ql9Ub19fZkpiZGYyNnhiOUNPNEFNd3F2MVBhNTg5OHhfT2RUZ281OGNILTE1amJHM2JWUG1kRnlNdVRuSWtReS1ZS1FqNnRVaW03bEFoMjN2cEtzSm5uXzRjX3RlZlJxS3daQVM5SDkyVHg0Mk5zOFF5LUI3c1JISkJyVmVfYjdHV0hRXzNhMFNXVW5Ob2ZTMmVqZWFmRE5fWUh5ZERNaFdzanptT3JkaHFR?oc=5,2026-01-28 10:04:29,CorCom,Italy,IT
"6G, la rete che ""sentirà"" il mondo: connessioni, sensori e spazio nella nuova era digitale - CorCom",https://news.google.com/rss/articles/CBMixwFBVV95cUxPVFVQOU1WODVyeDlxWnZtNURuSk9GQl9EbFNNSmR0c3Qwd2pKYkNfeVVBcHRLUnRzaEQxNmZWbFZjak9ta0RDWHRzRVV3QWhfSkVmQWhKZVRjNjNGU2FNaEk5ektod2o4VHJHYTk4LWRyTFIzZ0hhQk11U0hmTGRhM0xQRWZfYjQxa250SGl3Tm1jbGRXWmRpdm9Qa01obnY4VGIwaU5WQk9NZ3p3dlR2QVpjWXhXLWlRYWRpeEdCcjNxRVJtMkpR?oc=5,2025-11-07 08:00:00,CorCom,Italy,IT
NeoCloud e 6G scaldano i motori della nuova corsa all’AI - CorCom,https://news.google.com/rss/articles/CBMirgFBVV95cUxQbXUwVkdBOGI4bDBjZ2RrOHNGTFd3UzVESHlTT090ajVVSldITXk5UmhHM0tnRHprOW5INmNIa2RPMVJVUFB3SWV2aGduSnBXWVZBNnc5anROOUZmRmFiT3dLV19iSk83TWFFZWlZanBmQTdJTXRVSVhfWC1hWjJJYmZvVVdYOHhnMWl3MEU3d2h3S2RBNTIwdkY2WGJHWmlNcmhyNHF5VEZ4S2x2OVE?oc=5,2025-10-31 07:00:00,CorCom,Italy,IT
"6G, la connettività del futuro: tra potenzialità e realtà - CorCom",https://news.google.com/rss/articles/CBMitwFBVV95cUxNNGk4c1g4OVY1S2Y5VkNHbFZ0UDRGcGJTME82RU5BZ24tS2FyQ3RsYjc5dWdnRWRjd213U2tINUZ5cGJZR1hwVFo4UFJGSF81N2xTZG1FdGRNTEdUZDJZMDkyeGdEM1UyM29TUVFBSlNnM29Va2FRVk5ZNHNDZS1sYUlIQVpfQTdiSDV3V2NqMjBaSjVIVUUtcDZhc19DalRFc3E0N1FGY0d6VF84Z1AtMjB5ZHNXU2c?oc=5,2025-06-16 08:00:00,CorCom,Italy,IT
"Ericsson, l’Italia motore del 6G: oltre mille brevetti per le reti del futuro - CorCom",https://news.google.com/rss/articles/CBMiugFBVV95cUxNdDNXOEF4ZVNFRXIteDMtUV9EZUR1cEdISWJIRVFRX2dKQWh3NlNWcnQxVlZkVlFGQ21GdjhUemxGZWtRdkNjUDJrcWRRVEJId0dqcnlFcER2emM5MFRHazUxV0dmSC1SMWJxeVBWTnNFVklPVE5tNDFDQVNPbGxHLW44VUFvVjZFNU04RFBORVVaME9QajhUaVdlQjZsYW1MY3lfUk1OeU42UEZyTzFNT0VZZXZBREZaeFE?oc=5,2025-10-17 08:00:00,CorCom,Italy,IT
"6G, fino a 3 volte più spettro per sostenere il boom di dati. Gsma: ""Urgono decisioni"" - CorCom",https://news.google.com/rss/articles/CBMi2gFBVV95cUxPdVVWS3FldUJjaDR4UkRNWDdOWUYyUFlVOWFuVTBmR3pqbkRONHloSDhWaDhSeVBsNmxqcHBKRTNtdXhOZjJwUC1jVzlLem9jeHpLVXBtYklNb25EaXdpdVFkNmF4Mld6dVZEbzRLaHAzaEt2NHVYanZsYlNhQk04amFrUklaQm9KVDhKYmI3cEV1MjU3WUVwMmphRFFrUzMycFRmbHhraTlyV3NxejVMV1pYWURtOTdudTVzYjYwR2NjSk41RGdnMWNqTHdyTzg4WElkeWY5cURFQQ?oc=5,2025-11-21 08:00:00,CorCom,Italy,IT
Quando la rete diventa intelligente: il viaggio di Ericsson verso il 6G - CorCom,https://news.google.com/rss/articles/CBMiuwFBVV95cUxNaFhDWVlZY1JPZGFqZlNjMWp5c1hGaHl0R0RTeDVKTWxqZE9uNlJfcjg4S0dYajE5eU1XMi02VjVkZklPd2x0TWNHYUlnNmU4Sm5KVWNwR25FQnk3NXYtWllEamYxUGZzOGdBMXBQQllINlgyMzBXTTBLd0RMd3d1NW9RN3NaWWthX2hpNXFwTkdzX0UwNHNDT1FTZFE2cjRKTlNtc0d3ZFRheFFyVEZQOEd2Rl9OZFFtUU53?oc=5,2025-10-20 08:00:00,CorCom,Italy,IT
"6G, l‘Europa si sente già in ritardo prima di partire? - Key4biz",https://news.google.com/rss/articles/CBMiigFBVV95cUxPaFYxZFhCdTV1dXVaS1d1Q0F0bHVsN214OFROZTU0WktCUF9KUndfTWhJNVYzN1RQbWk2d0VwTzNLOVJOMnlKV0Q0Ym5oa1hFY3VNRmhiQ1E4TE1pY1VBRlFFek1nTU1rTHVONlJOMHItNkF4WUZJUFNuV2lBTXo1UXZqLUZoNV9BNmc?oc=5,2025-09-02 08:00:00,Key4biz,Italy,IT
5G standalone alla svolta: l’AI cambia il profilo del traffico - CorCom,https://news.google.com/rss/articles/CBMiqwFBVV95cUxQWnlfSnNSdHY2b0RLNU5tZzRtVTZ4TVhuNElFUko5X3M1bGJnbm45R1dISmRMWTVRU180bE41ZmFIeXVsTUx1b3N3N21KNllmLU5xSTZ4UkJQR3E3dmxsRktHMnlfaXVNNzNoY3FqUWlVaTNQV1Yxcmdnd1VfczdnSGY4bUJGZjlJUkFUdUc0bmlWcXlLbnc4UEJWRmN2dzgzOTFJSmIwWmQ1VG8?oc=5,2026-02-12 12:11:34,CorCom,Italy,IT
"6G, il futuro della collaborazione immersiva è più vicino - CorCom",https://news.google.com/rss/articles/CBMiogFBVV95cUxPWU0tWmczTnhaZlczbWNJR2xxdjhkTEgtdjExYnlWLTFTR1I4eXFwSnhkTXVrZkhDVzM1VUhhUk5NdTJrU1lPRlowd29BaWNYc3pNdkdzOS1sSmRBX2tzcEdNQXJfMENlUTVrQTZOU0N6Z0E4M3o0eGZtWXI2VkRsSzJEQWU0YURpQk9ybVJidGJZakp0Q0Y3QnM5RVk0VUdIVlE?oc=5,2025-12-17 08:00:00,CorCom,Italy,IT
"6G, ecco il chip 10 volte più veloce del 5G per reti mobili ""a spettro completo"" - CorCom",https://news.google.com/rss/articles/CBMivgFBVV95cUxNVzFpOXY3SnF4ZHRBU25fUjdMc3NRamdkbjJCRTRqcUlpMms3QmEyWWU2cU16LWp5RDJqSWplUWp2TWhmQkVCSm12WnZnZW1uU1k5V2NXaHBnVlcxUjV6bjZnMG1aclZETG9MdUUzU2paVlhQWkhuYWZsWDBaZDZxSUwxSlV3b21LVUFZQjc1TFlCZm5DbGgxME82SkZ4U1JEcVM1NF95UjJQR19YU3dMcHA3MUk2OHU0V3gyczR3?oc=5,2025-09-04 08:00:00,CorCom,Italy,IT
NVIDIA investe 1 miliardo di dollari in Nokia: avanti tutta sulla tecnologia 6G - Hardware Upgrade | il sito italiano sulla tecnologia,https://news.google.com/rss/articles/CBMizgFBVV95cUxNN3B0QlJadXcyZ2NXNTVRSWhjbE5jN2N0U05wcjJROUZ1bXl2SEZzNFFDRFNQZktOdW9zdkxpbm5qN1hadzUtZmNQSHlfSTQyNHJHSThZZTRMWXlBOGpYRUtSdVRMQWFXcXVFM3ZTZmtqREhYblZkOUtXbWh4SjdSNXlxSTBCMml4LVhTM0gwZWg0bVdzZ0liVUREZlpmQWRKSW8zRXZUVjRleHA3UW10SDFDSDBzOUF6NU4wMTZIUGxiVWRJY3IwOW5MS3A2QQ?oc=5,2025-10-29 07:00:00,Hardware Upgrade | il sito italiano sulla tecnologia,Italy,IT
Satellite e 6G integrati: l’Ue punta su sovranità tecnologica e servizi innovativi - CorCom,https://news.google.com/rss/articles/CBMiwgFBVV95cUxORkdJQTd0R1oxcXowaXhsX2w0YWYxdDl4MFFMT2lVT2hKeEhVQWxOYTJBTENyWGp3QVJzd3ZGUkFFZWsxR0FiZnU5YVByRTdUVnNZXzkzaDZHdFI1bnN1QUFEQVdHNUNMMlQwMlNudEVvT0JrRV9xdk5iYnBORkJ3NU41OXI0WHo4Z0VCWDMwUENjakdLQVpFcmQxNzFfVlhMWWZkNm0tZldFSG1UamFCbEhxZXpsOWtPN295ekg3Z1JTZw?oc=5,2025-10-16 08:00:00,CorCom,Italy,IT
Donald Trump non sa cosa sia il 6G - HDblog.it,https://news.google.com/rss/articles/CBMihwFBVV95cUxNcFMtdVBhN2o1TENjS094RUNlZURLai1iSjZfeXpCaWJKS0Z2cndNV28ySFZELUhDdTV5SThSZzctWGRFamY0ZzNLTlcxSDItc0o2YkNqZXl4Ti1RbkliVXBCaFJrcWtyV0YtaEliUnJXd0x4V0R4QXNtd3hCb2YtQnVuWmd3WjA?oc=5,2025-12-11 08:00:00,HDblog.it,Italy,IT
Sicurezza del Quantum Computing nelle reti 6G. Lo Studio - Key4biz,https://news.google.com/rss/articles/CBMiggFBVV95cUxPb3BFMmFEMW5MZXVPcGpxeHplaFhJZVFMYV9aTXdlSndUc05hckJ2ak9tblBVNDRiVHh3RndZM0t4eGVGd2tqN1l0X3FMeFV6ZnJfaEUwQ3d3c2FiV0NuUnEwc2YzaWU4OTc4UXdTUXRVdnNIam1iOTFyajFfNVp3TFVn?oc=5,2025-10-03 08:00:00,Key4biz,Italy,IT
Dalle reti al calcolo distribuito: il binomio 6G+AI chance di rilancio per le telco - CorCom,https://news.google.com/rss/articles/CBMirgFBVV95cUxQZFh5WFVGaGhEU01rdGluUlNMQkFQRC15RURBUV82aExXNnVvM3UxSjVrQW5TbWZVN2U1OFprTzRtQjBkeUZVSkZKNHVzX19MVW5WZ05tRVN4Y3Z2ek90TWx5cFdjMEpQV2FNbUFLdVBDT0hMY1R1UEV3cDNLRWNXdE0tLWhDREZvMmJHT2VvZFhOQXVCZkZKVHp2TzlGbm4yM2NYc2kxNkhDeWQ4akE?oc=5,2025-11-12 08:00:00,CorCom,Italy,IT
"Banda 4 GHz ""corsia preferenziale"" verso la leadership nel 6G - CorCom",https://news.google.com/rss/articles/CBMipAFBVV95cUxPLVVOVzJPb0lMLXdacjVKOWdpTE1qa2k2UzFBWGZXVFhzWFYzWTBUa05LQUFHRHU4UlhBQWJnRXYwM3AyT1lhZHJQYUMxbVZNSTdwVy1Zd3Nwd3ZSZzBoX0lMazBVOW91N0FkQ3NSOW9uSGd0WjIxLVhDU3Zud2J1T1MtUUMxX2k2TXp1YkYybE95Sy16UVlMMGU2MDk1RGRsMFhzMg?oc=5,2025-08-19 08:00:00,CorCom,Italy,IT
"FiberCop, oltre la connettività. Edge, Cloud, Digital Twin, AI e 6G per le reti del futuro - Key4biz",https://news.google.com/rss/articles/CBMitwFBVV95cUxQVFZBclYxc2c4UHFWaVJKMktCUzB1RjJvMThIazJlSFdlSURVWi1sSHBjQmNtWXRBaDJnemo0aDc2cGs3Q094d2g4dmxLS0MtUUY3UnJiY28xRXVYWVdFVl9GVHpTVWJoMkt5ek4wcXZyUVJxM2NOT09KN2tLZVZWalM3bWJSUVZCRmlTb2NmSGprQUdGLUpvdlQ5Nk0taW5sN2R3dzZFRU00czZqRHgyUnJYeVpZNm8?oc=5,2025-11-17 08:00:00,Key4biz,Italy,IT
Qualcomm ne è certa: fra 3 anni i primi device 6G - TuttoAndroid,https://news.google.com/rss/articles/CBMihAFBVV95cUxOOEdpTUtfcF9rRlVTNTVZLXZrMkZVQ3dXVnYwc3ExaVNhZnk2bXJhbFB1QVNZVzZhVHVHd1NqbGJjUnhTN2FHcnZpZXJzS0VpWWp1cVJveHZnWFd0a3h6R19hdGgxVjJRRXp5ZnppWVc1ZlZrakJ5MllNMHpEYnBHOUw2X2LSAYoBQVVfeXFMUHVkckFIY1c0MTZTQk9HMmhhQ1JIaUdNWm9JN3p0bWNmdl94SEVmVG1udEthZi1SaVhPTk55UE1tOTRLVWdHYXJERVI0M1F5bmo4Q19Qa2NMQ1NwRDBRNzR2NmlaSWlTa0FRTGVtVG5QbUtLUmhTcDFoTW1PX2hfc19aWEVrbjZ2OGVB?oc=5,2025-09-24 08:00:00,TuttoAndroid,Italy,IT
Quando arriva il 6G? I device di Qualcomm sono già pronti - Fastweb,https://news.google.com/rss/articles/CBMitAFBVV95cUxNLWxuY0pDQ3I4LUhKSFVJbDc4LVBlYm5pQ2YtRW9NY2M5U3BFcnY5dzRPd01tR0pjQU5JMjJUVXoybmdTUklPcEE4MmhtSmxwM1R0aVlCTDU3Q2hBZDBLU3NqUlBGdE1vVEhjSTVsckl3QmVWWjZmTkRNYkpSd25aSldJTjdvdThhMzBBdDdGdHBBS0MyOU1kV1lWVzlQMGJMLWFrWkI0cmlWQlU0M0pWeDBfcEc?oc=5,2025-09-29 14:10:21,Fastweb,Italy,IT
Telecomunicazioni oltre il 6G: il primo chip standalone a onde di spin - Le Scienze,https://news.google.com/rss/articles/CBMi1AFBVV95cUxPUlNRbmozRGtZN0VPRnhxUnp1WlFaVVo2clRlSnFMcWV0cjlfN2tnelhRTzU4Vmt5UVh1clBSdXlZX1ZYSlJ3S05mdk9xNXZrajlnUm9CNUIwVUlJV21pOWwyVVZQQi1qVHMyalNMOWIyV2RsRTBmV3ZybDltVUhoektqd2NyYV9PX2dKUV9CbGFSUlRDdV9hRDRiRHRWeGh1aWxfUVZlTXJaYmNnZFAyV3BZTWNEMThJUHYtMUpYS3A5cGplSjUtaXhXTjVJR0steHNyZg?oc=5,2026-01-13 08:00:00,Le Scienze,Italy,IT
6G e reti AI native: la prossima frontiera delle reti mobili - CorCom,https://news.google.com/rss/articles/CBMipgFBVV95cUxOdjFsaXVCdnRBWXNkanR2MkZnSldPc1IxdV90d25waGoyUU5ZZDlCV2g2emtoRVJEY01JMHlGOWFOY2htdVhsZ2FmZmRXRmtFQWhYTi1jVnk5WFVUeFNYSkN3a0pSd2hENTY0ZHZiOFZ6SC1xYnVSQkxzTVdDUTEyLWJ6RW5iUzhnVnNoSF9KLWp2eTBleFVVZzY3VWVON1Y1UXI0cC1R?oc=5,2025-07-11 08:00:00,CorCom,Italy,IT
6G vs 5G: differenze tra tecnologia e novità con la connessione di nuova generazione - Segugio.it,https://news.google.com/rss/articles/CBMi0wFBVV95cUxPZmJTTkI5Zk14a3hpV2p5eU5OZFVLVXNLUnBsNFhvOTZ4dmt5M3lvUFdYcUlxRU9jdl9SU1ptQXQ1SkJhaldRV2h3aEVyazVhS0dkeVc2bWFYNzhUNGwyamRTT2hHc2RmTldBMmZoM21ncTFKV2x4OVBrZE1oelVIdGIxLWRkdzVTdl8tT2FIVTJ0TDZqRG13UnFRN0tYMEUyQUZGVWFRam9kaUhUTWd2cUNsQUtXc1BQQ1pCMFVnR0NrNTdQZlRZeVNwUy00X05yeVZF?oc=5,2025-06-20 08:00:00,Segugio.it,Italy,IT
I 6 GHz al mobile: la scelta dell’UE è una sfida a Google e Meta - Agenda Digitale,https://news.google.com/rss/articles/CBMiqAFBVV95cUxOcGNRM1U5bjNZek8xX1ZfY1AxQ1Z2eFg5SDJlNXBjeXBPc1FVSjhPTjJ5S25BNkVNT0ZvVm1TWkZyR1BZU3o0bnZDSFBWclZxRWd1cURwcGduRnZXTVZIaHRieFVETU01WklrclJ3bDRkenRodVE3OTN3QU9iQlZXeGFyNHoyY2N6Qk1WM1ExME8tNXRvdE9tMkNHbFpvV1IxLU1FajQ3cDc?oc=5,2025-11-18 08:00:00,Agenda Digitale,Italy,IT
Finanziato progetto su tecnologie di nuova generazione per comunicazioni 6G - Università di Siena,https://news.google.com/rss/articles/CBMirwFBVV95cUxQNi1fOGQyTVl6N2czZlpXNi1MZFBfbTlmZmtZV3BQTUsyUWE1UTh3cC1MaTBTX1ctRVQyRlpqYUNSdFh1THE5a2NSOUl4SjhyTjdfbjJVSm5IU1lNalFaSHhVZUhDcTBFX25wa0xGRXpqbGNqZUprV2QzWGhNUmxZcy1vZDgtdVFleDduTnR2czhBSGVwWFJNZVJ5Rkl1bTlGRk1MNWdqR2dXdlVEMGxr?oc=5,2025-11-12 08:00:00,Università di Siena,Italy,IT
"6G, è battaglia sulla banda 6Ghz: ultima chance per la competitività Ue? - CorCom",https://news.google.com/rss/articles/CBMiowFBVV95cUxOb0hrTWxySHlfamx2TnlfTTV2bW4xd0QyOGZmdjdraUlEcGlRTUFid0tmQm5lZVVuc0p5alduS2Z6enZNRVN5OVZYN1pqUHJ0S05iWkNqQ2lsc3lIVjNsTWMwM1BXODhRQjBFRC01TTVDdkJnYUtXMHZjYW9LeDZnTVZHU2hLT1FsYmNBQnpuUVlkY1E1MFFpSWplSWEtZjNkUEVN?oc=5,2025-07-02 08:00:00,CorCom,Italy,IT
"6G, il processo di infrastrutturazione rischia lo stallo? - CorCom",https://news.google.com/rss/articles/CBMioAFBVV95cUxPV0IxQ1czRGdkM3hxNU1odDZ4Z09telozalZVQlJVb3M3SVBQLVdoZXhMR1JXRFNUd01MdEFhXzNiMHJ0YVpVMzRxNEZWMnZyTk92c09hWjl5LWgyVV92dV9qT2FNUnF4R1Y5R1lvTlJJTFdEMVdmczdmOUtMZExHeEZQczNTUjY5a0tCMFI2eDZxZjRHOVdETzRxQ2JuSW1u?oc=5,2025-10-29 07:00:00,CorCom,Italy,IT
"Telco, dall’Ai al 6G ai satelliti: i sei trend chiave del 2026 tra automazione e sostenibilità - CorCom",https://news.google.com/rss/articles/CBMi0AFBVV95cUxOajliaURCNWpvMHV4WU9hTFV6dWRRN1hGbURNOWpFMFhJTUY0X3dweTZGbXhOQlFDbGJUT0FCeDB4LXh6NkFsbWdFWk5rb2xsMjk5RTZDN1lGeWtKTVVucUM5WlNNa2RIVUg1UFo1dUF4NG0xMjB6SW9QYzRRbVpWNmhHSVZJRjA0R0h5a0xlNXlwT0xlZEl6NzNwQjhQNlhMYnlpeld1VUFQWmlfS0l3Sk9xZXFwWUN4bG9ZcG1SWEtNMnRwVmkxbTA4aGgtbHNP?oc=5,2025-11-25 08:00:00,CorCom,Italy,IT
Onde ibride spin-suono: la scoperta che può cambiare il 6G - HDblog.it,https://news.google.com/rss/articles/CBMiggFBVV95cUxPRzQ2bkkwWUtxVUVSV2dTQUd3UVdhRXBwRUpVVnpVUWRjc2RmTjNLZHcxbEdJX3ZPVEpXTVJIX1BERDhFeE5Lek9kdDBJRWVvTi1ITTFLOXdOZmdTS0dFZjdZSEZNSFZJWG94enZzZmRaelJ3Q0ZVNk95anV2REpKYVRn?oc=5,2025-12-03 08:00:00,HDblog.it,Italy,IT
UE e Giappone cooperano per 5G e 6G e intelligenza artificiale - Regione Toscana,https://news.google.com/rss/articles/CBMinAFBVV95cUxOQkhmWGhVMVRIdkh1V3VSbDM2MUE0OGNwMUlGM3RpN2dhVEpjOERzV1dlT09HbnlwanE1RTB2b0ZMMTRkNDB1ME5IQldHQmZQT3d1RzdDZmlwejItS1hUTlpLWk5ybWpkdWdwZFdxOVJlc3ZvQnJKd0V1R2ZRNXhVTVRIT2tobmZaZFJNSDRfdmZkMVpXQ1FiME9pMnI?oc=5,2025-07-07 08:00:00,Regione Toscana,Italy,IT
"6G, la Ue accelera: ecco il programma di lavoro 2026 - CorCom",https://news.google.com/rss/articles/CBMimgFBVV95cUxONzdmUk5SSmEyeUdHSlpxdGVjVVBQR3cxdTZMUUtrUzZ1cWJGekJYeFdxMExvYlIyVFB3ZUh0QVNYN1J1VElidUVhbVRXX0s4WmNvRkpwVjFNZzV0bUYzb1pnT2VVbk9acjVtWXkwaDVLekwtVE5kWmFERmVpUkxjSGltRlFDUzdtS29XQW5yd1MwODlQcllqV1Z3?oc=5,2025-12-19 08:00:00,CorCom,Italy,IT
"Banda 6 GHz alta, l’Rspg orienta l’Europa verso l’assegnazione al mobile - CorCom",https://news.google.com/rss/articles/CBMisgFBVV95cUxQNndGSEg2OFpMcGZjbUZyeFBzZDFGcmtFS190MUZOV3h4ZGlLWmlBdWhGUGdlZG94d1RPdGNKOU1xS0prb3k1MDhiY1o4clJUTTJSS0Nhb21OVS1FTllHS1RqWHU0aUlrai1XdWprYnZxTUFoYXprUTVKZE1DYnNaa3ktLXptS2MxTjNNRW9qcEZOV1VuN29RanNxc3Zab0FCajRlOGJKem1SaXp4eHJYTm9n?oc=5,2025-11-17 08:00:00,CorCom,Italy,IT
"6G, SoftBank apre la corsa alle reti ultraveloci: primo trial nella banda 7GHz - CorCom",https://news.google.com/rss/articles/CBMi0wFBVV95cUxOanU0b29UTmljOGNkSk5Ga24zN2NEOG1ndUpld0VfUGUtRFpaTWN4N3BrTlZia1M1aWZNcjYwNjBDeGxOcU1qVC1PSzFnZzJLM1hab3hWR1huVEhfTC0yalZLalNCdjRDRDM4OHlaQjFmLVRrQloxRVBJbmIxS2dMQ3hPc0FJaEJpczdscHRvcmpoYTQxd2Jod1g1ZExBcU81T2cyWDEyLXlxQ3dEUjItYzRHalh4NngzcWVYZEVlc28tazBLNnVJUTR1Vi16N1owdDZR?oc=5,2025-07-09 08:00:00,CorCom,Italy,IT
"Quantum computing, Ericsson punta sulle reti 6G - tomshw.it",https://news.google.com/rss/articles/CBMilgFBVV95cUxOODJXajFQOGVOTzFmMnM4OExiTjQtVThyT2Y1LXU1d1M5UmZVU1hfcHJrVVNwYlZtMS1ja2N3SEpGVzRQSWp5elBYaG42SmZ0aFJGVUJyeHFXRXdUUTBkb2tKWVBxaTFad012ZkFWdWVHaVVNQVozZTltNm5WU0l1Rk04Zk1hWjRxT3I1WnNPYWE2akJlMEE?oc=5,2026-02-06 12:55:00,tomshw.it,Italy,IT
Smartphone 6G in arrivo nel 2028: sarà una rivoluzione secondo Qualcomm - HDblog.it,https://news.google.com/rss/articles/CBMilAFBVV95cUxQY2wzdURoQ2lRazRvTTJVSi1QZFIzRm1JR3RLdmJwMEtvRjhVQllEN1hWSi1LMEtiX2VvSmcyMHFhZDVBOEJfWFd1X0pib1JheDN1a3U0c2hzeXdsdk45TlhkWGpSQUR0RUFMRFB2RDJEU0o0eUhFNHdvQUtKSmVGdGdtZEFTcDBJeHVlc2dvQ0thRUg5?oc=5,2025-09-24 08:00:00,HDblog.it,Italy,IT
"Isac, la svolta 6G che trasforma le reti mobili in piattaforme sensoriali - CorCom",https://news.google.com/rss/articles/CBMitwFBVV95cUxPNXI3YlZVVjlfZmk4RkdnTDNKc09yZ2RfLUdFNVBlWVRWYXZ3VXBGLUZUVmJtU1pibmV2QS1aSTRrZkhpai1DYkM5azhjZlJDRDcyanFxdGZDRGRsa3VyZFEwRmp6NmJWbzN5eURHOHlTQzRESkRmU05IMHA4OW93XzZFZ3JQWHlvTURnTTkxSmwtRm1rUGxESl9Ba2dTNzJFQWVtaWkwNXBYQmdPX042eGJKeGxyak0?oc=5,2025-09-04 08:00:00,CorCom,Italy,IT
"Nokia, l'Ai e il 6G guidano la nuova strategia: due divisioni per le reti, spinta sulla co-innovazione - CorCom",https://news.google.com/rss/articles/CBMi2gFBVV95cUxPTVpMcEhLSko2T2EtV3FYTEZNSjlaM0pnQ1E3Z3V0U2ZIWWE3bUN6aDVDMUZocno2dEFBaFkweHRFYUl0NGhOcWJ4TDVtd3MzMWFOdGVlS0NER000Mi1Bb3U4QkgwbGJxODRDd1ZsUmZMUnFNSTU0UGRRcTlySDFzLUZxci1TeWhvdzZXSXdERW9ydWExOV9yNkJMdzVmVXhORG9GeEVna2JqUFFUVjlWWHNkTEhJQ3dXSjEzOGpVb2RwQ3MxaHU2LXp3dEwyd25fZ1pMMFc3bzZvZw?oc=5,2025-11-18 08:00:00,CorCom,Italy,IT
Il 5G puro accelera nel mondo mentre alle porte si affaccia già il 6G - Il Sole 24 ORE,https://news.google.com/rss/articles/CBMinwFBVV95cUxNeEhmSkRaN3g5c0xUd3ZUVTVQZzEyRUVSWUhnX3NPNXRJbWxtTUJHYjJVbnBzeFo4WUZOeExQSDJqenJjOXJsMks0alE5d3I3ZEVad1JrLURmTnJFNGR6ckVoNlkybnBJc0tXLWpuMkJDMlpMWUV2LWdDRHBKMzZQODd6Q05DeER6c2pIci11WE9WalBVTVhZRWwyVlYzZE0?oc=5,2025-11-29 08:00:00,Il Sole 24 ORE,Italy,IT
"Celeste Technologies, la via italiana al 5G/6G NTN via satellite: complementare con Starlink - Key4biz",https://news.google.com/rss/articles/CBMivgFBVV95cUxQSWNsWmVkcF82NWJRQjVYWXBvWGxFdzdqV2lIU3VRMDhsVmc1WTh4NnBWenVsVkROVFRFZWV2bHlUNnFlcmZhNGhJR3ZibzhDMmxDcFdBQTIzNXVnUFBKYzFkbjFGdDVsRFh4TzltTzBLVEdVSjlCRjlxVUNxa1c2VkNYNGQyWDJPOUxVdkhGVWNmNEZXZVR4SnZvMUQzcjFjbnI4SG5xQzF1WHRscFBoTWlVeU5idVhmUTRwQ0V3?oc=5,2025-12-17 08:00:00,Key4biz,Italy,IT
Il 6G agentic cambia le regole: nasce la connettività che anticipa l’utente - CorCom,https://news.google.com/rss/articles/CBMizwFBVV95cUxNYjJNS3dwaXZIVW9yenl0NlVld1lqYTg5RFlUN2VjSTJiMXpkZmNoY3VpYUFtcVBRRVFocGNNWF9KWGVrSzBYMU53aWdmMDlPaXNGWWl6NDhFdFlSMWplalJDMERDVnVrTFJRMHBfa3JSQ1ExYXpWa2hIM0QySXNPUVNPbkh1TzZRN3dvUWVHLXBsYnQ1RERpckJCV28tVXhRZHVhVGFCaUJIYXVfUndJSy1WQko4NjFRaE5sYmFSVFlHU2tFMlQ3VnhiWU9sRlU?oc=5,2025-11-14 08:00:00,CorCom,Italy,IT
Edge Computing nelle Reti di TLC con sinergia con il 5G Stand Alone e 6G. L’analisi del prof. M. Dècina - Key4biz,https://news.google.com/rss/articles/CBMiygFBVV95cUxOZEZPc2RIU19RMHp4bzJCdFBVbmREWWc1MTNaQ1AwYVYwRlRqRHllYnp4aEx5M0wxVkxpUUJaaVhuT0Z4WmJHbTh3blF6Rjd4VFRXRkR5TWdiczhzZms2V2ZMYUZjQUJqRjBDVkRUc2c1ZW14T1pjWWRIQ3ZOTnNqUmtraElpNTFkSXlsNm5yZWd0VXlza1c5eG5pWGQya0NvRXc3ajlCX2RjaldDbTB4T2UwV25sVDN0VHg4dW1rd3A4TzBrNVk2ZF9B?oc=5,2025-11-12 08:00:00,Key4biz,Italy,IT
AI e 6G coppia vincente: con il nuovo paradigma mobile prestazioni senza precedenti - CorCom,https://news.google.com/rss/articles/CBMixAFBVV95cUxNb2MxQmFFVnhnWG1Mb3NmbVZpMW1veEM1dHAzX1p2amplNWtCMUJsQUFFZzRpTDlTSHZxSlZkT1lXOGZPbUtwcnQ4RzBzR3loeHpDaVVOT3p1T3hsZ3JaVkVqajgyOHQtd2lMNzZrWE9TX0JPWXlJUEt5ajZNelNZS3lOTHhpZ0NVX1lNcG9WMkFNa2RNbmV4ODBORE5odktVcWVUYVM4UV9TcWE3bUdnQ2IzVXdHNHFZM0Y5UGlSdnJrZHhI?oc=5,2025-06-24 08:00:00,CorCom,Italy,IT
6G e cybersecurity tra i nuovi progetti di ricerca di Ericsson - Il Sole 24 ORE,https://news.google.com/rss/articles/CBMiqAFBVV95cUxPNnBZNktBakVIZzlWUXJrSnRiVWhaQW5iVWE3c0tpam5qamZ6aUZ1UkhoZnJaSUkyamRKMzhaRmNGTG9oNE1vcFBlTWZmMUZ4NGVHZHRaWUJsTGNlQVM1T0MtNXJRbk0tdnBMQzMtMGxzRDhFYTNlWVFTR2Fpd0NHY0lyQ0JlZUhMOWZ2U2lwcUh0ZTM2ZHh0dDBmQ3lyV0pCOTYxa1pZY1A?oc=5,2025-10-14 08:00:00,Il Sole 24 ORE,Italy,IT
"6G, ecco lo standard ""ponte"" strategico verso le reti intelligenti - CorCom",https://news.google.com/rss/articles/CBMiwgFBVV95cUxQNHhKRXd0ZmlvMV9lR1ZqdVVzX0VxdUhGNmVDYTZUQzhDMkI4VVZobElIRXhRTUZ2VGl4NDBVa19jN3MxdDdaUFAxcnFzaW1vOUVSR1dibnI4akQtUDY5a2FlMS1jQ1VhWl9zbWZOTkFVd0pubzR4dFNVZ0JkLUdtQkJ6amxUNlNiOWMzUThXOVF5bTFlcEFNMngxOXV2YWduZ0pzRWdwUnJzeTJLMThYTkZRcmdRbzF1R196U09xekNyUQ?oc=5,2025-10-13 08:00:00,CorCom,Italy,IT
Banda 6GHz chiave di volta del 6G: le telco europee in pressing su Bruxelles - CorCom,https://news.google.com/rss/articles/CBMiyAFBVV95cUxOcU45blBSVzZReGZENlJSclpMUXp0MzRrbWpzRVNWZGd0amRMblloVFg1QmdUTmhFb1AzNFdySTYwWnhCTExFNHpfcmtOV2JCYndMbU9VYUlwRE5hcjV1cXRXZFNKVWxMQlFOd2MyOEZYNXlQTm1vRVY2YlZJWlEzVlJWNU5CUEpkU2xJdHRaUGx5M3otMVg1UlVabUtuZldxdEhUa1lRcHh6N3l5ZE1OSTkxX2dSRWFvOW5FckVyZVAzN05ENXVnMA?oc=5,2025-05-07 08:00:00,CorCom,Italy,IT
6G: i piani 2026 dell’UE per il futuro delle reti mobili - Segugio.it,https://news.google.com/rss/articles/CBMirgFBVV95cUxOanZhWGs2VVFRYmJaMmtCc0pDSVFzWWt4a2F2TkY1dlhiVFJSbnhVZjZrMF9rR0YzZWR5dTRNckt4UmNYOV9lQXdIVFdxY09rSUdUbmJjeEs5WXZGT3Nuamh6NjNxV213XzQ3UGVNeHFVbGNzSjBzbmtpMGdfWk4tZVNIVUdOOWNkZkJnSDhxQ2N2aVZiZGJDbnM5RjZiRnlIekZnVmF0cF9wS3pFSVE?oc=5,2026-01-08 08:00:00,Segugio.it,Italy,IT
"vRan, Samsung firma il primo test live su singolo server: si apre la corsa al 6G - CorCom",https://news.google.com/rss/articles/CBMivwFBVV95cUxOT3B2bnAzRXNNQ19takVVTjdUWVpnWlBpckZpNmUxLVVFVGI0aWVwa1FySGlkQWNkdGJyRXBRbXdtQWxqREZIYUliOXdCWjkyX1hUSWQtMi1DdE9XbGlXQjJEUk51TGxsUlJiVjlqNVhqcldLNW1yUkNMRy04cndYRnpEUlRjeHFSOFgya25RNklJNzhsNXpDTm1aZVhwT0ZKX0NqeUJldnY1dXRpUnB2UEotWElBTmZkVFVXdW1Fdw?oc=5,2026-01-15 08:00:00,CorCom,Italy,IT
"Digital Networks Act: satellite tecnologia del momento nella Ue, indietro l’FTTH (ma anche il 5G e il 6G) - Key4biz",https://news.google.com/rss/articles/CBMiywFBVV95cUxNTjhKc0dsWW8tb2JTSTg2dFFhTkFkTmJDUHlWaHc2MUx3VGJHdWhQRXlUQVFXMXJIMWJUT3FEMmFkYmlLQjBnZ0M5LXNSUmxtanpHd001VEZjRTRDZUdvVTdLd29EMXJoVEJuc0Z0SzFGejE3MzVoRmxmRUxFaXNId3c3X0VVR1JuNU9xajViRGI2LTRkLWJFYUVjelBBeXlsTS0tYllQZVVkbXB5cHRKYUNZRXVTVm1YNXdWWm1PRC02VmFZUExQU1dXcw?oc=5,2026-01-15 08:00:00,Key4biz,Italy,IT
"6G, si apre la strada allo standard video del futuro: alleanza Ericsson-Nokia-Fraunhofer - CorCom",https://news.google.com/rss/articles/CBMiygFBVV95cUxNQjFMZGozd0prNGtZOHB2Z3J6cU5sbnhKSE9aZlRudmlIZWlNVDhTV2tYSmEtcWRpUklLTGRjRUl1S1J4VDdCUm1PRjBoN0JFY1MzWWlHMWZuRlRmN0U4Sy1EUGVOYndaRDk0X2lMMWpJYXJBYXREN0lERHBqR0sxSHV2bW1BdVRoUTV4T1Y4dEZrQUZSUXFaenVieUFoNnZNeGFEQVFHeExkWlRHU1hZazBFWDVuTkNHb3Z4d3VqX3JGcDNhOGQtcmNR?oc=5,2025-10-27 07:00:00,CorCom,Italy,IT
"Reti mobili, la nuova tecnologia cinese manda in tilt i radar degli F-35 - CorCom",https://news.google.com/rss/articles/CBMiwAFBVV95cUxQRnA5S1pnTjdBZkxUeWh5UjlrRTNzU2Y4dTRpbWQ2eWlxZTJtbG9YeVhUR09RNG8zTm1YTXk1bml0RHZKOEpHRTc5b1Z3ZUhpVGRkR0JQRGV0UDFJeHZqdTYtd1F6QkRLclBWWmVpN0ZRVzVYazBjejlsd0I3bll3N2ExVVA5OE5DY0xRb0doNzAzNVJlRXZEaHRvT2M4QTBmenc5RFNtcHNYVjNJQW00NWJ0RFlWUHhfWkZ2Y2VWM0o?oc=5,2025-06-24 08:00:00,CorCom,Italy,IT
L’AI va in orbita: i satelliti diventano il cervello del 6G - HDblog.it,https://news.google.com/rss/articles/CBMikgFBVV95cUxOV25wZGNxTGNZZE9kQU41VnJfb244SWhjb2ZUaE1wcU9RSVd6MlNMTmpkZ05HSVZScERVdVlSdDlrRXhOQnJRTTVnT1FhMFlpMjZTamFRUEhtRVV2RVlISGduSGtvc25Qa0ljRHJBejBBY1FINHRYVjFwOHRKbXp0bXZucTBBMmJ2TW5uUFVwdWJPUQ?oc=5,2025-12-31 08:00:00,HDblog.it,Italy,IT
Il 6G abbatterà ogni limite di copertura - tomshw.it,https://news.google.com/rss/articles/CBMiigFBVV95cUxPMDVabjJkMEEwVnhMemwwa3AtTDFhTGZyUWVwb0N0WnZIRUpBVWxBa3AtdnFCRndOdlNISEpUQkN0Rk5ueUpVeDFhOXdGWC1OXzlhTkY1N0hacTF0SGkxUmRpRS1oWjdHUnRrc3ZGTGdVcndZMGxLRzM5bmdtRUExR2ZKMlUzMW8xNHc?oc=5,2025-11-07 08:00:00,tomshw.it,Italy,IT
Il chip del MIT che apre la strada al 6G - Il Sole 24 ORE,https://news.google.com/rss/articles/CBMie0FVX3lxTE9pS3JVQThfdi1VbzlIRkZ3Q05zakplMmU0aTk2UFVLeDAtaXBxQzVHTThPTFY4VFVjbWJOZGJvU3NrTmNrRTVMWjl0QjB5YVhhMEVIRlZjdHc0SEY1TXJLR2lTT0NNNWk0QmEzUk9Vc1lBZjI3aG9ES2RQQQ?oc=5,2025-07-29 08:00:00,Il Sole 24 ORE,Italy,IT
Ericsson punta sull’Italia per la ricerca e lo sviluppo del 6G - TechFromTheNet,https://news.google.com/rss/articles/CBMioAFBVV95cUxNekRuNG5iWmVZX0M5VWd5bkpUd0F0M3hhc1VBV25wUUJVeVJ4a2tGeFF4cDV2Sk1NOGE3TWpHZnFsei1scFo5NTZMOWtJcVpSWjU4dWEwa3Z1NDE1My1FSnVNaHJldDZRZGs4OVJCMTFjSDJNMmxiai1waFBRYm94RmxQUEl3azdyUU5fWWRuTEVEQ19LMmJtLUhmdTVzVTlE?oc=5,2025-10-30 07:00:00,TechFromTheNet,Italy,IT
Il 6G arriverà nel 2028 e rivoluzionerà il settore della connettività mobile - Libero,https://news.google.com/rss/articles/CBMiekFVX3lxTFAxSER3QnoyWTZhSEJtSHM2Ri1zOW1QUC1VVEgtTVI3N09GaGhwVndDZlBxVGNSNTM5WFpLaUM1cDRNOFFNZk5GWUFBazYtYjlNSWdEYl9VZENNV3hUVmVKcHdnQUk0clRhMlpkR2Vlb0dWYXN1TEZsNmVB0gF_QVVfeXFMTWlBdW12djlUQ2owYnFpcUxpaTB0WHdSRDB5UTM3YzVVSHlOemZ5X0Y3by1PNDRRdk96aUk1d3BQWC1jeUtnZVBYb1J6ekJrbFkyZ2lOWDNTRHAyM1FYQ2U0azVwOEpULXJUcFViR1NkelpkY09UcHoxeGVWQmh5bw?oc=5,2025-09-25 08:00:00,Libero,Italy,IT
Nvidia investe un miliardo in Nokia per guidare il 6G con l’AI - Business People,https://news.google.com/rss/articles/CBMirwFBVV95cUxQQjFQNlF1V1B4bEw1cDZtdzFVbG9relk4eWZuZTBnV2FJNTFPaHRjR05YaXVGb0JoREdwb28ySEFTdEN2c0JYLTBXZkZja0tpd0lpMGpVSUl3VmVWeUVLYS1qT0JiVGRQZWx3SEdnNkZEck9WU3dfSEtLTmxHbkxaUXIxQUhLekRvY2FUbDY3T2Y3NzJ0TS1aNmR4WlVmalVsSjZjNURWekNRRWs4d0tB?oc=5,2025-10-29 07:00:00,Business People,Italy,IT
Nvidia entra nella geopolitica del 6G: la carta americana per la sovranità tecnologica - CorCom,https://news.google.com/rss/articles/CBMiyAFBVV95cUxPZmZLWE5aS0lqMzY1cVNrRmptdjE1YW00TUl6TTJBM1F1QVJ4aDhUZGRnd3R0MUpRb0gyOFVHZGc4RmFMWVR6bnUtd2J2elY3dXdidmFTUzRCclltakFsb0MzMDJNZE1lbHJOdVdnNWVMcjRraUdHZHQyWTZpYUJyTHFhdk5fUnZkMENFSl8zaUd5bGhVOEFlajBOWUdkaEZEMDFUaDlQejR6UXp5STRxZk85TFlmTjYydGdSbUhSc3lyb2FRX3dNSg?oc=5,2025-10-30 07:00:00,CorCom,Italy,IT
"Telecomunicazioni, la sfida si gioca su AI, cloud e 6G: così RESTART ridisegna il futuro del settore - Primaonline",https://news.google.com/rss/articles/CBMi2wFBVV95cUxPTDJoYkQxMVk3VVp1bVkwaEhvWlJHSGNqQm9iRS1KOGs0XzMtWkdKemc0V2hrdjFFTWNqOVotbWN1eGxqbF8xTDZkMGF4SW83UmNTTzMzSDRQZFFLdWw1cEdzU0pKRWtEV3VycEdzUUJabG02aXBDZTlDR2dxUWFqSnpSUWxzSWIycHdqalRoNEU4QVc2MmZmbjhnUWExb1VkMko5a09YZWptSTI4akZUa05hazVzdzBBXzJ3UXhCVzJ1QjNzRWJRTGotbm1hX3Q2djFaaDNCT1hDLVk?oc=5,2026-01-22 08:00:00,Primaonline,Italy,IT
La Germania esclude Huawei e ZTE dalle reti 6G - tomshw.it,https://news.google.com/rss/articles/CBMijgFBVV95cUxOdkRqVUgwbHI0WUl2S28xYi1EeWJidFB1cWpvUVBVTDFEWUY1WWJ2NEE1Vm5pd256ajJ0QnNOYllDRm5UQVp1RnpkNDk4ZlpQSHhNaXc5WDNXbDBJaTE4a3JWTHVpa2FIQl9JaEpKOFdZQ2gyaWctVTB4T3d6b1F6cnFndU11cWd3TVhEbFRB?oc=5,2025-11-17 08:00:00,tomshw.it,Italy,IT
Neutral host: la scorciatoia della connettività indoor passa dall’OpEx - CorCom,https://news.google.com/rss/articles/CBMitgFBVV95cUxPOHctb2JlNGJ1ZVNCa0tfazVoTllsVXRFeEhIbDFmaXBSenExN0didVJCSjNDdlUzZzBUMERDeWlxY2pOYVdFM2IySDdjVU1fMVdydTFKdEF6TmlvNmZWZ2V2YTBfRUxNbFZlWXJGM1VTRmdQUk4xMlEzdm0tSlJlZzJ6UlZNTUh1aVV4dG9hTXc0dERVVkhEN0YtRjV1Zl82dVpxSGJqaWg0b284RlB6RE5Yb2hMdw?oc=5,2026-02-09 15:56:01,CorCom,Italy,IT
Gaffe surreale di Donald Trump: il presidente USA crede che il 6G sia una risoluzione video - Multiplayer,https://news.google.com/rss/articles/CBMixAFBVV95cUxQOV9hNHItZlVCVEpqMWhFWmN5UHNHaVl3WEs1enl6N2pFQVl6MWxvRXlpcXUxbldhdzd3RG5xMmhBaUgzeE5OQWJKSXlmWW04a2NreUFCRUoyWkdxbW5LTDNSUnNEd05BTWxmdVIzVFRlY010YVpGd1lGeW1yNEgtUmNDLXFud3dzcENDVGFTbUpPQ0c1RTNvOTVfalFHbmlnZHVRd3YyTXptQVM2V3Nvdk9PVHNBQlhkYzNOTXJPTkp2TFg1?oc=5,2025-12-11 08:00:00,Multiplayer,Italy,IT
"Ai, 6G e l’addio al rame, cos’è il Digital Networks Act che accelera la connettività dell’Ue - Eurofocus | Adnkronos",https://news.google.com/rss/articles/CBMinAFBVV95cUxObUJCazNfMDFxR2Q4T3M0VTlTRmZBWWEySkk1Y01oR2Y0bl9rRTZGaTREY0U4Yk1YdzZiOGlYem9BLXlxTE5uV0FCcWxHVF9sai1nNkh2emJGQkR6S2ZVc19VMEVZNVc1NHJSWG5CeVNILXoycGVrSDdhNjZPdGYzeUhRZEVKY3REXzR5bGk2RU5xblREYlpwa3lWaFE?oc=5,2026-01-21 12:35:52,Eurofocus | Adnkronos,Italy,IT
Il 6G porterà la connettività satellitare in ogni smartphone e dispositivo - 01net,https://news.google.com/rss/articles/CBMia0FVX3lxTE9VVjRYb0I0aG1ZdTkteHJlcFNaOFdDbE1UZzRjWG1tMzFmdTFjLWhldnBaUTVBbkpaZTZrTjhSOTUzRmVGOVlRa0dRWHFjbnhYZGFvRkxSaDVrZFFZdlNDTGcza1Y5Zlp4Q3J3?oc=5,2025-11-07 08:00:00,01net,Italy,IT
Dal neocloud al 6G: come Cisco e NVIDIA stanno costruendo l’infrastruttura AI globale - 01net,https://news.google.com/rss/articles/CBMiqAFBVV95cUxNODdHanpGdkFpdEZuaHkwQkN0YU81Rk9hRjdfcTVrX0RCdC0ybmI0c3dPZmszV1VVdTkzMTF6bmRpVFhNSzM3SkttTVdMVXUtMmFqbktUU3JaTkxLYWpnaGZHVDdQZEtZS0VrNkhZNS1COWtDQmxHNTg0ZXpIczBEd2pMVWk0Nnhja1BqRGZPbTBuYlNpVzBCa0EwYk05dlpyb2hNTVFvN1k?oc=5,2025-10-31 07:00:00,01net,Italy,IT
L’innovazione di Ericsson passa dall’Italia e il 6G - TechFromTheNet,https://news.google.com/rss/articles/CBMikwFBVV95cUxOUnFIbWZWa1MtY3JXVVNkcVJPM3JCNVVaUFNaTlJEZlNMT0FBZms5dnRSa2FIeDZ2bWZpSlVSQkcxcVRYR0VQdzFYSzAwRDZaVXE0UUp0Y0xDQ09wZm5hTXlNZ2ZKUTJqQXlwLTBmMXJuZ1MxY2dLc2V1RVA2WXdCQU9tQ3d0TDFlNFhYS2FtX3A1WUE?oc=5,2025-10-23 08:00:00,TechFromTheNet,Italy,IT
Trump accelera sul 6G: svelate le frequenze chiave per il futuro mobile - HDblog.it,https://news.google.com/rss/articles/CBMikwFBVV95cUxNVllzaE50UDhRX0NaS05EN3pWVTBJS21PSmlHQkpvS2FHSjlCUW9uc052RUdsLXhhQjZXNnpvY3JHc2dQbkt6OW43Qmk5cXRLaEJXRkdlUGdMM3ZTR2l2cnZncF9Tcmp1RlBLYmFoU3o5S0FyYmdLLWI4TmhHU25OajhGWHZROHREaDRzZk9OdkU0S3c?oc=5,2025-12-26 08:00:00,HDblog.it,Italy,IT
Nvidia investe un miliardo su Nokia e accelera il percorso verso AI-RAN e 6G - Industria Italiana,https://news.google.com/rss/articles/CBMia0FVX3lxTE84MWtsSkp4SWFyVEZTOFRxNjhqQnBqNzdXV2RKUHVzWkEyUVdyWkVoSkQwNXRxd2hKX3dZRmV4M2UycjczX21jSlhUcUk4WUk2NjZkRFB3bEpyTXdWTU54emR0NTJyVGVfQl8w?oc=5,2025-10-29 07:00:00,Industria Italiana,Italy,IT
"Ericsson Mobility Report: spinta 5G SA, aperta via 6G - inno3.it",https://news.google.com/rss/articles/CBMihwFBVV95cUxOTG1YcG1DSnZRMEdCVklDbGVseHhwb3Y5MXdJSHRyMzFzWmZMUnlHbFd2bnVWOENSVkg5YVpINmkxUmpDM1k3bzBxWjlqTEc1ZFEtWXh4bUQwRkdZRGNBOWVYTkdRZ0h1SFFXcTNoOWZieEhrYk9DQ2xzR1NMbDQ1RWlyQ2x6MVk?oc=5,2025-11-27 08:00:00,inno3.it,Italy,IT
"Banda 6 GHz, ecco la vera posta in gioco - CorCom",https://news.google.com/rss/articles/CBMiiwFBVV95cUxOZ2RfUlNQbkdQaFNPRVJ4azlDYVhTaWpEdlVmbGFyUkNERDFtMWxVVWRqSnJXVC11ZTczbFFLNjdwM3FoTFc5cWg4VXFDZzBXSG0yOHZFLXZXYTEtcG9vOXZwZldVRFVCQU9BcHgtSjNsdWpMRjY5TEJqMVhFUzRsRjBCdTdPZUwyLTJj?oc=5,2025-09-22 08:00:00,CorCom,Italy,IT
Nvidia investirà 1 miliardo di dollari in Nokia per sviluppare il 6G - Forbes Italia,https://news.google.com/rss/articles/CBMijgFBVV95cUxNenJTcDVXN0t6VEc3amQ3RVRieU1qTFRpWnBMRWlTZG0tRjZiUXdvcFNVMVczOVM2Z2MwM295TUR5VGJpcmxKdnhpLXZLMHB6RjhVMlJpb1lERnN5NkUyaWFNbEU3NC1ybk1HTksza0VzU1k5akNWUGt3QTRpSXR2ZmtZUWpCWWNHQmZsT2RB?oc=5,2025-10-29 07:00:00,Forbes Italia,Italy,IT
"NATO, cyberminacce, 6G: la ricetta finlandese per la sovranità Ue - Agenda Digitale",https://news.google.com/rss/articles/CBMirwFBVV95cUxOakFQbkhwTEZGUDEwWkdzamY2ZmRxOTRiZEJobWR2VDJ1ZXYwTmNhQnJyT0VWWkNsQnNDOFFDMkpJOGwzZlk3S0xoUTZXUWFIN1VsU1FNejQ2Qk90ZmVxVWdlSHFaeGN3b3V2X0tvczlYQXJrVkV6R0RYYWx4d0prTTZSbWgzTlRyNXIwbzJ5VzgwemN0bGJIZ2FjWlNlWmgwemZocEFRTzhKdHBrSktN?oc=5,2025-10-15 08:39:34,Agenda Digitale,Italy,IT
Il messaggio del ministro Urso all'evento RESTART di Roma - Key4biz,https://news.google.com/rss/articles/CBMiyAFBVV95cUxOUEU0bWI2VFRGVlZjODhyXzVSV0xmeWNaRktPaFFPZFBmNXJveUE2eDdmdjFRNmdrdnN0UFhqLVhxQm01bnFhdFhuZG1fR00xVE5MR0tDNkU3SmVCdXlrQlBjUXo4b0c3ZlJydTRLVXZxSTFGMlRBQzRoM3cwZWFneEVfUVhtNzhYY3JOUl90NDhGd0xsMUZBTjdRd19uVFZYVEtlbG9tOWxWME9FSzFzckpmU2xsdy1HUmlGSkU5TEYya1RPS2RYTQ?oc=5,2026-01-19 08:00:00,Key4biz,Italy,IT
"FiberCop, accordo con CNIT per sviluppo congiunto Digital Twin, Edge e 6G - Key4biz",https://news.google.com/rss/articles/CBMipAFBVV95cUxQaVVuczBCbFk5TzBrRGtFYkdfd25nLXB2a3A3VnM0RTQxa1Vya3YxZzhVVWd6dDdmbzdyaEZTa3hHZW9tTlFVWWxlaXp3dEdRWXlXcmpEazY3aXJZS3VvM1BJVTA2RExDcXhGcXlXOVlMQUZwWXVTWHMwMENQRE9DZkFhQmZwVW1tUktQTGJpSE4xdi1Gbmw2UzF5MG16WXhJUm9kMA?oc=5,2025-10-17 08:00:00,Key4biz,Italy,IT
Samsung e SK Telecom accelerano sul 6G: l'AI è la chiave di volta - HDblog.it,https://news.google.com/rss/articles/CBMijAFBVV95cUxPNzFCRk43ZUNkTXo3bzBwRVpMdjNTU0EwQXoyY3hVd25VVEV5T25FaGxfME1WMjJ0MldmSlpSbGdMSzRuLVF0M0xZdUQ3eDZwWVhNQ19DNWdMeFZDRUZHNXJfSy1kQms4Vzl3SjRVWnMyUjQzNXBTQ2doYmthdk9HNVNwOEl0OVpKYUFScg?oc=5,2025-11-26 08:00:00,HDblog.it,Italy,IT
Comunicazione e ricerca. L’Università studia antenne intelligenti 6G - La Nazione,https://news.google.com/rss/articles/CBMilAFBVV95cUxOSTBaMVZpdHkyQmR5Z1I4Z3Y1X3FhNDgybzFYUTY0dVF1MFZOUFBUWFlyZE9JNHhWVUY4OGNHNml0QUR0VmFDSnFaRFEyMi1hS00tNkMtS25xdko1ZEJ4Z0tlYzNIaWM1dWhVbC1NeWhmYVdRRjF1LTNJRWM5cTVKRjhhZGVhWVRMLW9WZkNOdzhudGZu?oc=5,2025-11-13 08:00:00,La Nazione,Italy,IT
"Reti mobili, l’evoluzione italiana dalle prime generazioni al post-5G - CorCom",https://news.google.com/rss/articles/CBMisAFBVV95cUxPSE9xc3lCTzR3amZoTVdtRVgxcE9xaExRRFRxamt2Rng3WUhjYzJLWXI4MlZST2htS29YSVMxdV8zUjJQRUtvcTFzc1hSeFJLaUhmT21kVXpmTGVYNFhUN1d5bzJuS3Z0M21KZ09adzhCOV84TWg0d3Vzd0FvRG5lckN4TU5FOGxOZ3JkbHFPWEdSc2ZsUm1wbHRQbWd1RjloN01jSmRNcnNRUVR5NER2aQ?oc=5,2025-05-27 08:00:00,CorCom,Italy,IT
"6G in accelerata, mercato a +50%. Per le telco rivoluzione nei modelli di business - CorCom",https://news.google.com/rss/articles/CBMivwFBVV95cUxOTG15M1VqVWVjTWpRNTF5R3BMbzlQOTVoZzhSR2VIZEdoUlN3aTFKOUE2VlVBVTZHR21DbGtNR1FpdHNNOEFNblBTcUhleXBQalhnSWo1YUJycENxRmRETmlxd0hJbDQ4QmJUQldKV0lzWVpmZ2VUY0ZJTmQxeWRQVUVYaVB2YlZpLTAyQ3M3SHgxOUJ5SEw3b21sSEJqU3ZvNEJYTmpwdkdpV0FKT2I2NHlMamx2WXFxVU04RldjYw?oc=5,2025-04-08 08:00:00,CorCom,Italy,IT
Nvidia investe un miliardo in Nokia: accordo storico per 6G e intelligenza artificiale - Spazio50,https://news.google.com/rss/articles/CBMisAFBVV95cUxNZFZfNnNxeFVyTGQ1d1pPM1ByVEtqSUEtdlFCZnVnSzNiS3dBT3M3TXJHN2R2X3FiSktyRGJhdkVsQTJEZWxVY2ptaElYaG1iVnZReGxJM3pVTDBCOExkV0RWY0pLcXJPNElNUTFPdWRQekt2N2pNSC16YkFNdi13MnBHUDBMMS0tWnk5NDJ2WlFPbnQycEJ0MldsZk5jdFFlRWZvbDRGMDlQM0JtV0NTZg?oc=5,2025-10-30 07:00:00,Spazio50,Italy,IT
Superfici intelligenti e 6G: così la Cina vuole sfruttare i radar avversari - HDblog.it,https://news.google.com/rss/articles/CBMiiwFBVV95cUxPazlZU2liN0dvbUduSnc4QUhlcWJWSGZ4eER5ZWdBLTZxbDhvS08yY20xMmRyb0psZHNfTlM3cFNrS0duVjJHalhtZFNMYzJBWGFHWkZ0cXRMOGdSUGlzdHF6NjFGd2JkMHE0VjlFVHFXMTZHQ0o3NVZFdGZXSDc0cGVqRjZxdkxpVkcw?oc=5,2025-12-29 08:00:00,HDblog.it,Italy,IT
"6G, alleanza per lo standard video del futuro - tomshw.it",https://news.google.com/rss/articles/CBMikgFBVV95cUxPOWtONUVqWkVvUmM1bms4LUo4VFY4cFBhRzl4QUFlYXBENDVSU0NCMThKOTB5T29QZUtDY0tUclZTQWZiamNLREgycE1lcFdCVjg3T3JIVlRoaFZVZW5pbG8yRElmN1Z6TmRXckt4d2J2RGRxTGdGQ2N5OVcyZmxYVHNsbTUwSHpRcW5kX2U2b2Ridw?oc=5,2025-10-27 07:00:00,tomshw.it,Italy,IT
"6G, Etsi getta le basi per l’integrated sensing and communication - CorCom",https://news.google.com/rss/articles/CBMiqAFBVV95cUxQcFJKT05CUWJmVFZUdEp6WEJVUWV3cW96Y0NuTWpGMkVFaFp1T1dXMTN4dGxLME1pRmFINWJNOW5zSldGcWhVUzJYamNBa0ZPM1JVUHlGbk5ndlVheDlvOUJhbl8yUi1seEpsOUxLM09ldUFXSHNLbl9SNU16c3ctTEFYR1F6MDlMc2dLU09zOU5pVXphWHpjUGhobGllR3NwaUxnRTZBNXE?oc=5,2025-04-16 08:00:00,CorCom,Italy,IT
"La Cina è pronta per il 6G, che al resto del mondo piaccia o no - tomshw.it",https://news.google.com/rss/articles/CBMiiwFBVV95cUxOb1c0dmNfRERndzdWNko2YVc2QlB0cWc0Z2NPY2NIbG9BZGd6SXZoMndmV1locU5UNDZXXzRtMDNGVTRRZjN1Y2hfaFc4UXRnRDZZUGFmMXc3NlhnbzBxR1YxZzJhQ2Juckc5VlJCUVItV3kzTUljck5uQVRzMTZyaWFRSjE5bUN6WHBJ?oc=5,2025-09-01 08:00:00,tomshw.it,Italy,IT
Dallo Spazio al 6G: come i satelliti plasmeranno le reti del futuro - CorCom,https://news.google.com/rss/articles/CBMirwFBVV95cUxNcTdEMEwwRVVxa2lxdnZENi1KNmxvUWl2Uld3UjFaMmZhRUFuOUhDN2VzQ2Y0SU5zelZnQVRtdXhYcXQ1SGpzbVhWSGx1dF9BdmJJLTc2eC1ZcVJhb0ZNdzNLcmJEOU5OMXJyUGtfZTlCRjZub2dRYjd4d25GOHpTeGFkbXVDTm5RM2k1V3RCTFZ3d28yMjUtZ3pqOGFYUm55S3NwZnJiMFJEb1dGNkNz?oc=5,2025-05-19 08:00:00,CorCom,Italy,IT
Il passaggio al 6G è vicino: Qualcomm conferma i tempi di lancio della nuova generazione di reti mobili - Hardware Upgrade,https://news.google.com/rss/articles/CBMi6gFBVV95cUxNYVVPTzdZTEplWU9VSU5ibjFWNGxfM1lMYTlKVGZTSXZfcE5adlJkMk5GOVFlOVlrSENjekYtYi1iTW9oVGZTYW5fTWYzNWJlM1FBQ0RJOXZxQ3RyeHlEVERVX1lLSzcta05UaWlZaW1fNS12LWhGS1BrRUtoQ2RaalZESnFqRUo4MHNIeVdoWndmYnNqbWUyOUFpX3VFUk1QWWlBNG1Td0R5c1JmQVEzWnlZOUNObzVTaUYtblZiTjh5LXdTeWxpWmhIZnEyOTd0RHY0dU5ya21QanZuQjQzVGxPWEJMc182aFE?oc=5,2025-09-25 08:00:00,Hardware Upgrade,Italy,IT
Altro che 5G: questo chip da 120 Gbps apre la strada al futuro 6G - SmartWorld,https://news.google.com/rss/articles/CBMid0FVX3lxTE5nTE4xOGVuc0JyeU5HTkVyM3YxQ0ZXS253a3hvei1rUDVJT2I3Zk0tQmZTeWpMcmVlOEZiT20tdXhZWnZ0bUhZUVhicnNJaHZ1VlBWUFkwYndOMG50c1dXR1ZUUkMycEg4YmdHRWtUR3JmNFhvaWdV?oc=5,2026-01-28 18:01:00,SmartWorld,Italy,IT
"La Cina è pronta per il 6G, ecco come saranno le connessioni del futuro - Libero",https://news.google.com/rss/articles/CBMidkFVX3lxTFB2cEdyYVZFbFhUbmNpMzh0dEY3bzdHNlNkQW5tREhjanFENTllV1N6Q3VxVmxTbURYMVpmTlhmd0lZSFFqR1Y1aUxDOHkza0hnYkZFRzBQZndJbUFVTjRlbVB1d2hmQTUxSnhxZEZBdDRlbHA0M1HSAXtBVV95cUxQZ2d5STZRS3p6QnBtOTJMZWFLQ0gydDE2MjJzN000TVBhOXBPMWplLVZqWnVXbTh2b29DR2xZRTkxUFZTNjlDQkM0M3htZ3ZyRjdQSjl2Y093eEZqNE1pejRLNXRJSjAyVTJKQ0dhMjRpckJkUk9uTjZlUWs?oc=5,2025-07-29 08:00:00,Libero,Italy,IT
"6G, nuovo bando Ue da 104 milioni di euro per la ricerca e l’innovazione nelle reti mobili - Key4biz",https://news.google.com/rss/articles/CBMiuwFBVV95cUxNcVpWNlJ2WXRGWXpZeXpsNW9Yak55OHJ6M09Gc3JLb05EeGRvN2ExaEt4RHI0aWFERWFlQjRSU3Vmb3dPc2lJLWc0WUF1S2l4cVJzczVjYlo4SFpGNk5iU1hKZ29VbS14c3NWYldiT1dheXZhby04ZlhISWsxVnhJTnE0NFZ5Wnc0MkprSGVtNDFyZlNZU2ttOEVOSERfb05IbFFYQk5Fdk1wSHFKWUFxMkVuOVhSLXFpMDBV?oc=5,2025-04-15 08:00:00,Key4biz,Italy,IT
"5G, 6G e 7G: diferenças e quando chegam ao Brasil - TecMundo",https://news.google.com/rss/articles/CBMinAFBVV95cUxPQzNSNmNKam5PcVRzcW9LV2prbkhnN1JyUnNSQzR1SGN4RUpRTGpJaWZGTlpPOURXOTlWUEFkbllPaDNPNm5uTkpVTk9BOGwzYkRfSDRFZjhmVVd5R3FmWHRLc1dmd2NrWWlHOXhBT3o5VkpmOGw5ZkRWZWZmeGhWaG1XOFlmRmRXbHlrcC1ENk1EWmdvNWo3ZWVZSG4?oc=5,2026-02-12 10:15:00,TecMundo,Portugal,PT
Empresa da UPTEC lança novos satélites para testar capacidades do 6G - Notícias U.Porto,https://news.google.com/rss/articles/CBMipgFBVV95cUxOQkVITmNfcktMNlcxdU00Q29fSmpLbU1TSXNnQzZaQVpjYkFrSlZaX3dzT0M3Z1B6TDJhNW1XdVM4RVZ5d1RIdkkxcVJ0QU1rTHVtUUxJclZtOW8zREE3RWZxN1ViTF9aQjVMeUdXb2tUR3NnVmdtaEtpOHB1RE42VGdwdWMtQjZNMXpXTXlyZmR6aUlCcDFGZzhBV0FsbVlVcXJtWjV3?oc=5,2026-01-05 08:00:00,Notícias U.Porto,Portugal,PT
"Redes móveis entram numa nova fase em 2026 com foco no 5G Standalone, resiliência e nos desafios da IA - Tek Notícias",https://news.google.com/rss/articles/CBMi6wFBVV95cUxPbEQwQXgzRGl0ckJfeTRqODExUFpCR0xXdkdLOEFPUFFUalY5eEdGdngxWHY1RzlPVENxakZ3VDV2ZVZsOUNqcWxXMVltWDVIbGIzTmlDNlBja1ZxaDE1TUhYT2JZRkM4OU9NRTFxcnJaeXFoUGNhSTdXZlFSQXJMNGViRTVuRFdZMGQxSTVleDBrMzVfU2FhRjh5VTZ3QjVvbDRuand3d2pJZ0NiVVRmQ2M5cEFzMENvdmJBTWRsbVY4aEZrOTFEVDN5TzU1M1dFU2c4TDVfSjZhSmQ3YlJrbDl5V3k0STRsVVhr?oc=5,2026-02-12 09:12:00,Tek Notícias,Portugal,PT
6G – A Sociedade Conectada - GazzConecta,https://news.google.com/rss/articles/CBMidEFVX3lxTE0zR2cwd25JTnIxQzg1Vk1OTnNsUXFxeGtjR1dnRWR5VThEZ2dpZHVIbmhkSm5LUlBpYkNvRjQwSVhoYTFIalVsRExRRFFYek9fX0R4TUFlVGs5Y3hadFRXYWN0MXpJdU1KcW1KX1hMemxKQm5M?oc=5,2026-02-13 19:31:00,GazzConecta,Portugal,PT
Cientistas criam “fibra óptica sem fio” que atinge velocidade absurda e prepara terreno para o 6G - TudoCelular.com,https://news.google.com/rss/articles/CBMiowFBVV95cUxQNjhKZ0wySDZ2UWRUZWUwSmwwYS1PQzBNTVJZODJZbVY5aVM5TjZ4Zm41alhzYW43SFZiVDk0TWVNRDd1dW1fQVJKZGdMa0U2WEc0R2s4VXVIMTVIVGU3VWpPUzk3WGlrZ0g3SFJhNGFSQXdKMzdNUFd6R1gxVVVuSzM4Nl90aFRiMGpLLVRleUxWZEJfRHN6RGsxajdRbFk3MThj?oc=5,2026-01-26 08:00:00,TudoCelular.com,Portugal,PT
Essa cidade chinesa construiu um polo de 6G e inteligência artificial de alta capacidade com investimento governamental pesado - Revista Fórum,https://news.google.com/rss/articles/CBMieEFVX3lxTE9NWHFOM3pGSHdjNjNBWU13V3drdEM1VkxwbmtGVDI0U0tkaUlzU3dwcEJ5T2NFSmRQNENPSVMzSkRqVTI4enRoZFctOERzX1h3akNXQ3hOZXB4XzdQc2JJS0xqNmNidGZONk83alltczVraFBpdFRuSQ?oc=5,2026-02-12 15:33:22,Revista Fórum,Portugal,PT
Qualcomm revela que 6G deverá chegar em 2028 - techbit.pt,https://news.google.com/rss/articles/CBMiX0FVX3lxTE56ZEp6N19xbHFXWnd5ckwxbXhHM0lzU0RZLVZtc0hEZzJfWWlZMTRqSURuUE5uTVQwV096ZHVxUzd5MTVlUi1DVXd4MWhnZ1M2T0lMWTRCRVJYRXVLLVhV?oc=5,2025-09-24 08:00:00,techbit.pt,Portugal,PT
6G já está a caminho: entenda como a próxima geração de internet móvel vai casar com a IA - O Globo,https://news.google.com/rss/articles/CBMi7wFBVV95cUxOaV91M2VEZmJicVJRbHdtMkdrRUFORDZUS1dlVkxpLXNNczV6QnJDbU5HTU1GdGdWT3ZqTGtIVnIzMG5QMkVaZlZ0VkxfTTJDU1hUUWxWT2VoWmNoVkVBY09ma3dZSGllRndCTnR3eWFwUmpUemNSYThDcy1Xb0lCN0FzS2hHZ3BtRWtvdWNwRy1kREtNc3BkVzlvaVdpbjY3ZFRXTHBUaG8xNmZFOWxjSVFQMnYtWTlHNXdvUTMxSFctYlZLTkdyemFudjVERGJQeEdVQ0MyNkZmaGRPSTNpQjJCZVVkUlY4aUdvMXF0Y9IB_gFBVV95cUxQYTFIZEpiczdYVGxzZzNhRlhkVVFFS1pHMHhzSHFRdzRRbmZTUGQ0WUZyemdiejFTMnltWWxQTWV1Wm1DVko5RTFFLXRqb2NJQl95UVdBZkhFTzI5MG4zSkRVQ1dsWkZZR2xHMFRIREt0UkZ0YzVZb0dvTGlic29DOU1HRGpldGNvTzR0b2xCSWFtbDg5MnpLNGFaT0ZuY29nV1dnVlRVVVk2WlBCYzhCVU5pZGk2cHJtSG9aT3h4TjhnZFV1OVhZbjJHMm9xMGdsVDZvNkhlQXBpcDFDNHZYTXpMYjFHQW83V0g5Wk5zQjhOU2gyVzNmb0hXMW5uUQ?oc=5,2025-09-26 08:00:00,O Globo,Portugal,PT
Operadoras alertam que Europa tem de avançar no 6G para não ficar atrás dos EUA - Jornal de Negócios,https://news.google.com/rss/articles/CBMi3gFBVV95cUxNTi1RdjdvOFdLY0tqSlU2cTYyYWNHV0xxQVAtX0MtWWNISVZvVld4SjM1MzRvemQyZTRMR2MzMDgwWUxfOXF0ZDUxdWR4MW5GUWlvR0Z6MzBpWTJKSHBCUjJNT05uT1FGTndPYWYzWnVUU3U5RlVfLTY3RmRuVW9FSU5WemxfTVdELUljdjNCQ3lyUnJ5SlZzZXp3MjVSSTVKMjhKMnYxZHR3bnVGWnRoQlNSaWFkOHhkWEtTemxqYlNIY25OUTU5WHpHOGVmTFRnVHBOczRWUXoyekV1dnfSAdgBQVVfeXFMTVpjdGRmWmJ4NFl4Qm1pYkhMb0tUUXo5YVNNclRTTWc4ckNOUl9EU1JNdy1xeHRGd1psUVRIblo5MktlNzRRS2hOZ1NXOU83VHl4c3RzOWloYkNWUWVWQWYtX2stX2JQVHBOWWhLSUNEU0lZcFQ1QVZXc2RXaUpHanI2c0ZYeW1JLUdPWVBSSWtCYjhuUWM0Q3dQbzA3dExieDhQME1yNU1xaGE1cUVRSUxnSFNORUZsOS0yLXhFUUZjRkI1SzZsOG04LXdRV0RtNmRXQ1JYOHQy?oc=5,2025-05-07 08:00:00,Jornal de Negócios,Portugal,PT
Pesquisadores chineses alcançam avanço em tecnologia 6G - TV BRICS,https://news.google.com/rss/articles/CBMijAFBVV95cUxOZVpNQmFTTWN5X1kxWTE1elBYRmlPVkZadzBvMEdmbndtS3puUWp4THl6RzdSdVJnaXhNekREM2wxWWxQY2ptWEJUNHRGQUZUNEZKbUVPX2xJZ0pQX0tWRmthZ2pFcTRsc1hxR1RCTXdWNy01VjdXel9HM3FHMzV2cWxvUkJjY2V6Umc3YQ?oc=5,2025-09-02 08:00:00,TV BRICS,Portugal,PT
6G: o que muda em relação ao 5G e o futuro da conectividade - rnp.br,https://news.google.com/rss/articles/CBMiiwFBVV95cUxNVEoxQzJla1ZQTE5hRUI2VUhPbzZwR3FPRFFFR3dlM1VCdk02V1VFVlZJanhSSHJjclo5Z0M0VHBkdkI4M1llVUtwa253LVdOZVlkcUNKWDV2MThDVnk1R2o1N1JYY1BLWHdXQnlOWUNhNzZxRU9qWEZuVGlaeklLOHZWdW9CWU9mSkFn?oc=5,2026-01-08 16:31:22,rnp.br,Portugal,PT
Japão se prepara para o lançamento da rede 6G - Telegrafi,https://news.google.com/rss/articles/CBMiiwFBVV95cUxOX21MNnV2bDJuQnFXblljek0wMm1KSXMxRjRPYkNReXZuVVNROUVHVEZnYjc0XzFmLVZNb3ozTU1aUUZoRzVxUG8zdW0wN1JJTi1RdFU4dkE0UEJQYlEzeDZZOUdtZ19QTEg1dWRBdmsyV21BQUlyTDVJZ0U3SFBob211aU8xbUVGeGVv0gGbAUFVX3lxTE5mT05mNTBYUC00czViM08xcVlnc190cUpDUWVubHBweHc1Tm9PS1FJNmZncXNHU1EydVNvR3ZMcG0tWEQ3VVdhU2h1b0ozeFlzblM1NFJ1MWJIRXMtSl9fSGhuWGp5N1hVak80bzFXbHhmSi1WQlV6VTRJNDNscnZxVGlTYXUzZWltWEJ6QWcwaDA1T1JpbjVGNzkw?oc=5,2026-02-04 04:03:11,Telegrafi,Portugal,PT
"Nokia garante ""tecnologia de ponta"" para acelerar centros de dados da Nvidia - dinheiro vivo",https://news.google.com/rss/articles/CBMirgFBVV95cUxQNGpuSnJIYlpKLTdxUjlVbFpHdWkzcFhxYzV3VlhwWVBUd05PRFM3OFNQbWZGNzVPT1gtc2NMWFM1ajJlX2E3dG5SMnVXTHpOSlFxSlN3a1FmM1RPdjZoUGNWUW5xZHd4dllVOUlyZzFkR3hSZWp4UjBXb1hCNzlCdDV3YndHWFEzbk9aN3VhRVRCWEpRUHAwQTZ0SGxuU1VLLUhMcHRsai11LWFDMXc?oc=5,2025-10-30 07:00:00,dinheiro vivo,Portugal,PT
Open Cosmos lança satélites para testar 6G e IA no espaço - ECO,https://news.google.com/rss/articles/CBMikwFBVV95cUxNZEFOMmZ0QmYzVWpBZlptakxzWXJVWTJhdU1sQl9vVW5reUxiX1FvUTdpdzBhd3RtQi1fZEV5Ym9KcjI1U3k0NkxaZnE0aU5PeHkyMEdpNXVlNHVHY3VialdzbE03ai1WMUVUVV9TcUdmSi1DNzJZaVQ0R09ZS3ZDRkw2Z0RpVjhiVFBZOVNDUkN3cmM?oc=5,2025-12-02 08:00:00,ECO,Portugal,PT
"O que esperar do 6G: rede une IA, sensores e satélites e promete 'sentir' e 'enxergar' o ambiente - O Globo",https://news.google.com/rss/articles/CBMi5AFBVV95cUxOUXdfQU1id2pLMGhfdkJESWlPZGhRS3lwZFN0YkFsb1E4b0VzUzNiempYQ1hNSGI3SXNodklFekdxOXpnM2xrRTZibnlvZE54d0VMRk51T25ZN0VvX2dlX293WnNNTEkwT2pIbzRxQ2VoVVZqX2szWUFnQXZ3d0FxcE1LdV81LXprR25IMnJzS3RuSE5FU0F3TmFwWlFUbGQwb1BrenNZLWdBeldwRG1qa1h1OW8tNG80RHVuQ0pnbVNVUklHeVFWaDZ6VnRTOWk0bGJOZDZmUGdKdmY3MFFGMDJsNjLSAfMBQVVfeXFMTzIxNHpGcWJQczFxUVc1WFI1aHktLVlocURINkRpTzV0a1NOOXdxS0tmLVFoci1qdklpSnAyaTBzemtoaG5odGRHM1BVNzNvbWsxdEhjYWlwR1cxRGV5QURSa2RBaGN5ZnVfeFYzU0tmUDVNUEdudDhxX3VaY0JJV1c5dk9jR1d1OVJjLUdPd0lRRGNvXzRTQWNmdWJPVHZMUko2dGhkVDR5eV83ckhYTnBNY0hlTndYWkJtcEJwNVZaNzJZY1RRRFFMMWtUNmU1bTdxRnJ2MWx6VzJFWHZQTi00cFg4aXZQMGJib1RIM2puQ1Fn?oc=5,2025-07-28 08:00:00,O Globo,Portugal,PT
Huawei domina registro de patentes de 6G e consolida liderança tecnológica em 2026 - TudoCelular.com,https://news.google.com/rss/articles/CBMiqAFBVV95cUxQQUI0YV9JMG00bHUwSmlxOEpDVkFmNWFVYWpYZjQtSUFPaEtmVTZFM1JXM2JmTWVrUjNEejN1dktFYmE1SFlfakxWRVVtQ3dZYmdMY3R2WERldkxvTW1NMkNac3NRUnlibWtGS3BaaWI3OS1ZZGdEZ1RReG1uVWhrbWxFQ1IxZDh0WlYyTWJyRWxaclgxVTkxQTFoSFNZMEdQbk5EVmpZSUk?oc=5,2026-01-21 08:00:00,TudoCelular.com,Portugal,PT
"Investimento da Nvidia traz “combinação perfeita” para desenvolver 6G, diz Nokia - ECO",https://news.google.com/rss/articles/CBMirgFBVV95cUxPOWh4Z0NwWTYyUV83bjZNeHdINUlzNEhxeWdwdHBWUlpJZjBxQmd6TGRWenRTcUVLZ3AyRmEzTmlKS1FKYXA3bTROUzZhcVlqSGtWOVNZZy1DcGFSOFh5dUZiRzQ3STNBWVJxdWY0UDBfUTR6RTFqTUFPQnZtaVp6LUd1b0pMci1zTy1EUFkyMURJNnp0dFVXRmhrRnkzbzRqMDJES2dyTDlrbTlEbGc?oc=5,2025-10-30 07:00:00,ECO,Portugal,PT
China lança primeiro chip 6G do mundo com internet até 5 vezes mais rápida que o 5G - TudoCelular.com,https://news.google.com/rss/articles/CBMiowFBVV95cUxPVnhORlJLVmRCMDlRQlVyREpGbkpKc1lSWEZ1RGFRbWpYSmlBNmhxODVjcUN1V2NLdmhKN2RIX3dwTnFaLXFsbURRQWNrTFgzWEdRU0lkNHViTVB4WkMzUDFEN0VyMGlnMGx5Vm9wT2pZMl9yVG44UFBZV1Zvbk9iZmxOa1BkVk9hd09lX2pSSFpvRFV1aVBGbThGVVR1dlphZW1j?oc=5,2025-09-02 08:00:00,TudoCelular.com,Portugal,PT
Qualcomm está preparada para ter os primeiros equipamentos 6G já em 2028 - Tek Notícias,https://news.google.com/rss/articles/CBMivAFBVV95cUxQRy1SZHg5UWJLUUVGeG1YVW5FY0t4VTZ2UU5IcThnNVRhN2Zna0tkNGFrdjRwVy0wT1hDdmw4aUxGOEJGRTJpWl9jclJoSThGQWRWMDZIYThGU1BNSkdJVkl1ZWRiRHJ3U2hCUXFDRDIxaXNtdWZadkNsTm1OellqZnJXQkZYTzdQYXRYLXVNRHBmRnJTMld2eG9wZUxkek9RTVRBaHJjMUw0UUhxZzY2VlpMUV82RHkwRmUtSw?oc=5,2025-09-24 08:00:00,Tek Notícias,Portugal,PT
Nvidia junta-se à Nokia com investimento de mil milhões para acelerar redes 6G com IA - Tek Notícias,https://news.google.com/rss/articles/CBMiywFBVV95cUxQVFdlY1ZfQmJ3amFmTWMtdUdfT1hZZ3hOREt0SFY2MG82aDdWRm95MzY1UDU4cEd6SVRDVkwwR1Q0LWM3Tm0wc2I4Sm5ndWNwWHVIeVNMNTI1RzdSYWJrRmJETGdaMzc4UkQ3Vzd6X1Ntb3Rud093RDVaaUtvd0R3MDNyNFU2Njk2X2FMNDFZUjZrUTZjVTdnU3JELTAyVmtBRGZicm9GNjBkeGdXR0lXNXQyRFZBX3M1ZHI5TTVmb1Rfbjh5Wjl4aGtIRQ?oc=5,2025-10-29 07:00:00,Tek Notícias,Portugal,PT
Primeiro chip 6G do mundo é capaz de acessar a internet com rapidez sem precedentes - Globo,https://news.google.com/rss/articles/CBMi4wFBVV95cUxPYUVPNHoxVnM4M05pYUpjWkdWeHdqMFpUY3FJR1JCOFFZeXpqLUNNbDFXQWJ1bS1tSHR5UHNCdFV3UGY5NS03UGNvNGZJYWRMOXVhLWliSzV5aFBjRlVCSEdzSUVJZVdWNzlKdmdZdVRzU2FTQ05XYmdya1V0eDh5Y0hLSkVLekNKSmZFZG5jUXpCU2lXNkhqMU5yWC0zdXRjSXlZc1BnVWhPZWlkc2h2cE1FLTcxLTBxN3AwWUpSbDM5QWxLcGZIRTVFd2FDQ1Z6ZVY5LVdscmE1ZlhuZFNkUFJBa9IB8gFBVV95cUxOclJxdExXcVJidlhhTkE1SnNwbWFNTkZyZVM0THhRNGNWbFZ6LS1VaHF4ajVhWlE2S1NMZlhVRDNBQ1JDaGFBX0duR3pSbE5uRlhqaUxZUkhiNXowdEJyUmpvaDA5NzJhVXk0c3hNc1I3UllPQVYtQUI0bF93UXZlMXBwZUNKTFhjUXA4ZnNJNC1sbFNtcmM0OS1zZWZ1UFU2em56UmNOR0FuUGpfSWJBWDZ2U2Nzc09hN1dFVlRISmNnWDYzdzEtOGVad2hsRFM1RG1FREUyUTV3OWZvNlhLd1lqM2pkcVdSMHVsZDdMYTdZQQ?oc=5,2025-09-02 08:00:00,Globo,Portugal,PT
"6G a caminho! O que é, quando chega? Vais notar a diferença? - Leak.pt",https://news.google.com/rss/articles/CBMigwFBVV95cUxPRGdNMzB5Mzh5TmpIdmtsbHNqU0RiRE1JSUROMXJzVldFVnd4UHVFckJLdWI5eElWbkV4NEZhckNrM0VBOW5DMzhTd2kyNlFoMU1UZy1jYTFkVjhXNV9MUnd5eUkzMU5hU3VITV82aFVac2NxR1k1dFJkazVaSW1wcnFSWQ?oc=5,2025-06-30 08:00:00,Leak.pt,Portugal,PT
A internet dos sentidos virá com o 6G - Valor Econômico,https://news.google.com/rss/articles/CBMiwwFBVV95cUxNTHZvNjJHRG9wcjQ3bmZ6OHBxcmlGOU5QdkVlS1JIb1U5dDRJMWpBaEJGT29fV2FkdGJGTWRwaGV6aExTQU9NdEo1MlpTdFFpeWpNSl9LXzBOWU85dW84MTVqT0VOZEhOOXlYUXNqM0RHb1F6T3ozaTk2d1Q0TW0zckJ4NUF6bVRWOU1MMXJCSUlqbkNacDVBb2RFVGo5blVTREg4Wl9kYVlrdGtvUG5heExBR0UzQXFraTQxdWhjQThDTEHSAdIBQVVfeXFMTkFUWnh1MzhXSm1UeHJ1X3dVS0VHLTRJSi1VcEFBT1Z2Q3ItMFp1RTgxQk8tTGtNRFRMb1BUVWJSRXFCQml2dUtrRmdGSlFrWmdDYmFLdk1ON0M5cXRHZFZLR1hSWEdKSGJoX182dWVVblNZNzM1bEtDbFZtYkdYY09tZHVmRm1SXy1HX0NjY0pIcHJTd3pYZlJna1hZOG83SE1PQnlIRHJ1Ynlka3Z1WXdnc3JsQW9oSWtQX1RmUTdDS2FlNE9TaU5uUXJTcGdXU1JB?oc=5,2025-05-30 08:00:00,Valor Econômico,Portugal,PT
Qubits e 6G vão ampliar horizontes - Valor Econômico,https://news.google.com/rss/articles/CBMixAFBVV95cUxOOVNmVmxyTkhGa214U2tOaFJpdnlER1BRWHp0OHBvVDhvV05qbENBUXVsSVFCbDY2TUR0aks4bDNvOEtTQ1F1NHhvWVpGTXJ5dmhvc2NJamxKeGtWQ1l3dTc3cjh5ZTlXejVwZ1YwVFJ0RWhHdzIxQkRkU0ZHVlQwSnFYVTRtQnRDaTFMSUhPRm9lVlF2QUtsYVpnVGk1bDNza1pEdmNBN2h5S2dRZjIzUDdrM2UwYUhob2RraC1MbkNWSzhQ0gHTAUFVX3lxTE81aDYzX3BGVG5JT1JnNVBtdGxiMDRESmEtMHZyWFhYdlMtYWJXeHNFRE94WTJ4NmJXMEpUSUhPcjBuOG5ISUxHbnJJZXJlRU1nTHNuOUVDNW5hdHVMS0hQdGxjMl8xN3M2UWVJM3dFTUQtYk52bWMxSlRaM3RieUNqOWkyTlFyNEZYOVFQRUlsSTVMX2RmZldWMkctelhtcW0ybHh3YmY4aFhtX1BkVXdXenFBTXBvbFZtUDZKd3gwSWlGbjhVVExRTkktY1B1OFNpcTA?oc=5,2025-12-18 08:00:00,Valor Econômico,Portugal,PT
"Cientistas anunciam 1º chip 6G do mundo, com internet 5000% maior que atual - CNN Brasil",https://news.google.com/rss/articles/CBMitAFBVV95cUxOQ3AxRm5DbkczMjZublM0WlE3dFBXdzNsQ0tZdDRDZkZvdTlINW5YaEMzZU5pbVA4V2hhTndLTXkxNjNsTzZyam4tMUdQMnZvZjN3Um9oa0xmN2JPci1Pb2RxQS1feVVGYk9YbENNVTk3QkdYWnRUdFVOTHhjb0NSOVVmTmJtbDlTZDgwVElRWHcyWENQZUFzSmVxZEFDbjItaVFfWFM0aWR3Y3hLdmh6cjVFNDM?oc=5,2025-09-04 08:00:00,CNN Brasil,Portugal,PT
Os dispositivos de rede 5G atuais podem atingir velocidades de 6G - Telegrafi,https://news.google.com/rss/articles/CBMikwFBVV95cUxQcEJjOHVIRTBDUzYxdVlaMUVWLVAxckdzS21uUHJWb3lmLUZwMG9lOUtDdTdyU3lBLUlhUjNTcnZCZEZRa3NoOVVpc1RCRFhCNFBoRzIyLWgyNTNTQVNnRk5hN1drZEFxbXBOTXFSZWJ3X2dPTXV6elNsZEw0QlVtMGlERmV3emV6ZVNlTWVuYzBUSFnSAaMBQVVfeXFMUHhJNjRSNkVHdlJPdjJWSFhNOWlobE1ySWp4SFFZTnpKUVdUYWZTa2RXWTRTTU9SUjM1WHJFcjlmbnlLaWhKVGFNY092ekd0T3Q3Vl9iRjRabVFjcjVoVU5yS2FkS01OUEg5bVo5S1F2a01IVmxKd2VyYWRhX3V2ZzNNdnlGYXEzNGI5RVhFa2tqOGxnRDQ4V25FQUJxT3B0MXp1bw?oc=5,2026-02-07 12:19:59,Telegrafi,Portugal,PT
IATA alerta sobre riscos da implantação de redes 5G/6G para sistemas aviônicos essenciais - AEROIN,https://news.google.com/rss/articles/CBMirgFBVV95cUxNSm5QWExuWXg0M3pQV04ydHdFTUFkVGg4aW1vb0s0eC12eHMtRUNlRWYtQlFYcFYyTjZDNHVOd0tkMV96bmdLcGN5cWNUX2xXYTJKTllZRHNRYXR6b3U4aWZQNGVlZ25XSFdIand0UFR2VjJxT2RUUVB1dDd0WW8yc01VRTl3ZnZ2M09DS0tyZDB4RVpnT2JIZXNPUXNlbDUxTmZsbmdCWFFuZUJYUFHSAa4BQVVfeXFMTUpuUFhMbll4NDN6UFdOMnR3RU1BZFRoOGltb29LNHgtdnhzLUVDZUVmLUJRWHBWMk42QzR1TndLZDFfem5nS3BjeXFjVF9sV2EySk5ZWURzUWF0em91OGlmUDRlZWduV0hXSGp3dFBUdlYycU9kVFFQdXQ3dFlvMnNNVUU5d2Z2djNPQ0tLcmQweEVaZ09iSGVzT1FzZWw1MU5mbG5nQlhRbmVCWFBR?oc=5,2025-11-20 08:00:00,AEROIN,Portugal,PT
China inicia segunda fase dos testes técnicos da tecnologia 6G - Portuguese People.cn,https://news.google.com/rss/articles/CBMidEFVX3lxTFBVbkpUeUJzQjBkM1NFX0xhZ1hybE9XZUFfUG1RUlhWa2VFbjJ5NTcydGlqaVVybkNaNUhGSDk2eG9wRFVsVVBiQUIxU255M1Rtb2duXzNKZ01MVWE1Q1FxcV85UWg2ckRFdEtVWGVpcHNSb3dj?oc=5,2026-01-21 08:00:00,Portuguese People.cn,Portugal,PT
7 coisas incríveis que o 6G vai trazer para nossas vidas - Canaltech,https://news.google.com/rss/articles/CBMilAFBVV95cUxPUEY4a2FLV09pXzBCTzg5Tjd2aTFjMXdEcm5wcWd6MEl1cVhGX3hfdGJnczdWN0Nyc1pYYzBnZ3EwNWd4TThoeFViYTh1TGlSNllRQkltOWoyQ1dlWWpyVlk2Ym92bXRyZU44NnRNQmdRNUxoQXhsbGppWEdJRHhGUFVJaDJ6bEwwSDZwTWVfNWRKX1hC?oc=5,2025-12-25 08:00:00,Canaltech,Portugal,PT
Empresa espacial sediada no Porto lança primeiro laboratório europeu de 6G - bomdia.eu,https://news.google.com/rss/articles/CBMimAFBVV95cUxPdTlOY2VKWmNrV1FIaDNDWHBCSTUwalFQNDRDbzhQSzBzdloyVFRQdkc0aDhNRFd2SlUxQ3FJSzRKcXpYVjBmZUwtT2QzVENpWkxEdWVPRlRKUXNJdURwMDRLLXYzWUI3a1FoRUJ4V3czS2RuWTlkV21zR2FZSHdrNUVjRzlwWVpxVDNxNlc5VGR6UlRxX3BRMQ?oc=5,2026-01-13 08:00:00,bomdia.eu,Portugal,PT
Qualcomm prevê chegada do 6G em 2028 - TudoCelular.com,https://news.google.com/rss/articles/CBMimgFBVV95cUxQY0RrT1pjSTVsVDJQS29SWXlacTI5SkppdnFlOGFuQmdaNi1RLVJubVRpajA4cDZ3ck5jVW1KSldhdUVqYi1QNExPdkswQ0U0bzJHRHFiaTRXa0x4a2J1OHpZRFZpVzVxV281cHFHZmJOT0I0ZDB1dGw1U21nM3p2bnotd25Ta3NVU3c5cVFZY1NTOFpwR0p0WDl3?oc=5,2025-09-24 08:00:00,TudoCelular.com,Portugal,PT
"6G pode ter contribuição brasileira e será a ‘rede das redes’, diz diretor do Inatel - TELETIME News",https://news.google.com/rss/articles/CBMigAFBVV95cUxNekdONzdycDhtOXZyb1ZpdnFHbXRQbTBnNWJsWjctMWczbFY2WXNKb05xUmR4YnBkZElrQUlmY1NTa0UxWlFiaGtLa1hoZW5QWlYzU0dZZ25RYUh5eE9yVFRERGRVeWhNZ2RjbmdjNDd6b3gzWkg2MVdQY1BpNEFyMA?oc=5,2025-10-30 07:00:00,TELETIME News,Portugal,PT
6G está chegando ao iPhone: a Apple não abre mão de seus próprios modems - Telegrafi,https://news.google.com/rss/articles/CBMitAFBVV95cUxOTUI2ZTFwT3hkQXVzc3Z1OHBJVXh5OXVkdmtlNjhGOFdKOFlORndpYVR3SDZmQkNkN2ZLMDhyTmhFLUQxaWlxbDM3TV9MT1IzVm5YclRmbWRDeEh2VXc1MzlWVFlkNTJwdEJXbzJrZ0RmX2NoeHRfM3otV04zVWQwUEZRRW02Tk9xUGhyWVp0V2RXXzREZ1F0c0ppTldIMjhTYlRlMVIyMXhBSlpmZk9iVkdMYnPSAdwBQVVfeXFMTVNMeTRUT3dFb0taaU8zSFh3ekRCbWVyNHJ5eXgtLXF2N2VLalp2Tk1Ualhvd2U0UnlWRnljVjlBeWVZVVBKS3JRaE1rQmpiMDluNzE2Nk05Qkc3em9ubHlqeW02cXA4aG5lQ1czckNEczNxOXdUOHlsQXdBVnJsNFVWcVpDV0JmOHp1MjZLcnhMdWlQTnMtNWRMREZ4X3BacHg2dnJ3cHBsZTYyZFJCd0JDY3c0d1F4VW5rV1RrVm5lYm43cFhDVDN0azdhRmloMWFfNHdnMmhYc05nVw?oc=5,2026-02-07 12:20:03,Telegrafi,Portugal,PT
Redes 5G e 6G podem ameaçar sistemas críticos de voo - AERO Magazine,https://news.google.com/rss/articles/CBMimgFBVV95cUxOcl9URl9FcTZkMGt2dXNkdXNmb2dnLUtVT0lNdkZMdF91TkdjU0paOU5aejk4SXYxX1Z3YXlaelNrNHRNcVdzOUc0cUtTeGFHNjA0MWxEb0hmXzBldEZSVVhDeV80OFpPay1wTG02Vl9lS2FLUTYtQ1o5aFJRZXo0cVNQRnIxSDFZbEtTN3V2LVBqaXUwY0YzQzhR0gGfAUFVX3lxTE4xQk5yMm1YSWRnaFdlOWZ6bW1WeXJSYlhvb2NrckFnUFpBU1U1eVB4VnRPME0zNzJ3c1dTVTAyQ0d6QnVCa0ZhVzE1UkZpM3RUei1ockp1V0tieVhpNUFESDlXOUZjdjV5N2Y4QTVoZHlHQThjZmtyV2MtQS1rczFRcnFqNzRjcXRXVlBRV3JVSDdhaGF4Z1hTTXQxMnVoaw?oc=5,2025-11-25 08:00:00,AERO Magazine,Portugal,PT
Internet 6G: o que se sabe até agora e quando deve operar - CNN Brasil,https://news.google.com/rss/articles/CBMingFBVV95cUxQb0NUMmNoVUNGMTNoVUYxZEZIeFlEajB2Znp1d1hESS01ekdielNJQUMzcFdfNjZBcThGVk5VbU1rMUh6Uzc1eVZxenp6MDkySVUwdmxLaG5Bb3FlaGZESXI0SjNXc2dWR0lzUlYybFJNRVNXTWRaZ0UyQlFjUW1GQWczd2VfS2cxLTRGcjNQWW1HZWEtVE5RYVNDMHY5Zw?oc=5,2025-05-28 08:00:00,CNN Brasil,Portugal,PT
Baixou arquivo de 50 GB em apenas 1 segundo: China faz primeiro teste de 6G em pequena escala - Época Negócios,https://news.google.com/rss/articles/CBMi7gFBVV95cUxPLTN6dENNblZadzlCdmZ0RHBtcEVVajEydUdpNHdqc0IwM2p0ay1GNVVYZkZoRjhEQUJOMncyODhwdE8wd0Q1X2J3SDA3RTNNVVVjN1BNQmJCWXVvZW5vTXUtTUFKZ1JOVERxNS1uMU52blg5SEI2VEx6U2hQLVhXenBESlQyWjI3WGJWNjV3ZWVjZEZ3dGphdDg5Wm5WTUNtVUotRFFqMkc1OHRMUGNvNks0c0MtaVVmU0JOSXlGRVpkQ0MwaGNVYlRuZ25mVGJxVmJ5eWd1LW83d3dhWHRxbk1ndUhtNVUwODNVNTBR0gH8AUFVX3lxTFBGRDluMnJrUHhRQjJuaVFjS3p2NVA1LXVCbzdJdjdfdDhLM1lXT2FnZmZhV2Ryc19ONDkyckVrdld3YV9ndVluOE9KQnRUeVZBdllzVFZfTHZOTGVfVjhSSV9BclRLcF8xZFNsWnJjdVJ1YUdHMndHa1EtRmNzcEJiLUZvNUtMdm9ScEszRkltd0ZrMDlyeHJwN19ncW0tMGF3Z2FibC1jYll6b3kyZXBhZmhsZ1IwVUJCbm1aTkljRUtHbmZ2UFlfazBlbU9wX1NiRTFrZnBES01CcVJNd3FfdURfMk52Y192RWxVYVZpX3d5V09uZ1YyMmJhVw?oc=5,2025-07-23 08:00:00,Época Negócios,Portugal,PT
Workshop Projeto Brasil 6G 2025 reforça parceria entre RNP e Inatel no avanço da próxima geração de redes móveis - rnp.br,https://news.google.com/rss/articles/CBMi2AFBVV95cUxQaTZhc0dtb3l6TVlpbG5vakpiUTdqb19yTmU3b1hQclNUSHl4cDdScGVhYjJ2RlJIZDNKZXIwa3Btc0h6WW0yS2lUeHBGUGtMNDZxVHBsRWFKQ3BHUTZpLVlLcEZEb0U4WTBrR01hLWxiWmhPcnpIQ2NEVUNfc2N3TVFiSlZkUFM1SXNRVkQ2clhmQzZfRGRWWG1EMWp4NGNPVTZ5V3NLeDFwTHBEZk12NjNwakYySi05VFA5SlVQdWdlbVhDc0NzeXF4QVhCblNnYTVaaWwyOVI?oc=5,2025-08-21 08:00:00,rnp.br,Portugal,PT
Internet 6G já tem chip e funciona 10 vezes mais rápido que o limite do 5G; entenda - GZH,https://news.google.com/rss/articles/CBMi9wFBVV95cUxQa0ZJOTBFQTJHOVhvMFJyTkx6LVJWbFZ1YkZDNmdGMlVkQlZPSjJCN2JmejRYajUtNVhlcXdHRUY0cG94NGlWOWh2cTJnVXlyMVliVmlyNkVOQU4yaE1rWF95cVltS1RMZ2J2NE5ScWtMcWNWaFU5YVI2M2dQVndXTkRMVE5KTUtxWDZpSDItR2JXVmw0V3FrclVaODd0blpsdG4xXzZWWjF1cWZUU3BKb1RhRTBjd3VIZzQ1YzgtS1lqVDQ4Y29ZOWFEbVdLQVJNbnYxLUQybUhBOHpZZGF4NDlyNkZvdTBuY01JeF9yOWJybU4wLUdB?oc=5,2025-09-05 08:00:00,GZH,Portugal,PT
"Rede 6G da China Mobile bate recorde de velocidade ao baixar arquivo de 50 GB em 1,4 segundo - TudoCelular.com",https://news.google.com/rss/articles/CBMi4wFBVV95cUxPRUtpeC1udGFqeWc1WEtFa01Wc2pXM0hjWEFtck1qMkxNT2ZrbVdPOUJGVWhNZUR2U0ViRHVWM3FuV3RUQjNvRFlPQmR0TXVxYmVQMUxDTTRiUFMzYXNsR1hrcFVNVXpjdklGNzlPdE8wYjZiclQ0SHlnOC1VRHhaU25OYjNGTnEtWkNTd0NScVctYWN1UDJTUzVteDF0MXNNOXlic1JBbjV4MFVzS0VmR0lReWxmV1dWeVBFaDRaeUxkM3BvbE1pRzl4R2k3b3Rfcm9HeTdnSDd3V2lFUU1ZNm1DNA?oc=5,2025-07-23 08:00:00,TudoCelular.com,Portugal,PT
Donald Trump faz confusão e mostra que não sabe o que é 6G - TudoCelular.com,https://news.google.com/rss/articles/CBMimAFBVV95cUxQaDZzRzdiNHZJMGVLcDdfMEdsMFhXYktaRGxjS01NU1d5NGhjR0ExTW9hWW55ZGJPTnB1b3IydXFUeVR5X2tqdmV0SlRHVVlxY2xUTmFBYVYwZjh1YmVFX3pOMzBKN2JRU0ZrazVEVF8tc0M3dUowS21iYUJzeUpxNnJCeEpBNkV4Z2NCbXN4TFhVUGlZM2x1Mg?oc=5,2025-12-11 08:00:00,TudoCelular.com,Portugal,PT
Rede 6G vai trazer IA integrada e mudar foco da comunicação de dados no Brasil - Estadão,https://news.google.com/rss/articles/CBMivAFBVV95cUxOQTM1MzZ5OEhpVzYyVVdSeDBzQ0szakxPNGQ3RmJFcEJLZGtoUXZQenluNUlSVU5ITURqZWJHcGtSeEtoTXFRMUZwREEzZmRGSldCTFRwV09ySEUySENFNERTOXdlUUZyZTBPR1dqb2U2UV8wall1WVViS1F0QkZPeERoS2I2Y2tUNlpRamZINHVZN3RhNEVnNXg1TE4xVFN3cjktWDhIaGZpdUlFandLRlVHd2Y3Zlo1M2NGStIBwgFBVV95cUxOVXFoWTZPZHpuUU1aX19IU3dBenNJbDhSYVVocG5sWldDRlowYWhkUFFzMnE4RHQxTHpnYUJidi1udUozNWo1dG9BN001NjBFWExGakxwVURtS3ZtOHVQcldhdUhfeFcxQ21RNnBjVWdIWkZCRENiX1lkY2MwZDFocUdwNXNsRVFKWi1hV2ROQUxsekxJSjVhX1dORTQtZy0talZ2Y1d4ZFJLaGFBWjd1UEhnU3I1WWpFMlA1djg5U09vZw?oc=5,2025-05-09 08:00:00,Estadão,Portugal,PT
Acordo EUA-Argentina pode restringir fornecedores chineses em 5G/6G - Mobile Time,https://news.google.com/rss/articles/CBMif0FVX3lxTE85U2NlcURNajhFMktQenFGZVZlanFWWjI5OWFGQjYyMzc0aXM0OUJvWVNHcVotZmxTZzBWVXZLUkJacVE5c1I3T2dELVV2akNzdVNzaVZnRTdKNFZNeldDWW1sV014UFlHUGtyUTFJZTM4YWpRMURjSlNhTmUzQzQ?oc=5,2026-02-06 16:20:50,Mobile Time,Portugal,PT
“6G na Sexta”: uma visão de especialistas brasileiros sobre a nova geração de redes móveis que nasce com IA - www.gov.br,https://news.google.com/rss/articles/CBMi9AFBVV95cUxPTEZMZjJYVDRzRXZvaWNaemNnRFlROXlISXJzd3VPbFc0OHZBbFhPR2JWX0lLczJCWXZWTUQybUktd0MxaWYtR3NXd1ItWXNkcTUyRDdzRmVkRWdCRHkxSzlvV1llQlZWVmFfMFItM2MzV0ZiMzQ3WlNnTjhYTFBSUWI1QzdrYWJCdnI0RDl3ZmZDTnFNVzk5ZTl4LVpJS3ZSU1R4aS0wSGNlUDFCOWVUaGNTMDRsNTlUWG4taWFKWXhWU0VVRzVxdmd4VXh2MTRSd1VmUkhxV09WMW83NDBLQjdwOHFTRjVKR2h1aFFPOW9VWHNw?oc=5,2025-10-06 08:00:00,www.gov.br,Portugal,PT
A GSMA alerta que o 6G exigirá até três vezes mais espectro - DPL News,https://news.google.com/rss/articles/CBMihwFBVV95cUxOR2RXbzFRcDE5Vkk0SlVhSjlSZXI5U1E1QW9rRmJsZkZpSWZDWGxhRWlRN3lWT0NITW80bU5tekFqSjBQaGpGeTRoSldnSW1CVWFudWNvWjBOMDd2R2c5d2Q1MF9xSG5oWW5oalhELWg1MWsxQnd6NWFNM3I1ZFNxencxaXZocGc?oc=5,2025-11-24 08:00:00,DPL News,Portugal,PT
Futuro do 6G deve aprender com as deficiências do 5G - DatacenterDynamics,https://news.google.com/rss/articles/CBMirwFBVV95cUxPempTUXlhRUVScnNGdnNfbDdPV2w4RWRfWnNFRkt0dVhkWmgxOEhYb1BxRV94MGVmZFU0UDMySExwaVd5ek5jVWRmUXpFbXR0S0x1YnFtY2dha1BMOXpfTzA5dG9xVDJYSHBtUG5OWFZKSHk0SkRPcWFpdTBDTlAxUDFKY3h6UjUzNkpyUVc0R0tDXzdXcHhuZWRxa0RtbTRvY0tCSEFqbzR4QUl3ZlBZ?oc=5,2025-04-03 08:00:00,DatacenterDynamics,Portugal,PT
Brasil ainda não está pronto para a nova tecnologia do 6G - Jornal da USP,https://news.google.com/rss/articles/CBMilwFBVV95cUxQZi00UmhaWWJfdEo2dkd6b3doRExPSWpobmV1YmNnVWkzR0E3X3hKa2dWQU5mNDhTajVOY1llTjljelo3RkdMcmVaUzBfSWNpeGowbEVUQkw3MjRMMXFOcUZpQ0ZLRVpIM0lMSkxsZ2RwSExCaldwRklvaDNSbm5MaWtGa2Z1WlVuaHluUTMxSlRhX2hlSEJ3?oc=5,2025-08-08 08:00:00,Jornal da USP,Portugal,PT
HUDDLE 2025: Brasil sediará debate internacional sobre o futuro das redes 6G - www.gov.br,https://news.google.com/rss/articles/CBMiwwFBVV95cUxOT3c3bVg5VlZnelR6RXRrX2dUeTBKSlVncDAxblpjeTMtWDBUb0p1NGVaWlYtVWRrTHFXMWxYOHZzZTVKdldTeVpiUVpKR3VTWmZZeGxjSlJ0UlMzamlhWHlxY0dPRk5IVE1xbW9PV1JKdm5aUXFFMWZWQTRpZENIUzZBU2dkbXNaNG1qWGtpakxTWVdoU1VhOEQ0cDd2dDVXVC0wNjFINzhTR1RMbC0yeDZmQ1VoRjVKTlV6ME82T0pqMnM?oc=5,2025-09-16 08:00:00,www.gov.br,Portugal,PT
Samsung trabalha em modems 6G para conectar celulares à rede de satélites da Starlink - TudoCelular.com,https://news.google.com/rss/articles/CBMipgFBVV95cUxOdmRaNVU0X0NpTkNKSDE2UFlRaUNDejhhWWlZN2dUNXFWazgzTFJ4bUVlWmpjNkFtbGNSd2MyQm5rSm0zRk5pWVVmbkZzWklHNXVhbXRxcGN3VmNOVjRNckdZeVU2STg4NzhFRjB1MkJOZVJCU2FnZTNSdWRvVzd5anpLVFV5azRjelhTVExONl92SS1fd0t5Q0hpTjhFaGZhZlQxMXN3?oc=5,2025-10-24 08:00:00,TudoCelular.com,Portugal,PT
Espectro total | Cientistas criam chip 6G que é 10 mil vezes mais rápido que 5G - Canaltech,https://news.google.com/rss/articles/CBMisAFBVV95cUxNX2I4ejk2MW5vSXJRdzJuYlo1aHhPZzZpYUhUTGFmZmFjQ2NjR2Y0bDBkaTkwaE5SM0dPQ0hVdkFmZVBnYkVMRkRyY0x6WjBJbFl4aUt4dEFmWUk3VTVmVXd3T3NIRHVTc0FyaWRRN0xWRnJXRWtFWmVFY1c2SUpOeVZwaDBGVmRmX1pxeExrM08tY0pja1ZLOHFidklMR0FHcXh4ejY1WTBKY3BtbXhXMA?oc=5,2025-09-17 08:00:00,Canaltech,Portugal,PT
"""Sem IA, não existe um 6G que funcione"", afirma VP da MediaTek - IT Forum - IT Forum",https://news.google.com/rss/articles/CBMiW0FVX3lxTE5ic3czbVMzMFl3MExSclBmVHpMWWxoaG5zaFJMbEF0aE1CTVB3V3ItVlpaZGloUGNyT015ZmZzTC0zV1RVeVNTN0lLY2JDS3IyWTlQM1hlbnJvTkHSAWBBVV95cUxPVE1EdnhyVm01T1RYMzFrcUFUQjdxa3lSRVFVRzVTeWZZV0RkWHkzdUdzMFBOeHpLaWpVa1FsdXZvaUdMSDctRjJMODFZeGpHOXBYSWNjV1A3VXN0YUhrb2Q?oc=5,2025-12-09 08:00:00,IT Forum,Portugal,PT
Trump acha que o 6G permite ver a pele de alguém mais profundamente! - Telegrafi,https://news.google.com/rss/articles/CBMipwFBVV95cUxQei1nWFJTeTdUU3gtR1hHYV95d001TTNSREd5MWN3dFlIRDFsb3I2Mk5NZF80UmZ5WTRmTTFuaXZSVEpYeGdhMy1FaGVqaUJpY2xIUzIxNHI2RjBGa3hPYkRZRFBRd0hLblNUNHpnaFZKQW5YQXJ3SEtZV0R4TUJnMjdqV0FyYlo2UGQ3YVFSeGNRYkpoakMxRnJuWDBGS1RZMFc0M3l5b9IBpwFBVV95cUxQei1nWFJTeTdUU3gtR1hHYV95d001TTNSREd5MWN3dFlIRDFsb3I2Mk5NZF80UmZ5WTRmTTFuaXZSVEpYeGdhMy1FaGVqaUJpY2xIUzIxNHI2RjBGa3hPYkRZRFBRd0hLblNUNHpnaFZKQW5YQXJ3SEtZV0R4TUJnMjdqV0FyYlo2UGQ3YVFSeGNRYkpoakMxRnJuWDBGS1RZMFc0M3l5bw?oc=5,2025-12-13 08:00:00,Telegrafi,Portugal,PT
"Primeiros celulares com 6G já têm data para chegar ao mercado, segundo a Qualcomm - Olhar Digital",https://news.google.com/rss/articles/CBMi3gFBVV95cUxOSkxJa3BXQnoyc0xZVW1aLVVpTVdFNmhiem9HbG9vanpSdFVwOHMyRWpnMHFyRS03ak9MUzJWQjhzMFRJb0ZDdXFDaTB2dDJMM3lmTmlEWS0tRm12ZEdFZF9PazJEa2hzcW9JWWlaS1RVODJuNW4yLXRpcm1GcHVibWpUZk5xeXJWNXNxUzBta0Y5OG9wQnQwZFh0X011YVNDMGhUazBMM3RoamVfZTNoZS1LbV9PTmZfRVhLSFpaTnQzRjNFc19TZ1o0STl4emNRdUoySzBFaV85aXhQSGc?oc=5,2025-09-26 08:00:00,Olhar Digital,Portugal,PT
Samsung poderá desenvolver modem 6G para Starlink a pedido de Elon Musk - Mundo Conectado,https://news.google.com/rss/articles/CBMilgFBVV95cUxPMmotSGcwX3Bka0xQcm5xbW5Ya01xUEVhMWRRRVBvVk96b0FwckFTTC1Qa2lqU0ZPMjlhMHNmQXJqSlhYa29qSjZQYmpIVVR0SEhWanhNVkh0UzE5RHpnc3ZXdWNZR0dHd0tVZFl4QWl2SFh0cmJrV2lHa18ySlVLWUlPS0VNMmxQaVlkVXZRZUs4UkhDMWc?oc=5,2025-10-23 08:00:00,Mundo Conectado,Portugal,PT
6G: operadora chinesa faz testes e consegue download de 50 GB em 2 segundos - TecMundo,https://news.google.com/rss/articles/CBMivwFBVV95cUxQb0M4UzM1b1J5ekN6d2RmcUUyTEVHX3R2bjMyU1M2UWc4WEF3YkZ3QmtlWHpEbno2Uktkby1DZjBaX0dPdlJpQUJkalN6UjFyZUlsSFVvazhMRzRqbmIzYTdiVEV6U0k4XzVqdnZiNkNweGxoYkhkZHFXWEhlOG82NExveXphM3FXRW9xRFVQYTBsV0didUtmcXZsQ0NzLUYxU2JJS2dwbHRJQWkzZGxTakFyQTNENmpTaHdRSG1ucw?oc=5,2025-07-23 08:00:00,TecMundo,Portugal,PT
"As redes móveis 6G precisarão de até três vezes o espectro atual, diz GSMA - Inforchannel",https://news.google.com/rss/articles/CBMiswFBVV95cUxQQnp3WTI3Vk5LZC1fbEJ1WndrcWFXSVpVSTA4THlnVlpLNmV3QzhmSmo1eW1VY2xKQUIwdmQtZUQyamJYVlp3ck1wdEhybzRQTzM5ajZFTFdrYS1kNmhsZXo3SlBTRGwzSUthTDFUT3BHMFBkR3ZzUjZiUHNGNDVaN3dkWU51azU2ek5FRjNlUklzT2I3c2NOWXh6SzROYi16T1dUXy14OUh0bjRNMWFUUWZYaw?oc=5,2025-11-24 08:00:00,Inforchannel,Portugal,PT
"Leilão do 6G pode sair em 2026, mas já há polêmica sobre a tecnologia - Tecnoblog",https://news.google.com/rss/articles/CBMiogFBVV95cUxNWGpIZ3pSRmdlbDFvbk04eGVwVzJOSE05OHM2ZWpGQlp5YXhrTEVfQW96RFlJNmRSZTV6Nm5JQ0ZqME4taEpZSWNmcWtTR3hkVWJ5WGJFQWhzbTVrTVRYSGd3Z2t2Q3FGSWF2YVJHZGFuME5pSzNiWGRpNFRQcVdaUFFTZVJya19pM2dfZ3FZdEN5eGU3LWN3UVNIVm5tQVp1T2c?oc=5,2025-05-19 18:59:24,Tecnoblog,Portugal,PT
Samsung e SK Telecom se unem para criar redes 6G com IA integrada - TudoCelular.com,https://news.google.com/rss/articles/CBMipgFBVV95cUxNSmc2SEpNbWdzVGtnOW0zME5aQlNDRmROWnNYVTFqeTJINW95b0RhYUZ6eGctODVGWHBRaEpNbGJaUmZ3aThxWXVqMzVRY0pCTUVkOUM2WG8wMFI4N0xLa0ZQZW9NYk1aOTlTTmF4VmNuUlBDZkJjLUFEWVRQOExKZ21Rd1NBZjR0Q01zU21PNVJ3el9KY3pYV1MzMFNBZVdqbXNueWhR?oc=5,2025-11-26 08:00:00,TudoCelular.com,Portugal,PT
Unicamp ganha Studio 5G para acelerar pesquisa em 5G e 6G - TELETIME News,https://news.google.com/rss/articles/CBMimAFBVV95cUxOVDBPemxnTUk1VGZMQmcyN2JhMEFSdFJ3MTdCZk80ajBaZlktX0swMGhncV8xU3l4QWYzbUU5RjZ4Z0F4UFRvMDVObWp0OHl3ellOSEo1NEZCN19BRjZlQUp0VzhCR2xQeWduUU1BTFJQSlpJaVB6VEVlaTEtMXQwNmRhZWdWRmt6NWxyaXV6Y210VnUxcDhkbg?oc=5,2025-12-03 08:00:00,TELETIME News,Portugal,PT
Tecnologia 6G vem aí: entenda como será a nova geração de internet móvel - Extra online,https://news.google.com/rss/articles/CBMi0wFBVV95cUxNTU9EeGJNQ1hpaV9uZlRoR2NsNkM3N2FwWEN1azRLU1VicVZaWkcwWGFyWm51TW9JMFk0cldkQ2UySjZRYVJ1Ukd1Yk5NWVdhblRRbmIzTDhNd2k3dVFLXzRhcTZDQ2c2RnJCYWNGbHptNy1GbzUxbDQzS0sxRVFYZ0JJR0o0REJEVVNDRWNjUUhQRjgtN2RiMUN1Rlk5c21VQXFQaHZrWl9YcTR4UXdzZWwweFlwQmpodTBObHZPR3Jnbk45VjFMcGJrY1JOdVBMbDdv0gHiAUFVX3lxTE54bkF2eWU2MF94NXE3d3JVdDBBRkZVMmZxZXd2cFdHa1lwbmZsWjI1LXVWai1TemJUZi1zXzdHanRONlk3RmhNbGlMb0xlRURhY19RSjFxWXF2cThYQ0pOWWxnMGZUNXZqbGUydFZpRGFFYjFKSVBIaWpKRUhSbEFtZlVENDVQeENTVXhmQkhRWjZiRjZCNW9JM1FUMDRrRjBjczNNaWs5cHNlUlh3VUFKWUgyWUJ4UTFfbjdYaVdtQVZyQTZHTl9HdkpMS2lfQ3dXWW5MNEtZZDhLVzNyNC1kTnc?oc=5,2025-09-26 08:00:00,Extra online,Portugal,PT
China lança 1ª rede 6G do mundo para integração de comunicação e tecnologias sensoriais - TV BRICS,https://news.google.com/rss/articles/CBMiswFBVV95cUxOX3lEb2RmbUFIRlRzTEt4akVtbzdLLTdCb2pzaXdyZlJqSl9faUZPRWkzUlk5SlN6RXRMMlI1bmlJMGh5bGU4QUxlWmxLa3dGdGU5dHVtNHBQTkU2aW5teG9fRFMzMUh4Znh2MVIwMmNkQW95dGtxemcwOXZONl9uaEhrSElyWlJ0QVF0T0xnbG9BRFh5Tkc2Y0tKaGtxQW9SdU5lOVVLWnV3Q0NmN1hKUVZJYw?oc=5,2025-04-21 08:00:00,TV BRICS,Portugal,PT
Nvidia e Nokia firmam parceria para criar plataforma 6G com inteligência artificial - Portal IN - Pompeu Vasconcelos - Balada IN,https://news.google.com/rss/articles/CBMivgFBVV95cUxQUWFLS3BfdURnalZtZHN2dkdUcHgwbHNWZzhjTnA1b2dMaDdYMW5NSWgyLVNtVU5qVDI5WTZwb2Z6Ukllc1Z0Y3oyTVRpdGsyQnBKRTNaMjBSdUFQck9fdlo3ZWZJd3pqQldFM00yZ3Zrd0lGZ1NYLWsyZXlsSUMzZ1hOS0N4VndHZTZUUjJrS1JZVE0yMUYxVjMwbGNMb0JaQ0FwamlsZ3daYkNKTVhaTzl6ck4tallTSmdtYi1R?oc=5,2025-10-29 07:00:00,Balada IN,Portugal,PT
6G no Brasil: engenheiros apontam erros que o país precisa evitar - Canaltech,https://news.google.com/rss/articles/CBMinwFBVV95cUxPRERQeG5Yd0R5ZFI5elRnZEx4QmUyenNBTk0zVVJId2lLZXVtc0JIa1J4WURKVDVhN3d2cURrR2JmRHRuUjFGdXVCcFladk02V2F0MFhDVkpLMlhZcUR6ci1Kd1NJQk90VFVJWXg5Z183ME9qZjdXbzRmb016Q0ludTJJX09uZ293VGZIV3BTOG8zRWo4WVM3QzBnemwzNTA?oc=5,2025-10-06 08:00:00,Canaltech,Portugal,PT
"Do tamanho de uma unha, chip 6G promete internet 10 mil vezes mais rápida que 5G - Olhar Digital",https://news.google.com/rss/articles/CBMi0gFBVV95cUxPNi1JSGtXM3otVVJJS2cxZHBFUjJnYXhyRDlielQxZDF3b3FKcWo1Mmo2ZUpzTGZCVEpNRzl4b1A2VmFGajVYZDc3U2Z2X3lxS1FZalJLQU80Y0hLVGREeVgyZjFkUmNCSXVRNXppekV3T1pnQnlBV0dyaWRMOGVXQmNPT21SWXdXclJtblczajUwY1VHMnh2QXVDRktTN25hTTQ0dk5PVUtoRmtaUlVkVlItcm1tbzdqNVpjMTlfdE1zbXRYU2VhcGY3V3ZnVkZiZmc?oc=5,2025-09-12 08:00:00,Olhar Digital,Portugal,PT
6G vai precisar de 3x mais espectro que 5G; benefícios ainda são incertos - Canaltech,https://news.google.com/rss/articles/CBMiqgFBVV95cUxNcGpINXoxWThaT3ZseEZyeWhxQnRZSGdLNVhOUE8zQkp4cFV2M29jMnR2M2FKb1JXcjFHZnQzN1VxRHA3ejBHcmE2d3c1RVNCa1ZiWTk5Y0E3aE93dGZqWFVqaU4xeTdNdFp2U09BOXZ0S0l3dE9mMG5OdEtmQkFNa2FNcDAzNTBKQl94d3JJOFJxbVI4UmZaVS1SbFhtTUJ0MUgtb0Q1TWQzdw?oc=5,2025-11-24 08:00:00,Canaltech,Portugal,PT
Huawei banida: Alemanha quer rede 6G livre de tecnologia chinesa - Hardware.com.br,https://news.google.com/rss/articles/CBMibEFVX3lxTFBZamJRSUNsbmZwMmc0TXVlbVBRMGpjSjRnYjVFNm4yWUtodVBoRzRwNFRwXzZSSTNLYTFOQ0NLRFFKWUhjSWZySzdGQVNhUHJNS1psWWJQOHlfNUFOcEFpS2ZSQ0lvV2ZYZDlGUg?oc=5,2025-11-18 08:00:00,Hardware.com.br,Portugal,PT
O 6G pode ser o fim das redes e muita gente já acredita que esse avanço vai mudar tudo no mundo digital - Super Rádio Tupi,https://news.google.com/rss/articles/CBMi0AFBVV95cUxQRzVqVkRQeFdJck1xSDdQc1VjOFJyQXJ2UHVobkJHTW4tdTNPZEFyeGpwWkk2bWxySFFGT2dBRE13WG1TcnJaeWJKVjJHc0RFOUQ2NGw2WFJ2dkRhc3NqdXdCZG9mSlVPLTFTNDhkbHZNcWl2bHYzTElkV0toRFA4eWw3U0tNSGRpOGxvZVZBMVlqTFhYT0pxekR5THpwRlJOMEtBbUlWS2pleFJYMHEtOFNfMEJ0dU4wSGV0X3ZibFRSa25iWFdQRkt5ZlFmVXln?oc=5,2025-12-22 08:00:00,Super Rádio Tupi,Portugal,PT
"Torres do 6G poderão ""enxergar"" tudo ao seu redor, até mesmo pessoas sem celular - Canaltech",https://news.google.com/rss/articles/CBMisAFBVV95cUxQWHh3MlphaFhDWHBXYkZMeVUtWDAtVlQ5MC1rMjR1cWlrUkZISmsxNllXWE5Iam9wck9IRE05dUNWMVlHU2hoaTlVRzJCdGtlWWxZUWxtNUQ0RFhVUnRoUzA0cU5EbjdLM3A3aFltYmNnYS1KemgtdjBPdDRmMHFnbU9iZmNpVzJ4b3BfVjV3UU5ycDByeVd3STZqVk1DQU1QUXIzTVV5VlN6dXZNWEQ2ag?oc=5,2025-11-18 08:00:00,Canaltech,Portugal,PT
O que é 6G [e quando isso vai acontecer]? - Tecnoblog,https://news.google.com/rss/articles/CBMiVEFVX3lxTFA4M0JhZ1VlOWo4dlZoZS1aNjgxa0FtZlVOdTdONkFFNk9PbUp3WmlIczhnWXcwZEw0WWxyOTNYMzJ0YjgzWGlUVVUwTFdBdXdxNThKUQ?oc=5,2021-12-12 05:06:01,Tecnoblog,Portugal,PT
[Entrevista sobre liderança em comunicações de próxima geração ④] Inaugurando a era 6G com inovação em AI e parcerias globais - samsung.com,https://news.google.com/rss/articles/CBMi8AFBVV95cUxPZUdMbC1GRlRzT1AzTHBQcGpNbl9jTmhJRGdmUElqc2lqNkxSNUNncHNyZGdtcktqQkpTNlBJQU9CVXpfUWlhX0tJbVJoUzZPbUhFRTF2WTYzUmVGZjV5aUVjR09KSWFyMHFsQlZXRlNLNDl0UHBHdm9yenhFejNmY1gxZEd2QnYzNlV6Qmp6NjFRV2lZVlFqQ2dKbldoRFFZeXZxeDhWVzlONzBlQzRtVWVpeG4xWDhJRWhBRFh3eWRwOXdfMXpYZ2t3ZDAtTGE1Q3hOU21ZVVljckJ0LVctRVBOQXdZNjlxZmFIZENvVWw?oc=5,2025-11-04 08:00:00,samsung.com,Portugal,PT
Anatel vê oportunidade única para o 6G com leilão dos 6 GHz - TELETIME News,https://news.google.com/rss/articles/CBMimwFBVV95cUxOVk4xVkwzWUVSOTlRSE9DTF9wQUh5bE9makNBckRCNXRlaVUzdHVvT1MtNm5vQlluYjRQLTVjVm9WSnpSQVF1ZVZjbE9aTzZVN0I5WTBJcURRTnQtQWpPSlQ2UmNiRVR0NDhjd0YxZjR4Y3RMcnpLZDZDYzd6TnUxd3ZKSkdpYjc5SjNOWHgwaTkxSTdmb2hCaTh3QQ?oc=5,2025-10-21 08:00:00,TELETIME News,Portugal,PT
Nokia e Ericsson atuam em novo padrão global de vídeo para o 6G - TELETIME News,https://news.google.com/rss/articles/CBMioAFBVV95cUxOV2lBcVJUTHJLNzZSNmswMmtyZDRGOGk5MWFVYnNRSTNaYVM5TG1WLXZ4Mmoyd3NUenh5dkNVUG9vanBHZm95Y0g1YndLYkl5c090SVRZWFptZklkMHVoNEl5emFjQ1JMcUJtRms1WXI0Y1JCMkVKcGJzYzRydnJHcmtKOXpsczFFdE5mTVlzTkJqNGp6bnJjMFNvQmNwVGRo?oc=5,2025-10-27 07:00:00,TELETIME News,Portugal,PT
Telefónica e Nokia: 6 GHz é a banda adequada para o futuro das redes móveis - Mobile Time,https://news.google.com/rss/articles/CBMigAFBVV95cUxPdksxNEhpMDZJVXpHaEtXbGhETDdlbDBfSGZoai1jcUUwckdFWmZyeEl2S1A3NlFxbzcyczBkR21KU2VSUFV1TGFWZWtiSzgyVWk1YUUteXJKTVFPU3VtaG00NG1xMjd6RzctVmpiOUR3UXZtUUdyaWwwUmlZSVZzRg?oc=5,2025-11-11 08:00:00,Mobile Time,Portugal,PT
6G no Brasil: Anatel abre consulta pública para sucessor do 5G - Tecnoblog,https://news.google.com/rss/articles/CBMimAFBVV95cUxQLUs2dU4yaldDQklyLUVNQ2Fvd2xCd2NEbmdyOTNqSWFuU0E5X0lZOEx0RlNoTG15N2lvQ2xZZzBSZ0RNcDl0UVVTWFdZTTYzTWFIT2NiaGJucmFPYXM0RTFnN28xNFBVOVdqUGthRjV2LURCSkNSY2RTbWxxMTFQY19UeWoyeDZPbFl1blk3Vm1taS1MWV96LQ?oc=5,2025-08-07 08:00:00,Tecnoblog,Portugal,PT
Normalização das infraestruturas do 6G deverá estar pronta em 2029-2030 - Tek Notícias,https://news.google.com/rss/articles/CBMiwwFBVV95cUxOMGdTTHdyVkV3cXRnX0JaZkJ0T1piNUNxdFJnWmk1SWpCenYtRHU4V283dGRFRTNYeEc2alBpbXhaUHJXdi1xZV9jOFBKNFcyaTNHeVNxNExubmhQM2EzMGJTZmJOOGZ4TmtPd0RROHRneS1ZV3dIZ3lmbjlzSmJ5amhLdGRpQ0g1bFNWelo5Q3Joc2xMbTliWnhhSHBCWURlNC1VSEJESm8tWFpmdzNPSFh5LXlGQmNrczRKdGxaOE41Vzg?oc=5,2024-08-09 08:00:00,Tek Notícias,Portugal,PT
Rede 6G baixa arquivo de 50 GB em menos de 2 segundos em teste na China - Olhar Digital,https://news.google.com/rss/articles/CBMi0gFBVV95cUxPNHAtTDU1NmRqX2c2eHJrQVB3X1ZzTFNocS1Zczh6MmEzRkJSWTdkbkZTZ0JTRWt6SlFXWnNSS0hjTDY5cG5kWVN1S3A3LWNUS2Q2RTNSYTdLRjl1V09iS21zS2J0QzRSVTZVeTd2M3FiZlZSaFl0cHIyVEdka3ZGbi1pWWhWbkphN05nSGRpZXFjdTBLTWM5WFN0ZFJ4OW02WngzWEgtS21oc2dadnYxdjVTS3NTVGtwUVpkZ2pzSS1VMlR4QmVNNlB3NkM4d1V4SEE?oc=5,2025-07-23 08:00:00,Olhar Digital,Portugal,PT
"6G deve ser lançado em 2030 com padronização iniciando em 2025, diz especialista - TudoCelular.com",https://news.google.com/rss/articles/CBMinwFBVV95cUxNMUZrbFEweHdwTTlNTThUeDJNdHpvdGxlQ21BX3RNTkFGWFphaVdLLU1IMWw3SjExNHlpdk41SGE4dTduNGszVWp5S3c3SkNTbTdaMVJvb2k2R1JTNjF5djdJR29JLUR2dUw2dmZZdVVfckg1d0pHX3h4Z1pSZHZLVmFvUExIME40WmQycmdPd2QxeFhXdDlSU3ZYSjhPRTQ?oc=5,2025-03-31 08:00:00,TudoCelular.com,Portugal,PT
NVIDIA anuncia investimento de US$ 1 bilhão na Nokia para rede 6G - Adrenaline,https://news.google.com/rss/articles/CBMipAFBVV95cUxPWHNQWHlUc0p4bGFVdmgtOEN3Sm5TME55ZGw4c1hfQWEwZXFWcm0tWC1lRDVNWW5iVFk4Zk9tb21pUHA0RjdKNEpRN0poV3ZrYkgzQWdNVzJDRTgyU2ZNd2xxTjMtcm1Kbl9TZWF0RndHVG5MTHFoVERMY2N1aEtRLTZNMHFTdkpnS1RoWGd6c05WOGp4MDMtS2dET190M2VTZUVNeA?oc=5,2025-10-29 07:00:00,Adrenaline,Portugal,PT
"Samsung alcança mais um marco inédito no setor com RAN virtualizada, acelerando redes nativas de AI e prontas para o 6G - samsung.com",https://news.google.com/rss/articles/CBMi3wFBVV95cUxNdjRLQVBnbU9DYUxWN0UwZ3B1elBmZUFmdER1azNQeEsxQ2VTYVIyMHFxUHlhTS13cUV6UlllSlJNNUdoVy1laUhYaUR0aTRRTVd3YTlZM3RZLW5fN3VLajktbGFhbHV1NkdsemRLaEpncklNb0FiT25YRDR6dmlRNEhyWkZTRGppQURCWEQ5MzFOeEFITEZGNWR2MG9oaGsyTEhXbk1qaVpwUmdlMEdkU19ybVdXOFpZUzlaWGNYbjM1V2tLajZhcXhVQ0U1YTdsNU5hMWt1My1kTkJrMFJN?oc=5,2026-01-14 08:00:00,samsung.com,Portugal,PT
"Europa pode perder corrida do 6G para EUA e China, alertam operadoras - TudoCelular.com",https://news.google.com/rss/articles/CBMinAFBVV95cUxQaUVaWmhwRVBzS2lfZEJvMV96ZXlIRTVHeDlSdksyZk5fcmlWdENBRnBZNzJvTlRpVnlOWXJnOFlldElhWXNqa2I1bEl1aG9qSXgyNU5SLTZtRElkYjB3V3RiM1FQUjZGbW9KdUxXUklWazRWZThxMHpWYWhPNC1paEpCb1VSd29TSWczR25TVVZuRlYwYzhRdWpDcVc?oc=5,2025-05-08 08:00:00,TudoCelular.com,Portugal,PT
MediaTek se aproxima de operadoras para avançar em 6G - TELETIME News,https://news.google.com/rss/articles/CBMikwFBVV95cUxPUXJGem1jWVRoY3JSV1ZoQTU1MnlGVjdrTUlyS0I5YTB5TTJDV0FCQzJRWWsyMWlNOEtidE1jMEdiZnAwRU4xTmJ6M0FLZmVocWZBZ2htMllOWExTWGFmS0VzVnBEbWszWVNPaWNEMjg5T3VDSGVJZUlXeVNCcVBCbzU0TkpGUjNGVVdMZFVvZ2o3eEE?oc=5,2025-12-08 08:00:00,TELETIME News,Portugal,PT
[:pb]SET apresenta o futuro da TV 3.0 no 6G Briefing em São Paulo[:] - set.org.br,https://news.google.com/rss/articles/CBMikwFBVV95cUxONkpqa2FvYk1FVW9CYVJod3VGdTJZVWdwX1B2ZUFBeHo2Y0V4d2N6T1JRdzhDYXlHYTFVRnhhXzc1QXpWdUJVZVNWOTYxM2I2RHd4bVlLTW9YenNBSUJ4aTJ4MHJtdnZoT3VmNTk3aFNCSHRwc20wc1NNcjY2VmktWDBxOXlQYlJENzc4d3lPUVJuUGs?oc=5,2025-11-06 08:00:00,set.org.br,Portugal,PT
"Edital do leilão do 6G deve sair em 2026, diz presidente da Anatel à CNN - CNN Brasil",https://news.google.com/rss/articles/CBMiwgFBVV95cUxQckVHRVZ2cy1HVDByNEp4ajFvTE1rOUpPRlloTmR5OTJWdHBtNzRrdlZoQk5fSlFiQmJIaUVlNFhaOVZORmtxVmVpcGJMVkZrQ3RHNUNocGpjcy1WOW1JVjFqcDh2dXhDUWdNMnpzN2N5WklJSjIwdm4zWF9ldVBFY3NNeHliTk1RbzFIX05rdUxvZVBEMG51OGkxYm5aTW1uby12WnFBbmlBYnNhMl9hYmlyRDFZSUliTHRZY1NOZy03QQ?oc=5,2025-05-16 08:00:00,CNN Brasil,Portugal,PT
CEO brasileiro da Qualcomm prevê estreia do 6G para 2028 - TecMundo,https://news.google.com/rss/articles/CBMipwFBVV95cUxPY2loQ1dtYldaVGFoZFJNWUFJdzBJcGo3WGYtbGdtY2U2QmZQbTVKTGM0UlhWbWtJNmpKZHpZekJkRlZVV1BIbkM0Vm9pbzBzNGF2TURlSy05cWpnQ04td1liUmRCZkg4RlFqOEVranFOUTZtMjBmaGpDRFlRVjAxMDVSOUg4LXFYeXZFVGwtYmhXQUpoVkJnNWJ4ckdmQzlBcEpvVUdsSQ?oc=5,2025-09-24 08:00:00,TecMundo,Portugal,PT
Veja o que muda com a chegada do 6G - Super Rádio Tupi,https://news.google.com/rss/articles/CBMidkFVX3lxTFA2YUpWd3BVTlhTb0I5d20yb1djTFVsY1hpUlRYcmtyOE1kQ2ZManZpT01RV2hVOUw1VlJWS3VIN0lVcWl2WS1tQjRYRmhxYTIycjZxemZNc1dobXk1YWJIQlZQR2N1UjNYTUNGMFI2Z0FkY0V0TXc?oc=5,2025-10-04 08:00:00,Super Rádio Tupi,Portugal,PT
Nova internet promete cheiro e sabor direto pelo celular; o que esperar do 6G - Canaltech,https://news.google.com/rss/articles/CBMirwFBVV95cUxNbjkzWjBKbjc3Q3RSUkZueUI2c2RrWTJiM0ZfM2VyZlhEbFV0amNOZEJydC0zUUdHcnhaLUs4ZHMtRUdWVFJrb2FsRkFqR2MzLUxoNVd6MFJmZl93bVZUcWZHUHFVeEl2RVhNd2RITkwyU3RBQ2xpNFZocWZjYVBuaGZuWEtKQ0x0b0EyR2xHeHpXckx2UlF0SXFXRGtKcWRadlJuSy1vS2hJTDdpYWVz?oc=5,2025-08-13 08:00:00,Canaltech,Portugal,PT
6g bet.com - Prefeitura de Cuiabá,https://news.google.com/rss/articles/CBMiYEFVX3lxTE04Tll2bjFRaG5MaDVUNm9EZG9BSU51c0RHZFNtSWZVWERFZV92VlAwNXZGMWZoZnkzQmtYa1UwU280NW92MVFjdENyQTZXX1E0SU85SGJrcERiZkRJbDBFVw?oc=5,2026-01-23 00:50:39,Prefeitura de Cuiabá,Portugal,PT
"6G começa a nascer de fato em 2025, diz especialista do Inatel - TELETIME News",https://news.google.com/rss/articles/CBMingFBVV95cUxOSER0ZUczSl9LMzhTZTdzZGNBZGxkWDF0V3pIQmdJcUhWOHhIRVZFMVRpZGx4eUdycnZkbzZ2SmRxVlc5ekhsZ3BZMTUwalVuQmo1ejE0bUMyc1NVRnhmdDhEY0N0M3JUVFVscU1Pc1Jjc29ETXJZNFpQTUQ5Z2FtMktGYW01UGd6Vks2Z3dJV0VVelRJOXExOXhKREVsQQ?oc=5,2025-03-20 07:00:00,TELETIME News,Portugal,PT
Novo chip 6G promete internet 50 vezes mais rápida que o 5G; veja previsão para chegar ao Brasil - abcmais.com,https://news.google.com/rss/articles/CBMixAFBVV95cUxOMXFOZ3dBcVA3UWdYY01HQ0tpYlR5NWhjTDJTZjN0NWZ3c2Vqcm9yOVQzN3E0QllySXBPTzdBTDF4TmF2ejV4MFlaLXZ1UldLQ0pueUc5OVpRYlJWcTkyX2ZNWV9mZE1HczNSb3dOY0FlRTVEbzRXR2VBVVViaS00Sk1CeW9OenBrbFhKdG0xM2dlY3pLQWpDMjZBUDlpV1c3amFYS18wRWNIOVBPdmw5SWY4LVRqdVpKTEwtOVJrLVlPaEpY0gHKAUFVX3lxTE1HM2hnM2NLWXVTRklTVTRwd1VaZGxvekFtMTV3TEZlZ1I3WlFLa1p1MzJmMDl2SFNpUU1MSUJYWFZxSWE1V2hxZGppNlV0dEZVV2JiOVY4TlRudURCdjlTQTlvUGhINVZEMzFwMFRuY0llcnV0ZGtyTG5nZTJmWTBwTnRaaWRtNjlpRDJRRXRVM2UyYi1MOUUyeHRjamlBV29jRXcwMmFlbWdEcWptUHllMy1MWEJlRXA4eTNHTDQ3aTRIc2RFRWlVZXc?oc=5,2025-09-09 08:00:00,abcmais.com,Portugal,PT
Anatel se prepara para fazer leilão da rede 6G em 2026 - TudoCelular.com,https://news.google.com/rss/articles/CBMimwFBVV95cUxNTUp1UVZsSzA0ZldBUTYwMUxrMG9tM29HNTM1OEpsdUh5ckd4WGRfMFcwZTE3U2hYMG5HVnJWdlN0dEFlTjA3MGFYNmVuM0NMOGpnSGI3QjkyS0xTTVhUR21QRm13V05oZ2R5Nk5NNVVYMVdwc194SG82QUp3amZMd2V2VUNyOExQZmVKUmpJb0FCMDVKcW40MXVyNA?oc=5,2025-05-19 08:00:00,TudoCelular.com,Portugal,PT
"Com a implementação do 5G ainda a decorrer, em Portugal já se trabalha no 6G - Jornal de Negócios",https://news.google.com/rss/articles/CBMi2AFBVV95cUxOMjZycllUeEZGTVB1aThlNlZtaGtIVVJHQjFvaktzS2dSMWNmaTh0ZXRwT3p3bEUycll2SkFkNW5HV2pnd285ZVlQRmZqaDNmWUg3cnJsa19nUlNvOUx1YThTM05hOWFiWERNal85U19JN2dsVHNFcVdfZ0VsVzR3NjNQampyOXBZSTZtUEZublA0VjBCTU5kcGV0ZExBWFFDSlpMZVNlcWNZWTA4MkJPTkV4VkJFcG1YUUJaNWVfbEg1NzNISTZDSnZEWkpmTGdablB5Mk5DcUg?oc=5,2024-01-13 08:00:00,Jornal de Negócios,Portugal,PT
Softbank e Nokia testam faixa de 7 GHz para 6G em Tóquio - Mobile Time,https://news.google.com/rss/articles/CBMiiAFBVV95cUxPWjNTblA5dVZHWUd1MWVxQS1LRU5zdTd6bkR3T2FqTUJSNm1HYlZsTVhXa1NtbEYzRTRCRlgwNFJwVmxmQXA2S3JncG5OMXZHREdIanA4aWpDVGx6eXdYcUlkRmw0dHRmVGZGUGF1UFpBM1dHWWxxeF9wdWtwZlk5ME1DcnJkaG0y?oc=5,2025-07-09 08:00:00,Mobile Time,Portugal,PT
China desenvolve chip 6G com internet até 5x mais rápida que o 5G - Portal iG,https://news.google.com/rss/articles/CBMinAFBVV95cUxOZmZfc2U0T0xLcEN1OUpvc3NmUkpraVprRUdUS2RiVUtPdXdkN0tQT3phOEdJNTBBNUxJRkEwZzJISXpmU1U4MjRlRG1TUDNLLWZicnZKM2I1Skp6Ync3QmVhLWpycl80NnkyWE9taFdZZzNxMDdkUjVQZkpaLUVUa2RfS1NqMVhWVHg4bnhldFVmRDBCTTV2NlVxajDSAaIBQVVfeXFMTzI4aUlVLWVVQjM5bjRxRlJoUmZiR09KRGVBeC1HbWVfNDc3bk9Yd0JHNWlLU0RnLU40VnQ1NXhQTm1hUTQxN09yWVc0LTJiQXFFRU0xdUNkZUFBeEVLam9Fd0V2NUU1N25RSU9UczduTi14aHdrQzhVOFVETHRoUjJnNFdObUhtbXhDNzh2U1N1NDdaTmNHSk04TEkyQkloRU9R?oc=5,2025-09-03 08:00:00,Portal iG,Portugal,PT
Nokia e Nvidia anunciam parceria para a próxima geração de redes 6G nativas de IA - Inforchannel,https://news.google.com/rss/articles/CBMivgFBVV95cUxPVG9KbGhybTRHbmpyQ09wU3RQVEw4eFY2cXBfd3JxckRmQVlCQTNRMjFDMThtUjJ2QUJiQ1V3MGN2a2c2dmNwV3cxN0NtbHdxV0dPNS1EZjZQUzBLeGRoZlY4MHdlMzVoeGgzODRGYVJRRzZTV2FhWDN0Y0QtNHVmQjBiVVhZZE42SUFKRml3cDdrYkZpd2NQTjRMMVNaRlpZcXJIbG9OMVdCMVVoVkhKVFltRG9xRmpyUE0tUGVB?oc=5,2025-10-29 07:00:00,Inforchannel,Portugal,PT
Nvidia atinge valuation de US$ 5 trilhões e aposta no 6G - Startupi,https://news.google.com/rss/articles/CBMid0FVX3lxTE00bjRhQTI1SUwyRXZUYmdVUW16SGlxQWc1dWp0Z3N5YlBoU2UtN2VvcjV3R1NTckNTcU5nSWRtZ3R6a3BrWlA1X0ZKb1I5SnktU3pQSU80OXQyUTZLWWpDc1MxQmNLRDN3QUlUOXM5ellzQTUzOWFV?oc=5,2025-10-30 07:00:00,Startupi,Portugal,PT
Governo quer antecipar metas do 5G antes de implantar 6G - CNN Brasil,https://news.google.com/rss/articles/CBMimwFBVV95cUxQcXVsZk5IaGVpQWZWUHh4WHNwclE1MTVUZS1pVFVBeUYxNVROMThGVEVtTUcxdFVyWU9ZWlFfTW5Ya29hSnlZb3lpNkpfS05GVXk0VmhzSVl0bWo2ZWlQbUxsSFJkNWlHN1lfcXdieXRtc3A0bEJNVVF3d1ZzNktlNm0wajJheWl4OXFTc1YtMXpySW9CdGlDNHhjdw?oc=5,2025-05-30 08:00:00,CNN Brasil,Portugal,PT
6G desenvolvido na China baixa arquivo de 50 GB em menos de 2 segundos - Canaltech,https://news.google.com/rss/articles/CBMipwFBVV95cUxPTHFUaDFrbWpFX1ZrMUNFamlydGx2NWwzYU01a1VNUGNjNndURTR5eDBaR0h5cEFZM2dHOTQtd1JDMkdYQUlLWUp6bVBEZWJvREZZcUhjcVo5dlhyOEVKNlUzcTdGbnRzNHQ4dUwybU10WDQ0MVYweUhVSGdrLV9vcWpLbng2UFBNNTZPd1A3eDhsSktfcmpCYkF2cEkzUlF6QXpXTloyNA?oc=5,2025-07-23 08:00:00,Canaltech,Portugal,PT
NEC integra rede privativa com foco nas tecnologias 5G e 6G no Brasil - TI INSIDE Online,https://news.google.com/rss/articles/CBMiqAFBVV95cUxObFVKNnRxY3ExLW1MX0RpUk5hMm50VEZmZmV5ODJyTWdldXhtRGZ5NTdOSnA3eGVhaE1QYmI4Tlh0cEJnYXQ0THU4MVRhbG9Td01zcXVaYkFRR2hyQ1hSQlhZUzBqUVp1N0hkRGtocjFnMXE2NmJ4THJuRGFsM3pka05lU1JwY3VnY3ZydE9XOXRFT0k1UGxkU18tV2hSdkVGVjdNejNieGY?oc=5,2025-12-10 08:00:00,TI INSIDE Online,Portugal,PT
Inatel celebra 60 anos com inauguração de centro de pesquisa sobre 5G e 6G - G1,https://news.google.com/rss/articles/CBMi0gFBVV95cUxOR0Nld2xKN1V6RUdEQUxlc2lQaG05VnFQLWFPUkx6Q2Q2N0R4Q2J4TjItSmRfbVAyOW5FR2hvVEd1V2Z3eXFhZVA2ZE81b2F5Vm51b1hERVRDWV9rTzlGeUhVamUyODczSC0xdUg3QzgwNm9EQ1ZieG1MRU41OU5tMUc3NzBrZXI2cTA2ZUJ1Z0VpVnlSVzI2VUc2VEJhdENYcm5VeE1Na3I1eXZDSXYwYmd3ellPbV9iWlNCbWJJNjl3SWRqcEgwUnktNjFMT2pWYmfSAeABQVVfeXFMTlRvWGQ1Nk1UOGRIM0FYOUtGTmdlUWNWQ0dsOEhqRmhKQ2RqdjJ2a3R3NjFBWGpaenZjcGsyckZnZFBzNzdLSE9TSW9hMnBCM3NEcEdZUTVJNjBIa19RdjdiRWtzeC1saXN5SWp3Ni1JQXJRcE52dG1aZXlOa29NVkZJa2JTNmQzSC1PbFI1RkpXNTROZC1xeGIzaU5wa2hzV1lmUHl0QmUzNlluRWN3N0FHdkVWTjNhbmpnNHRlQ1N5QldpWkM2Zm5xbWthNUJFR2tFdTB4M2l5amptRy1Eb0g?oc=5,2025-03-31 08:00:00,G1,Portugal,PT
China lança chip com internet 5 vezes mais rápida que o 5G: veja quando vai chegar ao Brasil - crusoe.com.br,https://news.google.com/rss/articles/CBMiwwFBVV95cUxQelNCSGdZdS1ZVVFjbF8yV3dtZUVCWEN3aXJWZ2tVdDZNa051QUhBQjYxRWxpODBNLWpBdnlWZTBUZ0FCMk5wYXVUSldTdHZnZWNEei1qcXJkOHNsbWxid2lpTHRiX05oWXBzZ0I2cXdwRVlmS0FDOFhEdm4zM3BWZUNYUU03ZWgzMWZGZ2FpbGJwbWUwaU43ODNOOEpCVFF3MGFyTUk3SGJPU21mbHJMQ3d3LTRLaDlwYjA3RWYtdEx3cUE?oc=5,2025-09-07 08:00:00,crusoe.com.br,Portugal,PT
Donald Trump confunde 6G com resolução de vídeo em gafe surreal - GameVicio,https://news.google.com/rss/articles/CBMihwFBVV95cUxOT0FKMElwbUZuM1pOeTlrcm5zR25oZzFlSW1QaE1oVHJwVWp2Y1R1aDFqM3VmUUZfWnZNdE1weV9mcTNxU2VPQ0hKaUNFZHlCTWRubzBjNWk1LTlHOHd2ZzBERzZ6cGl4QklFWC1oQklXaC1UNmd5VnEzRlZCMldrMVVuRGcxZjDSAYwBQVVfeXFMUEQ3dm84NG5jSDNaVzU5QTRTVU45emlheXJnb1B2UHFkS2puUTJhTmFjTlZaZTYxXzNEMlc3M0R2OFRvMDVtVmN4WGQzOVp6UEVnRE9GZTU0UTJJaWUzYkd0aUJieUdEN01KZHkwa2N5WU1qdlZPdXJsWUhnLUFKZUl1YVRCaHVGa1JwUUE?oc=5,2025-12-11 08:00:00,GameVicio,Portugal,PT
Πώς το νέο μικροσκόπιο του MIT ανοίγει τον δρόμο για δίκτυα 6G και κβαντικούς υπολογιστές - Techgear.gr,https://news.google.com/rss/articles/CBMiuwFBVV95cUxPNkM4Qk9TM3ZFTmdBYXV0OFlRd3Y2b241VkN3VVF4M0ZaYlF3Y0pQU2w3RGY3QWlOeDU3aE9TbkNRUHJLWnVhT1hhVThsQnI2bGs3RkhLNExtcEdDRHVqbE1iTW9wQU9tSV9MUU5wX2dSX3FqZ3NDb2V4SzFPOXdxZVlwTjhzeV9QdWVHUGRfeHFIYjFab3YzS3lqb1lHY0U4SUdwMS1VVHgyejVwcGtKbzliekFzOG14dkRJ?oc=5,2026-02-11 08:51:00,Techgear.gr,Greece,GR
ASUS ROG ROG STRIX-RTX2060-O6G-GAMING NVIDIA RTX2060 6G - Insomnia.gr,https://news.google.com/rss/articles/CBMiqAFBVV95cUxQdGZIVDF2MHRyV0tiV1ZJR3lxeW51Y2NzdlBKYVVpMGhvSFAwV3BLUWtNWTRZeFpFWHZETGowMDljWWVjYlVsMF9rT0tsX0plYjU3Zk1xcUhNYzNxLS04YURPX25UdVExbVVTUmhkRXk2TEtRdGZRVXFFWnR0SHMxTnJnd25rYzdIMjhUQVg4a2V1Yjh2bEUxc19VcjljcGVsZGRzMnVld1o?oc=5,2026-02-04 12:34:27,Insomnia.gr,Greece,GR
Η Ελλάδα στην πρωτοπορία του 6G: Διεθνής πλατφόρμα ανοιχτού κώδικα για τεχολογίες 6G για telco cloud - ertnews.gr,https://news.google.com/rss/articles/CBMi1wFBVV95cUxNSzl5WGtZMFZHajNMUmtQa3p0ajBjaHBHRnU2UWlEWjlQQ1A5bkhfV0dlbzItTmlhLVBxX3RNeGFIWHBraXJKTVRERjZCdzVrZmFfcGU3bklFNm1wWGZ4bmlyTnllN3FLRnJsQl95WHZtT0hwTmxNdlNHc2txRld0UWRkd1dUdnUzbkpPd2V0dXNFR1dOanVwSU15dTdkZGZJSzRQbW00VHQ4UHlLanRtX21mcmw5dU9UU3FvNmF1eW1sV1BMeFBienBjNzI0dUIxTUVyM1ZjY9IB3AFBVV95cUxNUHNMbXN0UUQ0QjJDanZPWDVCM2pubkRZWEt2NHh5TTFrbHlRUmNxZ2RaWkdBXzVMTjgyU29FalN5SFVmOFA3NENaaDJTNjBuUTVHQmlXc2VwWnRKSVp1SHFFdDBlMkFCMHJkNk9uUjlpc2NuamwzajRhQ1ZIR0pObjZvczVpRGlsVmJSekx3RmhFMS1xVENfSk1oX1FReXp6SDItMTVDYWJtOWFoc1BLZ0dqVkUzYk9Qdl9xbWhOZ2E4ekxTV1FBOWJ6bVRTQTZ1R3pmc1FGWUh1d2lu?oc=5,2025-07-24 08:00:00,ertnews.gr,Greece,GR
Τι είναι το G στο 5G και πώς με το 6G θα είσαι παντού και πουθενά - News 24/7,https://news.google.com/rss/articles/CBMipgFBVV95cUxPWi1CVXAxN3F0UnBMTURrT2RsRzQ5VWxBUWtQNE5nWWRYYXNldEZGZEdtN1V2dzQ4QXhDbEZpc3U5QXZWT0JHb1NhU1hiaFJ4eVZ2M05ORl96amQ1N2xSNVV2ZmtneGo2dlVoUDBwa1o5WVhPcEJkaVdZM1h4dy1MaWs5ZEFoaWN2cTcxTGkzZFNVdDA0S1F6RVp2WHFCVnd2VDlOMTlB0gGrAUFVX3lxTFBETExBTjNHTW9MeHhLTk16MlZuTlFsdmJGMzR0Z2FueVdhZzBMcklsUlg3SFhPYlEyVXkzb2NFWmFWaU5lQklXR28yd0NpaW40LUlRNWVKcFhZVjdxd2Y5MHB0NnVKVDRmZmw3a1lMTHpGNEJORFp1Vl8yVm5hbUhuc0tQQ3VLVnVEa282Z3NITW8wMms2anQwcWNpZ2ZuMFNzbUs1bVRaakNadw?oc=5,2025-07-07 08:00:00,News 24/7,Greece,GR
Nvidia: Επενδύει 1 δισ. δολάρια στη Nokia για AI και δίκτυα 6G - newmoney,https://news.google.com/rss/articles/CBMingFBVV95cUxNV09GYVRncXRUZlE1Z0dJbzJPZncwNUNVM0o2cWlheVhLZmtPN2RzUlpIeHJsVThrbF9kLUlOSWJUQ0pKOVpoLWJROTBjNXNqcmh1SmRMRlFsWmJiNXIxSmF2SEpVZTlxV1ZuVEpqUFRFRUdyNVlaRTUtUG85LVM0NjNidWJXMDR1LURfcjZBMkRQdlBuOTI1RTlRVU5QZ9IBowFBVV95cUxQa01ObUQwTWZNdXRmQU4yekloUzJ3UHY2Ml9zYk1Lb1pfdVFWaXBmRDBDVWRqSGxvOWdYTDhKQWFtemdNMUlycGRuMzNsZkw2Mi0zclJ3SWdaYU5oQ19PWk5kVFNtc19NQ0owYmoxUi1LelZrbmZ0dEE2ZVVuRzdYRTRDbDZYa2xpcDBNd0ZUY0NEUVRKUEJwRkduU1ZxZm9PVE84?oc=5,2025-10-28 07:00:00,newmoney,Greece,GR
Στο έργο XTRUST-6G συμμετέχει ο όμιλος ΔΕΗ με πιλοτική εφαρμογή για την ασφάλεια στην ηλεκτροκίνηση - Metaforespress,https://news.google.com/rss/articles/CBMi4AJBVV95cUxQTkRLZ0ZMcnFxZEtKNmtSVlozMmstZFp5eTV6bG9nWU5vSUNQOXVCNTFycGhBbFo0Ull3MEZlZTRPNkNsSzJ3dXFtZldVRmtXcURrTHJOcmlQWmdQMFNnaXc3dUt3aFI0TTJmTXNVNm8tWGZoVm5tbVFvMWhGOEJCSUo3TWpnTUdxaXV1ZGYwTzB3dFB2blZmNjdjWkE0RTdJS0xlTGZGVFUzOGlyT2NYOHh6NS1JdGZxTXIzTnd1YzdlczVEYUxndk9NX2NsNE1JMkhEazhwWjJEcHJFcnk4LWZwVmhSLUMtNGdVeTRoVzBtUDh5VzNGZV95amJVZnVpa1RQMXBObjZHNmJ6T1Zfb253VlNPV0JRX3FuQ25DUlp4R09LQVc0T2JMbDAybUxrRlBVWUQzNVJnNk9FNFlvR1BWTVRpT3piN3MtbHdpWV9sVThBTWxSdUxlNV8xX1J5?oc=5,2025-08-05 08:00:00,Metaforespress,Greece,GR
Τι είναι το G στο 5G και πώς με το 6G θα είμαστε παντού και πουθενά! - Nafsweek.gr,https://news.google.com/rss/articles/CBMivwJBVV95cUxNejhrU0xQRWVDOW9HbjJQR3hNV0JRVlQ4dktjNmZDRFI3Ti1OM055cTRIRVlNZVE4dVVNWXBkb3phOGhtaGEtZGhmcEVmN2I1THZQV2pvam8ySGZCeG9iVWJqU01yNGlncUxwTXFOdDFyZThrR3NkVjZaa2ZsRzBrUlBMclRrSFVHNktJZEdTTkNySy1vS2NkZVZCVTV6NE4tdTJSaXphZFlGdVBDajAyWFZoVWxVczV6cElIaGZWZHp4OFFkd2d0NlotX2pFWWhvRVUyeEQtM0RYdC1mYzFjeVpRdmpzYThWN3F5TFJRWlRuUFktMHJaRFFRVUJ2Xzg2eG1aZE1pVGNhYmtrVGZrWnpBeFFnM1QtOFFUUXN1di0tZWhBSkV6X0YtS1d5UER2NzVIVlQzc3hzVmtfWnRv?oc=5,2025-08-08 08:00:00,Nafsweek.gr,Greece,GR
Nvidia: Επένδυση «μαμούθ» 1 δισ. δολαρίων στη Nokia για ανάπτυξη δικτύων 6G - Fortunegreece.com,https://news.google.com/rss/articles/CBMinAFBVV95cUxOYUMtZVpldTlvSUxBanA2Mm12M095aGllNm1SZE1RLUNqaWFTWjRSaDN3MUJPaDhLX21aRDRGYnluRzJDT09hN2pNNVJwS0Q0SGFpV3RJM3lBWTV2VFhaNzJIMDB5NEFHOEt1Yi03ZVpmZkxrN2stSUVmaElwTU5aUktEWWVLeFdQTnJtZVlLSzN5d3pJcGl0bndrblI?oc=5,2025-10-28 07:00:00,Fortunegreece.com,Greece,GR
Το κβαντικό άλμα του 6G: Νέα συσκευή «δαμάζει» το φως μετατρέποντας το σε μαγνητική πληροφορία - Techgear.gr,https://news.google.com/rss/articles/CBMivgFBVV95cUxOYUlJM0E2bnlJYmVfZlFnc21xYW5qVWZ0UWZvYnBhbWJ4dlM1bTU2SWJjWWoxU1VMT29PeWM0R1E3TlZPSmZPT194ZnA2cERmdjNVT0VMVTJFVVRPdTgwbHpYQlRESG9RTTZ2MFZuQ1hWQVN2aDVOeDM0WnJSSnM5N0VpNy00U0VkR21vY2tvNm8zellnUHFOU0pRSHlrVDlaUWEtdlptTHZyLU5SbFh5WUppUTJ3b1hqb3Bfd1RR?oc=5,2026-02-05 13:33:00,Techgear.gr,Greece,GR
Nvidia: Επενδύσεις 1 δισ. δολαρίων στη Nokia για δίκτυα 6G και AI - BusinessNews,https://news.google.com/rss/articles/CBMixgFBVV95cUxPODE0V0V4YU94TXJSaEU4TTk1N3hENlJFR2Vfa3Nna182a2NqUEt1WmFQVmRUQUpBX1ZRM0JyR1pMTzRiNkNkcTE5c040aUdNM0M2aEVnMXVDUHNTY1Q4dWJwbzdTSGhrZ0k5SjNLdHpYR01hREFDcF9LOUpycWpXVDFzZ3BmdHhNNzFmNWpscTVtYUVlYm1kbUgxR2lreXE4S2gzUk90Y3hYbDFBVnp6Z04tRzBJV1ByYmlUbnhMUE5QY292Vnc?oc=5,2025-10-29 07:00:00,BusinessNews,Greece,GR
LG UPlus: Η τεχνολογία ISAC υπόσχεται 6G που αντιλαμβάνεται το περιβάλλον - Insomnia.gr,https://news.google.com/rss/articles/CBMiugFBVV95cUxOc2JVeGh0Szd5OTB5SC1zYUJIT3JLVUdxMW5oc0dFR0txRXY1c2szMlZYczdjLUNpeUV1Ml9YYkRIWkZacmVuZkh3YnFHY1ZYRzV6WXVnb2hKZjlqbEZUNVNNMWdrMDhaaEZEVUo3MnpKUWxpaTh1YTRKODBtZGFBalVsNFBSUzR6eUJpcFpjRE1GWTZ6Qk9wcjd1ZWlTV0duTWt0dFBkckVVNE5nS3UtY3JhVVJmRV9CSFE?oc=5,2025-11-21 08:00:00,Insomnia.gr,Greece,GR
ΙοΤ και ΑΙ: Η βάση των killer applications για τα δίκτυα 5G / 6G - News 24/7,https://news.google.com/rss/articles/CBMingFBVV95cUxOZWxMSFdDUERiMHRJT05fZGFfTmZnR282TnZuaWk5NHVqX2prN3EwOEUtTzdCSWc5VjJnTmUzN2pFZmVES0pUSzlwajFKUjVtcXFXN0J6S3BwTU9VNEZZRmRTamsxdmV3R0UwbEFHcmFpWkdKTHg3VmhNOE0zN29ZaC1Yb2VocUZaUGhmNllWa2ZoejgxV0lFYlRSQmdQQdIBowFBVV95cUxPU04zYnoyYWNlMmRLa2c0WHVndjMyemYyOHJYNkVnQlljQlRYeGJpdTkxSHBjWkpJUXZObzJoMXhUMXR5NkM3VVRrZC1VcTNvcy1tdlZ6ODJpejN4Z25pc1VMOFNWcUdCNnVHWUFndm1CYk5IME1VWHFsbUh3T3VtUFRtTEFPX1RpS1JCTlFaejRUWm1LWU5kTUdrYjZnSG5DVmlV?oc=5,2025-10-31 07:00:00,News 24/7,Greece,GR
Η τεχνητή νοημοσύνη αλλάζει το 6G: Ταχύτερες και πιο αξιόπιστες συνδέσεις στα ασύρματα δίκτυα - newmoney,https://news.google.com/rss/articles/CBMi4wFBVV95cUxNTEx5cTZ0QWxJUzJJcGNnZWhHWFR5SWpWbnF4YzJJV016OU4zVnFwX2NLSFZUUC1WblVkYmtmVmJKNnhHeUt0Vl9kMXYzYWJuWnFvaEU2WHZUUEJXTWdsenpxVktzWGFWdkVoWUkzeURHUmNfLUNHSk11MEdyNDluN0o3eUIwcDhGYzBJTVhzOFp4eVpma3ZTLVgweHRDOE44bkxRTEtibDdMVV9hWXR5ZlRGV1AwOUZxRWU3ZkNrMk12M1dhVmRJUFFRMEhhRk03d3FZb3hid3NsREZOXzhvZ2d5SdIB6AFBVV95cUxOakhsM0tZX25JeUNWRl9USDk5a0F6UUZialBjUlQ3ZUEteHZuamQ4R3EtcnVtZHBaZWs5Tlg0b0FnREVQR1JSVlhCNWdaMk93X3BqRGM4QjU2YjVIWk1mNHlNdVgxN0dvdXdjOFdmVEpqTDhBVTF2b3VrSUhSVXlsNGtfb2R1NUlDYlhkWHkxOXR6czU5SnJEaWxoNUVCSi1VU3FHZ29PWmtpS2JwTnF5WjhBWm5jN2dhaS1UV1BGTkFSb01mU2paTGYzV1o0Vlp6WkVBdEpwdWVwSFpJWDl0Rmh3bmtOUnY1?oc=5,2025-03-24 07:00:00,newmoney,Greece,GR
6G: Tι φέρνει η 6η γενιά κινητής τηλεφωνίας που ετοιμάζεται - CNN.gr,https://news.google.com/rss/articles/CBMimwFBVV95cUxOOGdBbnFrWmZsSWtKdm10eFVLenZiYmkzcDlPT1g5STBLS25KeGtzR0NIUVVORWNZMHRDZ0JNS3hIUVFLR19jNFk2MVIxOTBHYVZ6MWw2eC1jelZwSHJ1ZFdBcjZYX0JhWkxrZWQxbTJFSERxdVJ2NWEyUkEtWVlwdklRV3Bycndfa2hEVFo1cVdQWmVUSno4dGRRNA?oc=5,2024-12-01 08:00:00,CNN.gr,Greece,GR
6G: Έφτασε τα 938 Gbps σε δοκιμή ταχύτητας - Αυτό σημαίνει ότι κατεβάζει 20 ταινίες σε ένα δευτερόλεπτο - Techblog,https://news.google.com/rss/articles/CBMivwFBVV95cUxNMjF4VXZ0N1E0TFJFY2NvU2VuOFFGZnpKNml6bEF4SzJnRWljSzA1cDZqZW9PTGQ4NEtFbnpFN1dJaTMwQmpEZXYyQTViMUxma1plRS0zaWhjQzEwVUFFQmhvSnV5cFlsN0FURS1vOVBIOGk3amNHdUhpTFY1S3BYMG51NnBqNmpBMXB3WnVueXdiM21iSDloWDA0YW1YVms1cEwzQm03YTRCdkpVanlkRFBYeEs4STloSUk2TnJ6MA?oc=5,2024-10-18 08:00:00,Techblog,Greece,GR
"Η China Mobile παρουσιάζει το πρώτο δίκτυο 6G που κατεβάζει 50GB σε 1,4 δευτερόλεπτα - Insomnia.gr",https://news.google.com/rss/articles/CBMizwFBVV95cUxObFVMSHlqQ01pUlItMUxjNzJkRGtJWEczNHAxWllWdWxEM291QkVKblliUm03MU1uNmhqS0NVQ1RocWJnM1hEZ2V5aGRIUnZTNDBJRFVTWGMzRVJmbUNRY3dHNV84LWRhN0JtZGtfa0x0Si1rR0p4VVRidXV1ZURuUFU2RmxvckdRSTFKM0ZPSnNvMmJFVnF1dWVoeUpzT3VZYldoSGtrbFlOcXgzUG5OMU1iS2Z1VThwM2V6eGxCQjg4dUQ5MUVZSWUzaVl2eDg?oc=5,2025-07-25 08:00:00,Insomnia.gr,Greece,GR
Η επανάσταση της συνδεσιμότητας: Από το 5G στο 6G και στον κυβερνο-φυσικό κόσμο με τους «ψηφιακούς διδύμους» το 2030 - ertnews.gr,https://news.google.com/rss/articles/CBMi5AFBVV95cUxQLXVIbkNCd1RuQUN3aFQtVXZCZGxlRlZGVVROMUczd1RGOHBBUW9NdTl4b25jM0ZIaUVXV0NNRXpkZmJxVEI3QUJLR3c5S3ZQREVPVFh1ems5cG93aTUzR3ZDZmxOWFRHdFZoVkpkaU90d0lnNGZYR3ZBcnVuam1uRldQaEVEaEwxNEpSdUpOdzRUVExGRi12ZEstSU5uWXVteWh4RnVQNVA4bjRiN1k0SjZuMWZfVVVDZ0FVMG1zSkpfYjhtV0FJalFQSW1aWHcwREluN1VQMk9HZ1lTSkJOM3NQMnXSAeoBQVVfeXFMUEhpOVAwcldjMmQxM0x2SFhndXEyVnBTVmJsSERfQzlBWHVSX0IwWEwtV3JUOHgzekxldlo4eGFldXliSEo4Um9XRGs0YkZHVlBYeVFVTWExeEpvTDE4LXpUQ2g5SmpWanVCOWhQckI4VFA5dV9KTHVwRmdYR0xiNThDR3dpUUhDU3VKdjhJendVWHY4NkZmajM4aV9SeHdYdUtieEwxa192bEJUT09UbV9qVWhPQjZBTWExd2xKVEptcDQ2ZUJ4a0g1NHhpaVprZ3dXNDVNOERQUXRpck5rY0ZPMDRkX2VLNFl3?oc=5,2024-12-11 08:00:00,ertnews.gr,Greece,GR
"ΗΠΑ και Νότια Κορέα υπογράφουν συμφωνία για AI, κβαντική τεχνολογία και δίκτυα 6G - newmoney",https://news.google.com/rss/articles/CBMiugFBVV95cUxOUUdUUEVrX2lFclY1aHF0aWZuSXRIdk5jRzQ4RXNZbjRTeG94YWt3eHRuTUEySnM2VGQ1UExnM2ZGd2k3aS1jcGJxQ01hYmgtSTZRMmZvc0ZIX3JPT1dhVnR4MzdySDhaWW1wbkJSZTNLeG9JVzg2VzJQWTdMVkRGWTBGSUE2VFUzX0ZGckNXSzM0alh5cWZqblFBVnU5R2piVDJjLWVIMGNNRjNRWFRfV09FRDIyUWMxZWfSAb8BQVVfeXFMTTlFeVJyVURlX1FpQ2VCUGVqR3JTb3Z5eTRRbUtSUHdJVWNIS3ZRTS02VVpaWm9BQW9xVlJvMy1xUEIwTm5tVTRmcVVZUW5JZWxZTk54REhfMTVEMzRYekc5NWZwUWJSU0F1dXJEdGxMT3ZiLXdZZ3RETmk3eHZPbmdVMUc0M0pPXzA4VlJEZlp1TExOVFJMTmhKS2VqeGx0RmVQOGtkbko3VDR1bGF6MTJyZUk2Z1d3LTNTd1oxcXM?oc=5,2025-10-28 07:00:00,newmoney,Greece,GR
COSMOTE TELEKOM: Πρωταγωνιστεί στην έρευνα για τα δίκτυα του μέλλοντος - newmoney,https://news.google.com/rss/articles/CBMixwFBVV95cUxQcmtOd2FjVWQzZEkyNHdzemlKR1NGY0FNTW1BRmVOa1hLTkdweV94ak00LWZOZllXZ3RmVGRGQ05uSmYwcUc4Q1hNQ3hPZUZlY3VDQnB6djFvR05zbG4xMVFHS00xbFRzM3pCZmFUZFJWMFNRLTB1WUtTc1E3TW9JYUxjYWV3MnU4cHFaQndvRlA2LUpPajhyOThFbTNsU3RwcFJmOGVUZ2puWmxhVlBGbW9nTEJtY050M2NqMThVd3FpTHhqWkN30gHMAUFVX3lxTFAwLXdfeEhXVks4S0s5Vklic3RIM3l6UkRiZzFrZ2ktT0VFWUMzNjQ1QzZIRVAzR1JYS0cxN3lteWZGVDRMYThYbHJqZjRBNVVPSHJxNVF4NkIzNmt0LWZlSnFCNmRvbFVMa0lHSkUyNVFGWS1VbDI4VzFlTW1jN2NlZEJhblk2VFZMSGFVYy1wSU1SZTROMXUtaWo2cV9ZRER6TzcyUEVlRHZpcVFvRVBEWHZuUTlCLWZtMlJSamFiSjJyOUVqUTRhU0VPUA?oc=5,2025-05-21 08:00:00,newmoney,Greece,GR
Τα δίκτυα 6G παρέχουν ταχύτερες συνδέσεις με νέα αρχιτεκτονική τεχνητής νοημοσύνης - Digitaltvinfo.gr,https://news.google.com/rss/articles/CBMixAFBVV95cUxNdW1rSGMzOGtXdHJRcG9PeFFaUDduQkhweWpGYm1JUGxmVXVPUm9jSGpabkJiOS03aWRnZ2U5WEV3UG9hTXAxYWZwZDFpSTZEUUppRUt4RnpOTS1WZ1lzQmRaeUtUZFZmMU1QZGpQS1BhV29GUEVUNWRrU2ZEV0ZPd3oyTVVCMUlFQzFSMk41QlhxWmkwSWhVRTBla0FmVGxHYTJta3M5VnhGWHpOdnNjRmdIQXJmdm0wNEpNbmNnam9TUzBJ?oc=5,2025-03-07 08:00:00,Digitaltvinfo.gr,Greece,GR
Νέο ρεκόρ: Το 6G του μέλλοντος μπορεί να είναι μέχρι και 10.000 φορές πιο γρήγορο από το 5G - CNN.gr,https://news.google.com/rss/articles/CBMixAFBVV95cUxOTWNLUWJ5c1dHMXNsaFNmamx4ODVFYnJHdndieWsyTmdUSy1ucUdFanFKaU80TUt1TTFYajFNMUNvZ1dtSUZnUlhBZVlMMWtpQzJIdzVENG1feWhMZzlkQUhXT2E1elZqemV4RTZ2cXlJTVBpOEphSmdJTVFjbmFHSFVpWTVlb1IxMDYwazFLMlJCQndIRF93aVBOeE1wLWRQRVJheHdZN25jWGpoSldsakt1TmlyWmdpLU11NmNRU1BBUWE2?oc=5,2024-10-21 08:00:00,CNN.gr,Greece,GR
"Συνθετικά data, ελαστοκαλωρικά, 6G: Οι μεγαλύτερες τεχνολογικές καινοτομίες του 2024 - Moneyreview.gr",https://news.google.com/rss/articles/CBMizAFBVV95cUxNN2tIN2FmbDlHZzA1Tll0bW9nNVZGUmhhUDVhRjdYeC1xTXh2UDFSbWNZRWwtWDBzNjQzZUU2aHhmVmw0VWN3bTJQLUhNaGhrR2x5blJsX2RiajN4dk41WnhEZGJYNkRUd3Bsck81dE55MDhtcEk1UTZDT24tSFVWaTZOZThLVWRlaXlCVjV0Zm9UellyVUUwQXVieHE5UnhIR2RuZU1Bdy0xVnAxSUZBWkNVT2RlbnpXY1lWVnhEeDlZbnVreW85RUZ0cFM?oc=5,2024-11-22 08:00:00,Moneyreview.gr,Greece,GR
Δίκτυο 6G: To 2023 θα κυκλοφορήσει το δίκτυο νέας γενιάς - Liberal.gr,https://news.google.com/rss/articles/CBMijAFBVV95cUxQME5vaEJzYVFWNVkwLXBDU0JZTm5Fd3pJVHFPbmswdExsYU9rM2R1LUVIX042c1FXNGd3VkZWQnZaRWtVMl9LUWw1NTZZdkJUQzVyY3JvdlAwQ3RTVlhpV1J4UzZ4b0lYV21TMS0tV1RLWnM4a05jQXBOLURsNXpkNWQ4MTcyalVVLU9Udw?oc=5,2023-03-08 08:00:00,Liberal.gr,Greece,GR
"6G: Το 2030 το επόμενης γενιάς mobile internet, υπόσχεται η βιομηχανία τηλεπικοινωνιών - Kathimerini",https://news.google.com/rss/articles/CBMi1wFBVV95cUxPWjMwVHlaeWhRandBOThPWEhZdWlhRVE1bkhyNEdxeEUtaEpnaWU4XzJHb3BuQ0pvbmkwcWxGYU9ydmZaZ29CemlWY1I2MWdiZTZKRlJBcC1CemZ2dk9kM0ZzQkJJYnBZVmd2YURvTHhmZDdPT3dGM0Zsd05aWklQeDJHSHFPTHpWUlhsNUtBUGJwVGF0Y2hOQ2tLaHNEMktrcGFWdU01clZnU0NVNUc0U2VGb2NqS2JIendfOURwcnZXcDBGNEpYYmVYMzZ2Qi1waHNON21FMA?oc=5,2023-03-12 08:00:00,Kathimerini,Greece,GR
Ο Ελληνας καθηγητής που εξελίσσει το 6G - Kathimerini,https://news.google.com/rss/articles/CBMijwFBVV95cUxQVVhKTnN5eHozaUVfY2txMndNNmlVd3FwTFJ4bVltUDhlcVRiT2lFQ1ZJN19DVUtMZ184VHU0UEo3MVI1M3c0bXA3TGVCb2hVRVJsaXdBRVF2MVFqZjNySzBBX3pqRXJSV0djZjFMZFQxbGNMTGg4VzE0S20xQ2tWR0c4ODhFQm5VbFhxbGxWcw?oc=5,2020-12-20 08:00:00,Kathimerini,Greece,GR
"Μετά το 5G έρχεται το 6G, η νέα γενιά δικτύων - ertnews.gr",https://news.google.com/rss/articles/CBMikAFBVV95cUxPc25UeDlNaGxhVGVrTWhLRW9EY3VHY3ItREQ5ODZERVlHRVJodThsTHV4MExCYl9rdzN3alVCdlEzZjFNTTRCUjRtSlJDNllRbFRIZjhwYlFsVXJEZGFMLWZSUUFITzN1TnE5V2szM0tkU3Y2aUtLNUEyZEE0UmJtWVFmeDRpVzhaYTBuQ1pNUUrSAZYBQVVfeXFMUG51T21hc3FOd3NpMHZNc2pIWWxiSzZXNjVsX0xoT0xZc2NxNG1XRFRQaWZhaE1INjcyVFVOUE1vSERuTkNaLWROV1NvOGVFcVRPbW5vOEVRZUh3ckc3aUhKTHlZbDZwTUROUVpYMVducFY2Qm9NTEtjLWk1UTlCeXBhYjBWWG9ucFgzWXV5TV9LMDE3b1p3?oc=5,2021-02-16 08:00:00,ertnews.gr,Greece,GR
Από το 5G των επιχειρήσεων στο 6G και το Διαδίκτυο των Αισθήσεων - η ναυτεμπορικη,https://news.google.com/rss/articles/CBMisgFBVV95cUxPeURBX1RLdnZHQkJKSWdJWFdnaG9OSUJfTWhRZ015UGZaSGRvbVZhVDZuVVNaNlFpaGNWR1Vkam9NSjFLY3dLZDRLM1FremtjVW42Yk9zY01rblB0aHZiYUNVWXE2X3h4VmRUckJSN2hqVGdZU3hwXzF2QTY3TlJMX05qUGlxUUE5QWx5dDhrVW53Y0EwbGYzQ3JTRGltc3ZPdjRnbGpZTEVaZWJJRmtQYkpn?oc=5,2023-12-29 08:00:00,η ναυτεμπορικη,Greece,GR
Δοκιμές 6G δικτύων στην Ευρώπη με τη συμβολή της COSMOTE - newmoney,https://news.google.com/rss/articles/CBMitwFBVV95cUxQWkVSeGpiMlRuUi1ldlU3V0tfZXZfRnUwSll3TTkxM3c4dGZwalFvVFRGYjhORFJ0Y0twR0JzSjRiQ3Q5U2xzcVZFRTlZQkVXd2tVSlZXUlNuRC1JTjNHVmFWZGNJeUY1OWhBdGEycXZWWXRzQ2s3UWJBTzFORjRZX2hvOXp0YTVtZnIxQVRYaUpIUU82Nm1tMG82VWlPWWVzYk81UENRX0VRSldtT2IwNm1XY0pEQ3PSAbwBQVVfeXFMUFZhZ1hHTEgtRFZ3MmJteWtYbGE0cU9Nc25XcWxKNWxqQ3REaC1KaHhrdEhWWWdmX2R0TEFVbmNoT1dObDlzTE9Oc1ExWVRNOW9vRUNSWDhyMVgzbXJ2NWhLdHVOaVptMzdCVlBBLVhFQkVKelIyWl9tREhlMjAyaXBnejBjTGdIMGJGa21uTUtGVUpOcnJUNE9weGpYS2kwYWJldTdxc2xtaVJUT0xMQ1JHRGloN0U5LUp6TEc?oc=5,2023-07-11 08:00:00,newmoney,Greece,GR
Ελληνική σφραγίδα στα πειράματα του 6G - Moneyreview.gr,https://news.google.com/rss/articles/CBMipAFBVV95cUxNc3NUOU9ONUdxZVItRGdXRm9LckQyaEF6Sy03UTdTeS1HdzNOMmUwSkJNX0F5d2tPeFZ0SEtTQlJablV4dlYyVHp2QW10TmJsTjJGSUVCUmZGQ3lyRWNMYmNsZXVTSmdoVGNoeEhOX2JBYmxjMVN0QlhYaGFjNkw1LVN5UXl6X1JGNnByOEJyQlhkTkVjc29IejVlN3pvWlBfTXFxMQ?oc=5,2023-02-18 08:00:00,Moneyreview.gr,Greece,GR
Η Nova πρωτοστατεί και συντονίζει καινοτόμα ερευνητικά έργα της Ευρωπαϊκής Ένωσης για Evolved 5G και 6G υπηρεσίες! - Nova.gr,https://news.google.com/rss/articles/CBMi5AFBVV95cUxPckhQWHAxaWVvNUpDMEg2b2laVDRpNURlM1NCWWtNcjZleHloblM1cGtqTE1td2w2TE1JdTN0bGJQSVJ3eGQ2TWFvMmlMN2t5T2Z4ZE0zREdiMUdoZHpiWldOZjIxQ0x6Q0RiQmM4dTVQaUlUU2k1TTgyV3RVM3JkZ3VRRE9FRy02OWNGNHl1bTM1Rk5WR2VNYi0zcDJoTWladDJmYWJPMG0yblAtNXItbEd0Q0RyT3c2STBQWng0ZTl1U2ZHaDU3NVR6MnNpX2Q5amtGSHBNLUl4cUo3SDdob0djWVY?oc=5,2022-09-22 08:00:00,Nova.gr,Greece,GR
Παρουσιάστηκαν οι πρώτες τεχνολογίες για τα δίκτυα 6G και 7G - η ναυτεμπορικη,https://news.google.com/rss/articles/CBMirwFBVV95cUxNcHIwXzgzdmhITDJHaWxZNlhBaER4Z0Z5Vi1RZjFydldabzQyYnNlUUE1MldLU3JxMVFxNXZUOHM1d2k3N2llbmdUcWVFalRFMGRNRm14RjUzY05FUFRxbWVYajlrZDg2SGdnQ0NQZDd2U0xKcGhwRkpVNE9zY1V6SFlpZXcyZnBJY3hJd2F0bS12b24xYXhNVW55WnRud1VlR3Qya3ZPd0ExeGF4bDdR?oc=5,2023-12-18 08:00:00,η ναυτεμπορικη,Greece,GR
Τηλεπικοινωνίες: Ποιο 5G; Έρχεται το 6G το 2030 - Economy Today,https://news.google.com/rss/articles/CBMinwFBVV95cUxQNWNucUFsQmdLd0w5UGlVT3daaDNvSDA1ek9LZUpYNTJMQnhLZXgyTnIzMWhjWERfNmpFYlM4SDF5dzhpUG9uOXRSeG9Xa090U3dMQUZkRmFydmdIRENWanh3LW94UTNRSkxobmFycEdVMlBLZlZrQlBZMnZBQ01JWHlpOXdfTUxWODNPVkM2VXczUzRJYnhwRmxPU3dfck0?oc=5,2023-03-11 08:00:00,Economy Today,Greece,GR
Το άλμα της Ινδίας προς το 6G: Πρωτοπορία στην επόμενη γενιά τηλεπικοινωνιών - Η Σημερινή,https://news.google.com/rss/articles/CBMiwwFBVV95cUxOMTV3ZzhCaE5kZUZPMV9VdHZ4a0ZyUHpGanl2UUN3LXpDNzZCaV9qUmU5dklJXzZlTlRKdUNrN3dJc0swWl9RX25CNHlPWjNSX0pnWmxXeUdXMXJTbld1VTZ3b0ZwNUQ3OTRpcS1WT2xsRFkyWHdhZHRlelQteVVuXzh3VV9XUkhkWDZKWDBwd2tuUXRmcTBKSnFjYV9haEFyOXJzMEdTU0N3bllRWkV1R0RQYjFOM3A0bzB3R0g2RDhDYzg?oc=5,2024-06-19 08:00:00,Η Σημερινή,Greece,GR
Δοκιμές δικτύων 6G στην Ευρώπη – H ελληνική συμμετοχή - Οικονομικός Ταχυδρόμος,https://news.google.com/rss/articles/CBMikwFBVV95cUxNN0hCZjdZaXZock5HTnUyN0hnaHhBbHFkNWlXd3Y5bmx4NDhhRzZOalUzRkZNN2JONFhHbWN3dUNiZ0dGNi12YnRIOFNEQWxWR0U4b0FrWW5nYVVVNlljWm9aX2hTcHlnU2ZnWW9Iak9LV0FCQnZuS3Q2SjBkSHJiMV82emdoWFNMYk1Lc2dkS3pYNkE?oc=5,2023-07-29 08:00:00,Οικονομικός Ταχυδρόμος,Greece,GR
"Ξεχάστε το 5G, εταιρεία τηλεπικοινωνιών πραγματοποιεί μεταφορές δεδομένων με 6G - City Free Press",https://news.google.com/rss/articles/CBMixgFBVV95cUxPZDZVRVZhcTV5bnl6SVlhT1hXa2V5cU1NbzV3TF9xenYwenpaUWdYdnJlMzRidW5mdG9JR1NRRFZIbGhUajhXYks3REZ4RElRVDhrWGd4MzRyTEtGd0dsdklqaUlVSXdMTTRWUmViX0p4ZW9YQXJmMUExX0RFSk1WdHNxOGZ2a3k5U0ZQb1ZKem5tWGoxVE9OdWktaUFRZVpFNGlQNHNzNzYyQVlZUEJnZTFaMHMzT29pOWtIeFdueTdQektoYmc?oc=5,2022-09-15 08:00:00,City Free Press,Greece,GR
Beyond 2023 – Michalis Matthaiou: What 6G will bring to our lives - Οικονομικός Ταχυδρόμος,https://news.google.com/rss/articles/CBMirAFBVV95cUxPOU01Rm5sS20tVGwtZmJxWnZNRDA0Yi1fazlGamNHNHNrYzI2UW1KMURZaGZFMjM3NXdzSTlfRlRRZmR1dkhfN3Z3MkZici1aZmo4TnlydmVhaC1GaEpheHlxSnZtV19yZ3NGeEVwQXhEWl8xclBwYW82aEtjQk9FcXBtcUFibGRkRXVqSHNBLXlEQVd3NEdNQlY2c2pMSm5vNi1TYjk5SW4wcy02?oc=5,2023-05-26 08:00:00,Οικονομικός Ταχυδρόμος,Greece,GR
Beyond 2023 – Μιχάλης Ματθαίου: Τι θα φέρει το 6G στις ζωές μας - Οικονομικός Ταχυδρόμος,https://news.google.com/rss/articles/CBMioAFBVV95cUxQU1BNaXptQjdUWWtoYWd4bXBnc1FtWUhHUHI4RTYxV3hqQTNUdXJDTVYwcEpldTh1cXVfRnQwUjhEN2tPSHFpcXJpSmRfVUhXeGlua0w2UHQ5aTVsY241eUZOcENEY0VhbE8xV0pyQ09VRjVmNlUtbFJfQXlTSlE5UXdoTk9ldnl1UVlLMHV5cmdENC1WSTdSWm9lYWlkRTFi?oc=5,2023-05-26 08:00:00,Οικονομικός Ταχυδρόμος,Greece,GR
M. Mατθαίου: Από το Internet των Πραγμάτων στο Internet των Πάντων - PowerGame,https://news.google.com/rss/articles/CBMisAFBVV95cUxQQ1NtakNQWFF6bXVMcWRKQVdBelFGQk5yT29OUlprV0tNaHZLVDFSVmZPUG5ISlJKRjN3WWJUdXc0UDJXYmRidy01RjdlZTg4M0dWZVhxVnFyMjBaRVN0eTZ4dTJwZUZyWE1ic1dLZUhtek9FcV9YenFBeUk1eTRhUkZJQ2Z2MzVoNFBGN2xJRWZoOFJsZ3dzTEdjbGs4TDZLS0lRaFdUNHpqeFFwSllfWQ?oc=5,2022-09-25 08:00:00,PowerGame,Greece,GR
Η Κίνα εκτοξεύει τον 1ο δορυφόρο στον κόσμο για δοκιμή τεχνολογίας 6G - Η Σημερινή,https://news.google.com/rss/articles/CBMivAFBVV95cUxQWm83SWRVLXNkRHNFaDNlYWxNeGR6VnhNSkFuckQ2aTEzbHRpS0h4YURUcDdFaUlVUXFGUXZWalU2WXp5WE5iNThjamk5QVVEY0o5Ym9hSXUxSXVmR3JVT3BRTUtNQ0FYUUFzZU4wTTFrUm04TGZTdzNKNlNTemZLdUR3VlJxT1pKR3FtdlBOUHQyZTNzNWRoMWFmVVBiNmxELWtVZzhRdGRldmdjUHBkbUJCX1M4QVBNRmhuVA?oc=5,2024-02-07 08:00:00,Η Σημερινή,Greece,GR
MSI GeForce GTX 1080/1070 Gaming X 8G & GTX 1060 Gaming X 6G - PCMag Greece,https://news.google.com/rss/articles/CBMimAFBVV95cUxPcmVyOXJKS0lxc2FINy1IU1o1bEM3Zl9ZcUV2MktacVZ3WjlmRy1uckRFUW1UaTd1TV9wNGV5VDZZOG15ZEZEZFlLSEZLMTVkZEx5d2RuY2xPNklwT1ZIck92R0phVHdILXFKVUg4ckd0UlBlNk8xb2FDYzNpZEgtWHpLUFNOVEktSFhSOFpRM1gyVmEtRHNrNQ?oc=5,2016-08-05 08:00:00,PCMag Greece,Greece,GR
Νέα κεραία μπορεί να ανοίξει τον δρόμο για δίκτυα 6G / FOXreport.gr - FOXreport.gr,https://news.google.com/rss/articles/CBMimAFBVV95cUxNcFhLVnMyb24yd0Rsd0lzMnM2ZHY5OEZPWUt5VzVZa2hMVUItUkFkRHpZc0hHMFlYU19RdEtKRmJFVDUyNUx0YndJWEN5MnVQRHFRZnRTVHBSeGdPR0VWUGRmZF9yZFJfVHFXUjk1OXRzMVh0c0stVjFDVzZISU9LdUMyM3JHOC1meVdQVjBFalVwMlU4MTMxdtIBngFBVV95cUxOYXYxM2FlU3ZTUk9ocWV4ck9iajkwWnU0RV9hUGttaUZ3Tmk1VjhhX1ZNUlJobGh2Q3FjWFBxTnhMbk9XUmtpamZ5UUhPWkhMNTh4UGVYRE1KYWdpajFTZUpuNGwwVEhJdkZ2NjdGNzdMMXJORjRTWWU3eHR1UG9VNmdxQnBvT20tbzVpY3RhQ2t1ckc4UzhRUkxIWFAyQQ?oc=5,2026-02-10 09:31:03,FOXreport.gr,Greece,GR
"Chips Act, τεχνητή νοημοσύνη και 6G: Η Ε.Ε. ετοιμάζεται για την «επόμενη μέρα» - EL - Αρχική",https://news.google.com/rss/articles/CBMilAFBVV95cUxNVTB1bmh2SEdHRGN3NmF4S1hiSFFSNWp4RURtLVhXdGowQlFVQjg1ZlF6NjVQZ18wd0lHeWd1TXBheVBweFpCckZQc09GVUpZU0RCdW9tNlV6dldYUEQwZ3FTY2VsYzk5by1IUmF2TDZqR1hnNndCMTdZVm9NdmV3b3NndDlHZFh2Z1kxSUw5MTNSRVcy?oc=5,2026-02-09 15:39:46,EL - Αρχική,Greece,GR
Ο Donald Trump μίλησε για το 6G και έδειξε…ότι δεν ξέρει τι είναι! - Unboxholics,https://news.google.com/rss/articles/CBMiqAFBVV95cUxPNmhlQmpkTUkxMnR5emY1ajdPdE5Sb0FWT1NsWGFFZ05xZWhsVjFBNnFrZTBWcDVWRW9kQUhTQklHRngwZnJBeFpYRm9mUlNUYVpTV3VGTVJ5Yll6eE82S0pQV1BrelBDR2xUdlZSc3ZsVFF6eDJycERibkl3RWZGQmpzNXUzTHlyaXhWRTIzS3lnOTdNYlJzd2h1RDA2aVlLNklTWlhEWms?oc=5,2025-12-12 08:00:00,Unboxholics,Greece,GR
"Amy Wettenhall [Infovista]> Το 5G απέτυχε επενδυτικά, το ίδιο ρίσκο για 6G και η Τεχνητή Νοημοσύνη - kourdistoportocali.com",https://news.google.com/rss/articles/CBMizwFBVV95cUxQMzNPa1RRdVBGdlQwRFVjaHJiZjZIajlybzRtQVpIU1BuWFVib0lJaFgxX0hmQTVNaHNpS29Rd1dLTlh0elZEbXkxQ2YwQkUtUHFReHVMWnN1UXVVQmlQaUh3QXNCZldsWXFSeVdPdXFRTDNabWhvWVFlV1ZvNnBsM3VuUzV2aVhSaHZ1RHYxcXZJa1FOQlE2TVZzenJON2trUjJtNHNlbVFGZDMyeG5yWGNDbXRRYnRMS1k4ZUFUWVJoY0ZpUEFaWmhOcHpOakU?oc=5,2025-12-09 08:00:00,kourdistoportocali.com,Greece,GR
Η Nvidia επενδύει $1 δισεκατομμύριο στη Nokia για το δίκτυο του μέλλοντος - Unboxholics,https://news.google.com/rss/articles/CBMiswFBVV95cUxPN2kydUxjd3JIcU5TUlJlMmktbmV2TkQyXzRoNjdTYmtJNUZFMUgyS1lDc2NVUDYwRG15RzVDb0xza0ZIQkhBendpRDNSMDBQcVAzUUJ0TVcxcy14bER5dFhORUtreUJqUXNUZS16SFp5MjFpSUhRbHhXcDZHUExONkR3VFhUNFpHZnN2X241dDRya0tkMjVCLUhLRjJfTHZrdjJXSGs5bk5pZ1pTUS04UkFtbw?oc=5,2025-10-29 07:00:00,Unboxholics,Greece,GR
Η πρώτη 6G συσκευή είναι 500 φορές πιο γρήγορη από ένα μέσο 5G κινητό - Unboxholics,https://news.google.com/rss/articles/CBMirwFBVV95cUxQSW1lZnFLMFBxb2g2NUo5X0FOVGljaWNhY2NibF9GY1RobXpBWF83eDkwWGlnUDhQV0xuVkk4Q25UdDNrOGk1VEV0ckxrVU1fbUZORmIteGE5WTMxYXhaREVCRUpZemNoTzFhYUpWbTU2Rm5sWU13VEtQcnRpbXNpX0xIU0pmVzNOYTFQT0FxX01aYkVSMmlYWkp1c1RpRDVQb3lWNmpQVWstOU03aGlJ?oc=5,2024-05-07 08:00:00,Unboxholics,Greece,GR
Από τα δίκτυα 5G σε 6G – νέες καινοτομίες και πότε θα τις δούμε - Xanthi 2,https://news.google.com/rss/articles/CBMivgJBVV95cUxQZWhfbzV5MnBQUVprMHg4T09Sc25BMDdDQXZDMWtjZmZ5MWk2aEtOQVBSUE1UeEstazdFWnNINkFkNG5rcWthYkhCa2dfZE41RHVrUGpuaUlPZ2ZndXNlTzE0MXI1NjVtc25qb0xNOTJqMHpIZnVfNGc0a0M3dDcwbG1pbFlJUmxvWHNyUUJkSFBlSURWaUNkOFdTWVd2eUVUM1czd05KUXJKTmJxanN3STk0dmtucmNVUVgwY1Q3cVA0QjJpQnVtS1kxLTJSVEcyLVNrdnI0WXVyUnM1TWlMVm9JQkhFRmhDQ2ZjcndOMUY4a2FtcmprZDV5clAtc2VlZENBQmpieDJJeWp3R2RmdDNLdklLU1l0NFdtSUUyWXJVUEp3MDNrRHVKdndBVjREelVKZWFfcmNIX2gyeWfSAcMCQVVfeXFMTTE0RkFfRmJIZk5KWklueUN1akxFNG0wZ3VNMDY2NGRZNlRFSEpLUElvQUVWVHhVRzhPTTNyQUxrOFRrM2hXdlJHc2VYbjI0Sk1aX1Y1S0FpUUo0V3M4dGkzcmZHcEhzUXFrVjJqa3VSMEdpOXRWbmJzUWI2dkNsZmtXTmRTSmtXSG5SU2lIVjBNSnVCNE5DeGxZd2hRLVBHd2RqU3pRVVRlOUhHbjlNaUlJOG9jdFJESzFRcm54LS1Xb2txXzRtcEF0Mi05eW4xRDlzRTk4ZGp3NC05cVIwS0pzWnZ1bW1ZZ3RoTGxHRWJMYk9SZ3FqbnF6ck13LVBRNE02ZUtKcWFTME9RQkhKQ0JocHJ3cnl3Sk1lS2Q3dEVBcm5lUE1JVGo4R3VLQUtJTm45blhhTGZTbVVTb1BDLWx3ZEE?oc=5,2022-01-19 08:00:00,Xanthi 2,Greece,GR
Η vivo αποκαλύπτει τις δυνατότητες του 6G - xblog.gr,https://news.google.com/rss/articles/CBMiU0FVX3lxTE96ckU0eU4tT2ktTUdKelV5alhKN1pIUmN5WlE3UncySENvWHhCeWp4T2xCQWlwc09BY2NqcGc2S0RLYmFkUllra1B2T1pucjJtV1ZN?oc=5,2022-08-04 08:00:00,xblog.gr,Greece,GR
Οι αντιδράσεις δύο συντακτών μας που βίωσαν το 6G! #Allou! - neolaia.gr,https://news.google.com/rss/articles/CBMihwFBVV95cUxQWVY1MmpZdFMwYzY3RXNHR1A2R3d1ZmFaVnFGeXJ1S29yYS11d3k5Qnh6OC1Gd25XTk5GS2RSUVEzbmVpWXJhZnJ0ZVFEb1FIREdPbkZSUnlXak1OSUR5d2NMb3RtOXRlYkd1N21DMDBCMDdpdDUwOXpFdkItenNZc2kxVkRLLU0?oc=5,2014-04-24 08:00:00,neolaia.gr,Greece,GR
Αυτές είναι οι 14 τεχνολογίες που θα αλλάξουν το μέλλον - AlfaVita,https://news.google.com/rss/articles/CBMimAFBVV95cUxNRWx1OEh5cVRJXzVNNm9Ha1VQSlB2M2Y2cnhHc1ctVG91YlB1TzNNeWZoaGhSNG1LZ0lmdGJmaUdSZS04dEY3MUt5aW1aOG1QRlRFUjhrWWV5VXZ0OUhoSExZVHBhdHlpUHY1VXZUSkVpSld4eWJtVTlaWUdoa1ZHaXl4VnRQd2JYOWlqaVgzQlRXbUpKR1laSNIBngFBVV95cUxQemdrc2w0X1N0b1ZsUDljRVo5M0IwT2VWbmhIRnZZUTJ1cWlBU29FSS15Wkoydmw0Q3RwTEY3RHJxSXphTVk0VDBHeGZJeHhNWm5HYmZPWHJYM3FZeVI1OEg0UjdoSDlHV1VjNGZrcGp3RW05bWpmcEJFd3UxV0dNSkdVYndIN0J6a3Q5TzlDVVlVV2dPRjlSYmtpVFJTUQ?oc=5,2021-09-17 08:00:00,AlfaVita,Greece,GR
Takie będą anteny rozgłaszające sieć 6G. Naukowcy już wiedzą - Antyweb,https://news.google.com/rss/articles/CBMiX0FVX3lxTE4yS2NlQi1oSkNPcEdTWXhSb3NWaGs1bWFsS2lpc0pkVFZWSGl0ZTdyYXdDTWQzQUJzYjB0clR1MUozeWJNQUhFbkNBakJFRzB3UW84WnBha3R1eTBxTjhV?oc=5,2026-02-10 18:30:52,Antyweb,Poland,PL
BRIN rozwija anteny do sieci 6G - moja-indonezja.pl,https://news.google.com/rss/articles/CBMib0FVX3lxTE13VlpkNXRWVEVPRUhLcElJYTNEX2c4MkQwdmxaRVduUWZRRkZkMURPaTRjTmJDOFZlSFIxd2ljazZvTE9NQlBTWHpRMXllcDRrVHVDa05tSzdnRncwTkRya2hlYkxsMmJvRk1GRDBOYw?oc=5,2026-02-14 12:20:54,moja-indonezja.pl,Poland,PL
Koniec 4G jest bliski? Ericsson podał datę nadejścia 6G - Telepolis.pl,https://news.google.com/rss/articles/CBMif0FVX3lxTE1idEUxeEV5bVdtRkxVMTh1dUM0MHl5ZzlsUUozbnV5YTdITnNzRkNXNFVQV2RpTi1RbHF4cWx6MFF4cm5OTlhHLXp2aVZpVEFEak1BMlZTd1NSZXJ5NmhoWjM5WHlWdDdVZHF4eGVZbjlEUV92TlVybEtoSEI3dFk?oc=5,2025-11-20 08:00:00,Telepolis.pl,Poland,PL
"6G to nie tylko prędkość. Qualcomm buduje „stale czującą sieć”, która da kontekst agentom AI - iMagazine",https://news.google.com/rss/articles/CBMivgFBVV95cUxPWjc5TWw0V3otVENuQlk2RXhnSmtiQ2FWSzF4M3FzWEpLT2pVOXVLRlp5X3JoNm1KN1N2bGN1TjgwMmUyOTh0VHFKMGRsN0hrbVZtMklxUFlPTWtKTGtJajBJRmxXNWtIZXJMY0lOOFYzLU1vT21BT3FDcG90ZEM0RVVTckRyWWxzR0VHWXoteDlSQkhQSE5JeEJCMk9qR1Axb245eUVVMTZwRTRXM2NqbVBlYXFVcXczX2FCbGtn?oc=5,2025-11-15 08:00:00,iMagazine,Poland,PL
"Trump powiedział, co wie o 6G. Było mi wstyd za ludzi dookoła - Spider’s Web",https://news.google.com/rss/articles/CBMiYkFVX3lxTE9QenBpZVAzUHZuZjlDcTRQSVlDbTladENwUHZhSXBWWm5VZFUtS2UzR3JOeEY5OGdBWHlvc29JMTFTcG1oZ3pldngzdzFSODI1MHJYbVdKUi1veDRrUDF5RF9B?oc=5,2025-12-11 08:00:00,Spider’s Web,Poland,PL
Nadchodzi sieć 6G. Naukowcy zrobili przełomowy krok - Holistic News,https://news.google.com/rss/articles/CBMiggFBVV95cUxOU05lNXltN2tPakh3OW5MdGt2V0psc1BDRjJNbzVvRG9EeFFZRVRpc1dxSDFDUWd5b1QzUXdxV1dGMDdRTmdmQUdhdnNQRFA3MjhnR1lab2hDSHViWnhlblo2UkgtYVdPek5EaFlQNzFPNUcxaG9NZ0JWMDNHXzFxS1dn?oc=5,2025-11-09 08:00:00,Holistic News,Poland,PL
"6G zapewni 100 GB w sekundę. Chińczycy właśnie opracowali technologię, która zrewolucjonizuje świat - ANDROID.COM.PL",https://news.google.com/rss/articles/CBMib0FVX3lxTE9PYlZEMVVmWW00MUQwMlk1SkQ0NFVTWlFsUzF3LU5Cd2lPcmZlVlZHRHpkc1ZBdEJsY3RGbFZENk51WnhYQy1KZF8tVnhCbV9nYm95ZGV4YVVWWE9udVZHVFZEbTYzTGpoREJTTDNaRQ?oc=5,2025-09-02 08:00:00,ANDROID.COM.PL,Poland,PL
Rok 2026 będzie początkiem globalnej standaryzacji sieci 6G - itreseller.pl,https://news.google.com/rss/articles/CBMiigFBVV95cUxPdlVFOUVjMVExLXJQUm5DQWJybFRQZnZJNXB2NmVhREFwdGRRRmROa3NCX210QzVqeWU5UTJ5TGZBOTFvSkZMMnNDbmtVVF83QnFUWktCUFZtRHVQd29LSE5vaFFUbkN1c0EyNWlmZXozQmU5SkpOWC1UeDhnMnY5RW9fOGJwcmRxZ1E?oc=5,2026-01-12 08:00:00,itreseller.pl,Poland,PL
"5G już nie wystarczy. Inżynierowie pokazali modem 6G, jest setki razy szybszy - Geekweek Interia",https://news.google.com/rss/articles/CBMitAFBVV95cUxNZG40WXdTWnVNR0l2UHJ5X2lxRVFGSUo0dnR1eXdva2ctWWhIQjd3STFyeWtkNDFrM2ZfeFg0QUZaTUNDbWV3Y2FNbjROMzdieldzc1EzMzNGYzlpWDJaV3Y1Q0tJMjR4WUxwTTRhdzAzaFhkbjZ3TGRDcUhOTHFNNFFLU0lyVXQ3T1VmWnpNS0JKNmtYUFRMbUlfX29rWHpYb2EwMVAxYVBHWGM0cmM2RVZ4dDY?oc=5,2025-09-03 08:00:00,Geekweek Interia,Poland,PL
"NVIDIA inwestuje miliard dolarów w Nokię, by przyspieszyć erę AI - RAN i 6G - MamStartup",https://news.google.com/rss/articles/CBMimwFBVV95cUxNd3Y2RERzZEVhTnBYMVVCc002ZXFDSXZVbWM0MGRhQVZKWFRxYmROQnNueDJZbWxPQlZDR2N3V1lFdEQ1QVhVT0lnckZtaXRvY1JVeDhnUi1uTXlPMlVQNFhkek5tWFFGM2R5X3I0VDRoT2lWQk5XajFSbU1IYVlSSURBYjZKcHM2eXdvNmMzV3NLaTFkejNZUURLOA?oc=5,2025-10-29 07:00:00,MamStartup,Poland,PL
Wprowadzenie 6G przyniesie małą rewolucję. Maszty 5G mogą zmienić swoje przeznaczenie - Komputer Świat,https://news.google.com/rss/articles/CBMi5AFBVV95cUxQTmNJUlFRVjV6VVlMWE5hX3hKTGVLVHh3V2otd1NReTNlcl9ONVZrZW0tUGhSUmRUODdjR2g1enI3MUwyOVJ2OXpWY3RIaDJtZVZCNDYwYnBPQW1odXIyUDYxLWdJUXY3ZHpGQjBEYjBHeklnTThZMXZ4eW9Gc1Y0bWFPMUllcXZVMFlHN0FzX1ZuMGtFam96bjV3dktlRmVPVnZWcjhzdVYyTUgySGVyQnJ2MG95bHR0V2c2Vy1EZ3dUWXE5a051My1sZlR0MFl0NE9GcTMzbHNTVFphTnkyNXAyWGg?oc=5,2025-11-18 08:00:00,Komputer Świat,Poland,PL
T-Mobile już pracuje nad 6G i to w wersji 3D - GSMonline,https://news.google.com/rss/articles/CBMif0FVX3lxTFB1S0ZMWmdjRFhFNDRqV0I2T1c3dlNSd3JQT3FHY01ielVvTllrSzEyV0lRMWxqa2R2ZkxIVXYtNjZKMGVITWFndGc1eDh5ZDlyZXJuQ0dxLTlLSktzSXhhU2tOZ3RseFRtdl96TElfeWhpUUE3NWx0NjlDaFRUb28?oc=5,2025-11-26 08:00:00,GSMonline,Poland,PL
Telefonia 6G? Najcenniejsza spółka świata przedstawia swoją wizję przyszłości - Filary Biznesu,https://news.google.com/rss/articles/CBMi0AFBVV95cUxPR19rOFdSUDJiWWQtQjh0c1pjeHl6UnlDb0s5S2VGdVhtRExJNTZJaGNtdjI1ZHQtUjRnaEluOTBfRFprYUlHd2xUMTUyS1hrTEJ5TkZIc2NkZmExTHpfeE5Vd3o3bWMzb2xSbUxtc1F3WUsyQjc4VW9sTldaZ1IxcXJ1M3pPRlRTVWZuMFdRc0sxalYwX09LaUVfZFN2M1JyYlBmemVsOG5vbnRDWHZ1NU4zcGZ4VzdHcjhiQS1YQUN3S1ZZdVlxUmNQcW5HUUJU?oc=5,2025-10-30 07:00:00,Filary Biznesu,Poland,PL
Xiaomi dokonuje przełomu w technologii 6G. Prototyp nagrodzony w Chinach - ITHardware,https://news.google.com/rss/articles/CBMimgFBVV95cUxOZEhydklzOGQ0Y3M1aFlZd0R5Zkt2ZTZVTE90cWlEWU1taklHN0dQODFrUTJ6MFlnZzZPY0hqdXQyZjVqSDg2Tmpac1ZjNDJtSEk1SEl3dlhsb2Y0QU9NRzRkVmxzclNNYW9ZQ2tUMzhKZ18wOGRPMWc2eUpWcmhuZ0xnQzdCRFN3YVdsZjQxMHdweGdFbllYN3F3?oc=5,2025-11-17 08:00:00,ITHardware,Poland,PL
Współpraca na rzecz 6G. Porozumienie Samsung i SK Telecom - CyberDefence24,https://news.google.com/rss/articles/CBMioAFBVV95cUxNYkk2a3RYMTc4ZnRacWZ4UXdvenA1UHhDS0FwVVhUY0o3NzZWWlp5NUJhaHVJWFlaTmVScHRjaFNBSzRUQmFvbW5Na3BWS1RTNFBRd0FVWVNSei1GakxfR0h0eUkwUV9WZm93WGNGeDBTT3ltakZfR1JOLXpHQ01WOHY5eXlRN2hBaDI1cXlFVnQ2TlR1R3F4WFZDRVZNajgz?oc=5,2025-12-03 08:00:00,CyberDefence24,Poland,PL
"6G wystartuje w Polsce wcześniej, niż myślisz. Oto gdzie trwają pierwsze testy. - Antyweb",https://news.google.com/rss/articles/CBMib0FVX3lxTFBMTldaZXVMWFBFMjd2T1NCalR2bGhzY01DMmxhTE1laU5CMXd1MEZteE1ZS1FtM3RSRGFKVkpvUlRxVmVjeUwtNDA5MFFXYXYwLTBwV2FrTXNjUUFEajhsXzhkZmF3WC1KY3dBZUlySQ?oc=5,2025-12-20 08:00:00,Antyweb,Poland,PL
Sieć 6G jest za szybka dla obecnej elektroniki. Amerykanie znaleźli rozwiązanie - Spider’s Web,https://news.google.com/rss/articles/CBMidEFVX3lxTFBHVjg2TzFVVkkzeXRYampKamlwSFJXdFdQWHlzS2ZxS2l2WWMtV3g2QVh1bVA3Ul9STjJ0SzI4R2lhSFl0aWYyRnR2RUM5MGlMY19vMDBwTUtNQm9FUzZKOTJUcEhyM04xU19GeWdzMk1maVY3?oc=5,2025-08-05 08:00:00,Spider’s Web,Poland,PL
Donald Trump odpala 6G. Cel: globalna dominacja - Telepolis.pl,https://news.google.com/rss/articles/CBMiigFBVV95cUxPbHRDY0JsS3NiVkg2a2RRZUZmV05hWG1KazM4UHlraGhOaEZvR3ctdDZyUjUxam9HUFdzWWZsRFpVYnRIRTN1S2YzdmwtSU1iZzAxSU9Jbnl3cGZHanpDZ3l6cUc0ZnNvbzZJNW5jUUYzRXIxczI4VkxlN0ZJY3FaeWVBbms3d3Q2U0E?oc=5,2025-12-25 08:00:00,Telepolis.pl,Poland,PL
Nowa jakość komunikacji. AI i 6G w centrum uwagi - CyberDefence24,https://news.google.com/rss/articles/CBMilAFBVV95cUxQaVBhd3BKY3ZBSHctTVZpWGllaGdVQjJsUmQ1bUxqWnNtQTFMOWtrZnBjWFczWGZpMWVENDk4eFBaLWNrR3VOZDFSakk4SnRCUWRLZ1k2OUthTVQ1QjRjZGRDVVNIUXk4dElnSERrZDE5Zk5vR05LZTNBTy1DaE9ManBjaTY2azFYSlhrNXFKaVVXclhy?oc=5,2025-11-26 08:00:00,CyberDefence24,Poland,PL
Przepustowość rzędu 280 Gb/s. Chiny uruchamiają sieć 6G - ITHardware,https://news.google.com/rss/articles/CBMidkFVX3lxTE9mSVlCTUxjdGhMa2F4QWJ1Wm1TVUtSVzJSOWxRclZmaEVGVXdfQWNtVVFPZndXVTZ4b1NKeTdNWHAwRHJTMVN1WXhuYTZ3b19pazdzWkM0Nkg0MFRvekZCbmFPMFRHQlFtd0N6MUxQZnhfZDJzd2c?oc=5,2025-07-24 08:00:00,ITHardware,Poland,PL
Samsung zmierza do 6G. Znamy plany giganta z Korei - ANDROID.COM.PL,https://news.google.com/rss/articles/CBMibEFVX3lxTE8wM09fSXRGbUt3YUxXYjZpQmZINHlUSkx1NDhaamc0UmNtZzMtNWhoNUdTSVdoVjRxOHZBdDZNbWdINThMRzJMVVNlamVROFN4eWFKcnB5S04tUUlnMG9TdGpYVW1NeTRoY1FkWA?oc=5,2025-09-24 08:00:00,ANDROID.COM.PL,Poland,PL
"Samsung i SK Telecom łączą siły w wyścigu o 6G – AI przewidzi zakłócenia sygnału, zanim się pojawią - itreseller.pl",https://news.google.com/rss/articles/CBMiuwFBVV95cUxQeDBPalNCbXp3UEc1d0V2Ym5DaVRhMDV3U05hLUtXV3Y5eWZxNGNEdmRsXzFJVUppNTZicmU0YUFQZ08wS1F4T2tqLVlCM19kY1BQbk9naG0xNkg2Tk9oQTJGbHp0ZE8tV3REZTJpczRiMzlNYmNOcVc2Zkh1OEl6eF9neWJ5V0NqLUNmSnBfWmNrS2RjQnhsMTZNd1UxemFXZXFRaDJVWGtDUFBWeGpnWXFlNG9DSDNuOUtN?oc=5,2025-11-28 08:00:00,itreseller.pl,Poland,PL
"Qualcomm podbija stawkę – już nie 5G, ale 6G - gsmManiaK.pl",https://news.google.com/rss/articles/CBMigAFBVV95cUxPOURHNlFfZEhFUWhySWRfTWlodDVBS01MNlNCbENGdjM2U3Y5blBIMFZUY29qVzZzRnB3RlR0M05xTVluaU1DVEktTkprRGdiSDhDTUowWjhGWU5Cbms2eDh0NDRzQ0Roem9DQllhSGJ2R0ZJZDlWMzUydFlkS3gwZA?oc=5,2025-09-25 08:00:00,gsmManiaK.pl,Poland,PL
Samsung rozwija technologie 6G z globalnymi partnerami - CyberDefence24,https://news.google.com/rss/articles/CBMingFBVV95cUxPdGlXQjdEWEFtaHdCODdCYlF5bnE0bnVMUTVrQTdIcWJTZVJLZWdQby1Na0NzbWxkM3FrSEdLUjRMWmR6S2w4YnZRZ1RqYlgxVmxaMmhsUVN1Z2xCS09uSFVfQ2E0TmdMMzY1Tk5fb1RaN3p2VC04bm1BbndPbU91MlBTdW1zTjV5SzFUcVFEb2hGNmctcFdNTW0wa0FFdw?oc=5,2025-12-23 08:00:00,CyberDefence24,Poland,PL
NVIDIA i Nokia inwestują w AI oraz 6G. Nowa łączność bezprzewodowa będzie napędzana przez AI-RAN - GRYOnline.pl,https://news.google.com/rss/articles/CBMirAFBVV95cUxPUEh2NS1MWmJPa1ItTjRncE5CanJWRW16aUdVeTQxV2g4N2ZfbVpDakpscDdqV3ZTdkpFTUQ1ZUFXbGthMVRuZEZNMk1NTFZNRUNVSkxkaUhEcl9GXy1vNWppdlloTFk4b1ZRQnVLWkVmdl9zc1o3Tk5QSUdvZ1gza3dYbWRpeW05Q094a1M5aEt0d2lsTXVwem42akpwSldEcTVQbnFzODVQSmRZ?oc=5,2025-10-30 07:00:00,GRYOnline.pl,Poland,PL
"China Mobile osiąga 280 Gbps w testach 6G. Pobieranie 50 GB pliku trwa zaledwie 1,4 sekundy. Wszystko dzięki satelicie - PurePC",https://news.google.com/rss/articles/CBMi0wFBVV95cUxNNEtZd1pjTnQ4c3N1eEhHX196OHgyRjA3NHMzazJXN2xkZnJOdGZRekdTcEpCTEVTOFduVGJMRFVuX0FjUkJjNUg0QXA1SWNUa1FiTjdGQTk1RWhoZWhtbHBuc3p0UG9nSUNDNk01d2VzTWs1d19GZWNGUnRMLXJqaS1ZTTdhSFdONWJlb19NLUw2b0lGZjhPUkdKbm5Nd0N1ZDdjMlFlZFMzYVBnREdDMzNTcW01UTBYWXBXdjdXUTZfdXQxX0FZUlY0OF9xaDh2a1Vj?oc=5,2025-07-25 08:00:00,PurePC,Poland,PL
Katastrofa T-6G Texan w USA – studium przypadku - DlaPilota,https://news.google.com/rss/articles/CBMigwFBVV95cUxNcEw4TUJ0a0NSVTN0c1hhZkFvcDI0RG9ZX1JpZGNQRzdWbkZlVmpCNWl0ZXBLWUZnM0d3aVZGZjFNOUVROUV0YmpjbzFUNTl6cm1DSk95b0xFRGQ5TzM5dzBZMkhTeGI2bkR2a3MxNUg5aDN5Y29RRl9OZ1h1M1FVWjVJWQ?oc=5,2025-09-26 08:00:00,DlaPilota,Poland,PL
"6G na horyzoncie, ale nie w kieszeni. Kiedy realnie zobaczymy nową generację w smartfonach? - itreseller.pl",https://news.google.com/rss/articles/CBMisAFBVV95cUxOMXJXSllHRWJ5bzhNelF6bFlZNnRzOURQVEV4Rzc0REpQWFRiQW9pYlQ4dFYtdEY2WHZTQ21VVnVQNGllTzNWZWdfQVFfdlhDR0JKakdtVk5mdmk3R2J1cmZqYzNjdmMyOUhTdE85dEQyU2NBcHFleDF3aHdMc3E2aE16ekpYUkFlZ3MtQWNKczB6MF9SdG0xV3VIdHZ0aG5rZnRsVmtmcUs2RTNxelExUg?oc=5,2026-01-02 08:00:00,itreseller.pl,Poland,PL
Trump myli 6G z 8K. Ale w niczym mu to nie przeszkdza - ITHardware,https://news.google.com/rss/articles/CBMimgFBVV95cUxPTzZ5dE5LVzFCZXNEUWo4TWdJMUc3elB0M3Zzb2M5b2hYV05GR29aa0pSVVJsNlM2aEtzVVU1UHNMdWRqOGZyZUJtWjhCcEo1Y2RKemR1czk4YUxHZGltMTY2VV9KTVFOTVZnblJsOGpzVE8xYXlVenRtZ1JRZFZFSExXdFRfMHNGMGNmT05UV0p6RWlkdV9uWEZR?oc=5,2025-12-11 08:00:00,ITHardware,Poland,PL
Rząd ogłasza przegląd rynku mobilnego. Celem jest przyspieszenie inwestycji w sieci 5G i 6G w Wielkiej Brytanii - taniabrytania.uk,https://news.google.com/rss/articles/CBMi2AFBVV95cUxQaFlMLS1fdlc4c2xScTg4cE1jR1ljZEtaUjZiVHBnSXU1UXZ4YUlDUGhjSnJZTVRMeVcyclMwZFJ5T2xHb2gtTU1tSGhCQWFydXZkRm0yRHdUWXY2UDJrYnJZSFkyTDNKdmR1QU5DN3NJUnd3Zi1aR3ZxR1dNTEZ5X1lUNGk3WjhoeHNNNFBuaG9MZVdSYzN6eF9aR200TWFCcmdWaWtXTi1LaTdvOW92VGdXeDAySUJQZHB1OXZlM0cyMUF2akZJTDdiSkVsVU5uNE5CQjJVWVA?oc=5,2026-02-13 10:04:28,taniabrytania.uk,Poland,PL
Nokia notuje 12% wzrost przychodów w III kwartale 2025 i patrzy w stronę 6G - itreseller.pl,https://news.google.com/rss/articles/CBMingFBVV95cUxQZG1pNTRQRjRJdWhPZS1JUGJDeGdCQ1BuVDIwYjRwcURvOXlQNlJUTGhoZVlKQjNuWkxNRTdJUEhpd2hzekFLRkJiT2JlbGVEX3NZR3F0ZFhpUkxtVVB2Q3B5QS05bXlBZ2lGakFWZWtsSElVYUhUekhjMTFnbVAxY2F4dmhFM2pMVTM2bXFkVXFNNTRzUU0wN2pVdFpOUQ?oc=5,2025-10-28 07:00:00,itreseller.pl,Poland,PL
Spór o pasmo 6 GHz w Europie - satkurier.pl,https://news.google.com/rss/articles/CBMic0FVX3lxTE0zZ0JEc0ljT0JFNGZXQ3U2d1M5RlNrZXZpT2VzY1lHNVAzR1NWVkFrcWJYdXFGQmY2dm00eDhIYmU1bGZpQS1kc3ExQzdNX0FUSlk0TTAwdHAwZWxMY3ZuNTBqbVZQWXBRNFktM2VHVy1ERkk?oc=5,2025-11-13 08:00:00,satkurier.pl,Poland,PL
Chiny otwierają drogę do 6G. Nowy układ fotoniczny osiąga prędkość 100 Gbps - itreseller.pl,https://news.google.com/rss/articles/CBMingFBVV95cUxNTER6R1h1dW1TWGtqVHRNNEIxZGxkLWFHU050dDJPZHAxNTNZZU81aG9QeWFVNFkyVUZUQ1B6aGtFU3Z2Nmhzak9YdHhHX25ONG5Ocm8tOWFpQk9IM1ZjRURWZ19aR0ExdXB4bmU5V0c1SFlPSmVaUU41TzdCbDFfVFRMNVNHc1FnOWFxazhMekxKaTE3bW8tOGNyS0hKdw?oc=5,2025-09-02 08:00:00,itreseller.pl,Poland,PL
"Nvidia zainwestuje 1 miliard dolarów w Nokię, aby wzmocnić połączenia oparte na sztucznej inteligencji i innowacje 6G - Notebookcheck.pl",https://news.google.com/rss/articles/CBMi8gFBVV95cUxNbUNGbE5wN01Va0tPZzc0d2hwa3h4ZlVoeVF3dElOZ2VLNnFISGNMdkFPd3pWdVpkMkMxWFFKZTJZX2IyUVAwRldoT083cWQ4VDlnNFBZU0hTN1I5TG40ZDl6OEY0MDNmUHdpeWRUUjJ1Z2Q3ZkVDWnhUVkI3YkFMb2x6N2JVdFllREJzd0hUU212OEJmNnNMMi1wR1RBM2h6MkZsSm5VcXA1TUNxTkNNNWdJT2JReXg1VmJzS2R0aUhxWG5lSVZnRUNVUDNXOEdRYUVGd2ZUVGpHazFLREF5d3FRb25sMDRKZU9FMWUzajNSZw?oc=5,2025-10-29 07:00:00,Notebookcheck.pl,Poland,PL
Pierwszy na świecie chip 6G pochodzi z Chin i oferuje prędkość do 100 Gb/s - Notebookcheck.pl,https://news.google.com/rss/articles/CBMiugFBVV95cUxQSGY5b1J4YUw4M25DODhyTENaa0VMSmU5aU5HYldwX2NvcnRtVWxaTE1KWWpfOU90ZXM5QkhvbHpzOTllZ3hQSnFockY4Q0lXVDlWLWFmUm5qZ0F1OFdSN080MElmLVNLam9mVG9EQVN1bHlpX3dCZzdqQU90bkZucUQ1ZGh6b2xxNU56Rm5UNWxmdWh4bmNGQnhWV3F1ZTNyMnpKVHBkWVBtSkR3NFpYMkhYTmVHbFZMb3c?oc=5,2025-09-03 08:00:00,Notebookcheck.pl,Poland,PL
To przełom w rozwoju sieci 6G. Plik 50 GB pobrany w ułamku sekundy - Komputer Świat,https://news.google.com/rss/articles/CBMi0AFBVV95cUxObWVZQnFKcW5ZTW9jeG5USEhTS1hQT0hCV3F2d2xGTkJFY0FlTUZJdjhkbkJ6N0dKTGE3NEdrRHVCM3BiRHZyNC1wQUFuZDIxVk5XNHdTWmVWd1pla24yMUJLa1RTSTlZaFEzQ3p5c0RBR3Q4eWJDdldxMDlqX1Y3NnpYWTJNMGlFejJfTXkyTnIzN0p3Y1ByVVViNmJUc2lXbS0zSEhGakd5MzFXbU1JWmx6a1gtakF5YzJLYndGdjJ0MFV4dmRwTjZqZnVzSGNh?oc=5,2025-07-24 08:00:00,Komputer Świat,Poland,PL
Łączność 6G coraz bliżej. Samsung podpisał list intencyjny - CyberDefence24,https://news.google.com/rss/articles/CBMimwFBVV95cUxOYzlVekNtMkxTSEw0dkIzLUtKV2dlWE52ZHhTMW5ORTQ1Y25MZmhmSG8wUExVMmJXZkltSjdkVWRjLTBSY3pfM0pwbDFJTnU0M1lLREtpRkI3eVU5aGctOUp5b0VYN0ZNT3gtc1QzcGhLZmhDZThYOGJBSWZCYXZDSjJXNEdRM0FwQ3g5cG9ScWdmc2FiNFFoWEZCdw?oc=5,2025-10-31 07:00:00,CyberDefence24,Poland,PL
Nokia publikuje harmonogram dla komercyjnego 6G - mobiRANK.pl - mobiRANK,https://news.google.com/rss/articles/CBMihgFBVV95cUxNNjFSV1dDM0dEamhGU3FFVGhxVUJwTW45RGkwLW5GaFJhdGV0ZUJNNUxMNHotMDRHTTBzcTVGOVB6YlFpSTRqTmcwR1lwUjlNQV8wR1ZkcTRCQnJZYnNnN195N3RHSkFwZ1dVUkFyT010cjVTRUp1ODVwd19FUTlXajctb29wQdIBiwFBVV95cUxPNTBjUWJkSXBXSlZwOGkzT19ycmxNcmMtUm5sRmkxR014MER3d2JvdFlsbU9qR05rbDBHS3pqblpyRVpRUmo5RHh1dDFqZFJONklmWHo3SFpVOVpzLVJHTVl5Tl9QZ0FkSE5feGNaWDRSMlJxVTBWWW8tV3IzMWo1U0dFY3pvRTZ5Qzh3?oc=5,2025-06-20 08:00:00,mobiRANK,Poland,PL
"Sieć 6G to już nie teoria. Możliwości 5G to przy tym żart, a przewody to przeżytek - chip.pl",https://news.google.com/rss/articles/CBMigAFBVV95cUxQd2RFVlQwbU16bGtHYllBNlZpX29mNllST0dfVWJVTmxoOTZ0dXM2eTViWXNSVUgzRkVCOUt6a3ZIWXNKUTNuR0tibG94aW5PUXhoNnViekdTMVlNQTRkYmtTOXZ2R041aG5zdHlGc0k0Y1ZqODJNdmI2TGRCWWltUg?oc=5,2025-09-16 08:00:00,chip.pl,Poland,PL
Samsung gospodarzem szczytu Silicon Valley Future Wireless Summit 2025 - samsung.com,https://news.google.com/rss/articles/CBMinwFBVV95cUxNRVQxZndWa1FnOWQxNUlKN2R5OXdXSVVaUjVTVldGbEJxdy1UdVRBQjBWQ2JOa3hqU0tiX1dtaGpVcmlBMXF1akZRQnpHQXJvbXdrRktlT2ZqUGtsRW8yMHpwdjdxQVlGTmNOUW5tVm1QaGdsOWFoRV9YRWFvcUppbXZfSW9QWDA5TFlEQ282TmxkWGhYbkUwbkgyaEYxV1k?oc=5,2025-11-18 08:00:00,samsung.com,Poland,PL
"5G SA rośnie, 6G na horyzoncie - GSMonline",https://news.google.com/rss/articles/CBMijAFBVV95cUxNSU5vR2NBdVRwWDRMLTdEdXg2S01OdHN5X216LWZZTXBQOURCRnktZmVCMlRjYWN3VnkxYVBXZWdJeDFRV0x5dHlwWnJyUVl5NVphQkpxeGxWUk11OWIxVThKQ0Q5RjBVNDR6M3BqRjNUcldjOUZVM3VlQnBzRnpVQmpuVGFzanlGZThXYw?oc=5,2025-11-21 08:00:00,GSMonline,Poland,PL
Praca marzeń w Łodzi. Gigant telekomunikacyjny kusi premiami i projektami 6G - Łódź Radio ESKA,https://news.google.com/rss/articles/CBMiuwFBVV95cUxQZnBvbUFqY3VnR1JhV1FSZG1WckRzaVhUWG04UGd5ZDhlRTRoVWJDSjVXUjFUdkFZVGtnQVkzT0RNSnJHNHdPOVNCdW9aT1o5YUtlMG1HRzZDak5CLTRSdmdPNzI0SVprTDFYakRYTEV3Z2xZREFxYVY4Y0syc2pnSHJGMWdsemdrN0RFZUJMX0JINmR4X3Z6RDk5aF9tTm13UEdiTldYR2RyRGg2aGZzeElwYUE4Vm1XeW5F?oc=5,2025-09-08 08:00:00,Łódź Radio ESKA,Poland,PL
Samsung stawia na 6G. AI połączy nas szybciej niż myślisz - INSTALKI,https://news.google.com/rss/articles/CBMia0FVX3lxTE55MmVUY1NmT2hycHBGaUxzdjhQRlhTWDMyVWVaTm1oV192aFZ3OTYxME5JODctNy0wbWY3RVFxUVozNXFtSDRhaUVFazNBWWlsYm1GOHJUTHA3eEJfRWItSzZ0TkZTV0d5TkhB?oc=5,2025-09-24 08:00:00,INSTALKI,Poland,PL
Nvidia sypie kasą – Nokia ma zbudować sieci dla rozwoju AI - INSTALKI,https://news.google.com/rss/articles/CBMiuwFBVV95cUxQcHlwTGUxSS1ORmhNdXh5VEVoc21nQjNJNzVvazNpYXd2Xy12Tk9xb05PdXQxTndVal8zbS1HcHNBc2Rob1N1Rk42X3Z5NUd0SHN5VC1sdFZ0Tjg3NDlLcTUxZ3pQMl9kRUsxQno0VWs1aGZSOTVwazdGUHZvcG9LMVE1ZjRxRC1jSjdybk9UTi1JVWVSdUtacFRkSjFudVU1eTkxc2E1VndzbnBLZjR6UzRCX0lGTk9ucjJR?oc=5,2025-10-29 07:00:00,INSTALKI,Poland,PL
Europejscy operatorzy walczą już o ważne pasmo dla 6G - GSMonline,https://news.google.com/rss/articles/CBMiiwFBVV95cUxPYXc3VUVsU05pOHg2T0hWUElPN1hIanZBdjBlZGxKdElwTWFoeDd6U3J3a0xibkhvX3haYnpBY0xUd0ZhSGNERDZKVEs2b3hwTUkxQUdOekE2b3g3TFVNSTJFMUE0TWx1Ujg5VE4xTUNlbDVJcnNlbmpNRGdfUzh1emR4ODlrX1FEb1NZ?oc=5,2025-05-09 08:00:00,GSMonline,Poland,PL
6G kontra 5G. Rewolucja czy powtórka z paniki? - Radio DTR,https://news.google.com/rss/articles/CBMid0FVX3lxTE1DT3BIa3YyTVJWOWVkX2ZCYVprOU5zSzBSbFBxbXU2TUpfdzhTT3ZfTGVNMC1zWlRaVE5YVnVFd2tldUlKZVI3TzZvcVU3MW1JQUJoUnhBNnZZaF9sdmdfSGphalVTeDdNdGdUVlRZVFJJNDNtUUxR?oc=5,2025-11-19 08:00:00,Radio DTR,Poland,PL
Akcje Nokii gwałtownie rosną. To odpowiedź na miliardową inwestycję Nvidii - Biznes Interia,https://news.google.com/rss/articles/CBMiwAFBVV95cUxPV0xsbm1GMThockhSSWZ0UnpFMHNIQ1p5cEwwQS1GRkNRMDUwSXFYZlctY3dEZ2J3SzUyRUswT19pZXpRMjhWYmpOVFlDb2daVWQxWm5nUUZRQW1jdlpCTVgtT2NvaGpZMFM4OVZoUmxnOVd0a2g2UFZlNFV3NHUtemxYSy1ZcWFiTk5SWmF0YWFiY2dzZGUyZ0lxeHI5TEFsWFpXOHFCZm45QWg4R0Npcm9CS1pfWW40WVBOZmhvVzE?oc=5,2025-10-28 07:00:00,Biznes Interia,Poland,PL
Analiza potencjału metamateriałów w sieciach bezprzewodowych - CORDIS,https://news.google.com/rss/articles/CBMipgFBVV95cUxQTE82UmwwRzVuUDJEcTB0bTVkV0h6M1lTQmQxcUVfZFhmeXMxVks2a1EwMWFfUkgtMDNlQU1Ib24ydE9sNjJlWnhYaVhJbzk0MFFHd0pvWGxsMkxCQnoxSFV0aTVRX2VEYzlhTmk2UUdjZ3BPcVBlc3gyZ3UzRUpQT0dyUC1XNjQ5WGx0YlBvMWtlWFllamU2XzJldExsQzdSRjlGVkR3?oc=5,2025-10-19 22:08:08,CORDIS,Poland,PL
"Pół internetu padło, a 6G wyprze 5G. No i co dalej z AI? - Komputer Świat",https://news.google.com/rss/articles/CBMimwFBVV95cUxQRVpIMW5XQUxtRV93ZjYwV2g0TzdQeXZhcndGWmZRX21oZGF0VkxPYjFUeDE3aERrbmNtY3RDLTlYOW9DV3dKZ2IwUlFhMXNfMVNIc0lQNzhQMnZvMmFHSjhjeFBGTFNBWGdVQWczVXlHSGRPWG1BSzhXbmJ2U3VqaWt0OHZrWGpQekwzdURzeFNZcnVTNVQ0RDlsYw?oc=5,2025-11-22 08:00:00,Komputer Świat,Poland,PL
"Monitor Audio Gold 300 G6 - doskonała technika i wykonanie | test, cena i sklepy - audio.com.pl",https://news.google.com/rss/articles/CBMiiwFBVV95cUxPd0tRQ3RlNW4wTlNabDV0Rll3R0ZsZXprdUpVZjNDdDM5SGc5YzJjYlNWalZ3SXVjS1dOWXg4bldMRk5Najd2c2hkVFlKVlhBZFYyTGxaY0Q2RWlXMXp4YVhpOUxqZUdNaVQwbV8ycGZRdGRTaW9oZVNSYllPYUl4MUUzTXU3QkMxYS13?oc=5,2025-04-01 08:00:00,audio.com.pl,Poland,PL
Legendarna Nokia ma nowego inwestora. To gigant z branży AI - Money.pl,https://news.google.com/rss/articles/CBMiswFBVV95cUxOZWNmNzdUUVI2X3JxQUVxWHpSenA4TW9FcFFrcnpFZ0kyQTFsX1M4M2xlWWpGaTNvYlBtazhWeDBSalRyc0tmV0Y1MGNlLTRZQ0VNdHRBTHc2SENoVDlZVTh4XzEtUndHNl9OSThFU0duQlVHMFRCdnFYZTRBRnhmSFNHMll0TEdmQnZiQkI2cHR3RGxvSDhOekZvc182ZGx5SEI1cXhCSkRrVDhCMTE4Tmw1VQ?oc=5,2025-10-29 07:00:00,Money.pl,Poland,PL
3GPP pod przewodnictwem Samsunga. Nadchodzi era 6G - Telepolis.pl,https://news.google.com/rss/articles/CBMiaEFVX3lxTE5DazNLRUJ6emJOenJYdnE1eWJWbVBRQXZlUUJRYk03T1lqalo0cnNPTm5QbVFaUm03a1h0eFozZHZGWTBSVzlocUlhUWw1MUlXZXBEQldPQm9rMFZBRk1FbE1IUkZlZFF5?oc=5,2025-03-12 07:00:00,Telepolis.pl,Poland,PL
"Rewolucja 6G: Błyskawiczne prędkości, globalna rywalizacja technologiczna i nowa granica łączności bezprzewodowej - Bez Kabli",https://news.google.com/rss/articles/CBMi1wFBVV95cUxOck43MUxhdXpwTzg2M2wwU2NlWWgzdG9yMDZBMjRTLVpNeGM2aFpYYVhpY0dnXzBBa0RzOFJCTlBTRktCajdkZDl6cHVzZmt5SFVnbkNZVVRPZE5yc0FwQU9qYU1ubzhrSHFJYW1QZ09JVkd6dGV4V05vdzdHWmtTNUUyWlVmUS1vcENzQThUNEltblU0ekdPLVUzcWRRVHJKckxpNUZxc2xyVTFWMjZnS0lEcWxWZDhQeDZzb21wX29Lck45N2xsM0R4SWxXUUp6Mjg0WTdkVQ?oc=5,2025-08-19 08:00:00,Bez Kabli,Poland,PL
"Globalna rewolucja GSM: przełomy 5G, perspektywy 6G i odważne posunięcia tego tygodnia - Bez Kabli",https://news.google.com/rss/articles/CBMiswFBVV95cUxQaVJhbUVUOTBqc3liUFUyZGJPa2tGV015cDFUUEJWQktVd0YyUlN1S0xxdDRsX0RjZ1hjeThoSExEa3BZekJhSmFUX1lGcHUwV2VWVUNKeFFqbmQyLTRXdHU2ZFZ3QlBSSnQ3ZVBGdVlTTmpVZTg2R2ZpbEdLNENiMEswZ0szb2dxYlJ6c3gyMFkzT1RhVTl5Qm5DTjFfTHZQcjBqOHlvd094OFVPYTVBeEhKMA?oc=5,2025-09-20 08:00:00,Bez Kabli,Poland,PL
W erze przed 6G jest coś pośrodku. Oto czym jest 5G-A Intelligent Core - ANDROID.COM.PL,https://news.google.com/rss/articles/CBMihwFBVV95cUxQS1IxakVfN3JfZDNJYlV4QURLcElLRUNURDFhdDlNTkpKR014b3VJVlUzMENHeEdySXpLZzlFbFRJU2xDNWFHMmMwZEVKR1hCaFNHSzlzYW9yeHJTM0Z5aEYtZ2YyX1dKRzdUVnJtbDZDbllYMnFYMTBsVHkwUG1MaWZXaF9kZXc?oc=5,2025-03-03 08:00:00,ANDROID.COM.PL,Poland,PL
Sieć 6G wspomagana AI. Tak może wyglądać przyszłość - Tabletowo.pl,https://news.google.com/rss/articles/CBMidkFVX3lxTE9uN0FLa0otTnoxeXY2WjExZlpBUFdVT2RsS0s1Z1VmU0RNQjFXVXZOWkNHZWtfYm42Z2U1S2F6MFNFc183aVZhNm53VDZ5eXVMNld4dlN6VXRCT0N0REcwT0EzTzRkWG1namo2NHZEdl91a211RFE?oc=5,2025-02-28 08:00:00,Tabletowo.pl,Poland,PL
"NVIDIA i Nokia łączą siły. Wspólnie opracują nowoczesną, superszybką sieć zasilaną przełomowymi rozwiązaniami - PPE.pl",https://news.google.com/rss/articles/CBMi2wFBVV95cUxOZkI2ZkVFcnBWbld4UFJmdHpyWFd0LTZBa25mQWVEbThDMWlpckFYWEw4MFlFOGp4d3NvTnp1YnlNWEZUZUFUUzN5ZzFKLUl6cm5NV2dhSkFtZXlNUktmdUxVLWtVYVE5M0llMnl3WkdOSklPYm9RLS1YTEtnWkhfa0ExcWx3d2pIemdwS1pIcmJrbG15SXJfR3JjSHFxMElTZmpiNFYyQU5iOFg1RWtUMEtqQklyUVhjc1R2REtsaHhLNUlPUHJjbW9PRWhpY1FQZUY3ZVJVRUYzeFk?oc=5,2025-10-29 07:00:00,PPE.pl,Poland,PL
Sieć 6G – jakich częstotliwości będziemy używać? - Gov.pl,https://news.google.com/rss/articles/CBMifEFVX3lxTE5qX29hTHktbERyR2xIS0FGVHUwM3V3Q2VyWmJJcjNDSzJqLTZKdFVPSTVSeVg3WDNZVXItNTdMWDZOSTVva3Fvc3NsM3RUZjBzTHVhbklDTVhRUVRUWHJjVUdDbHlZVUFzWWZTMXRaTGpaNlhlaWVPd1ZUQnc?oc=5,2024-08-31 08:00:00,Gov.pl,Poland,PL
"Pojedynek o górne pasmo 6 GHz w UE: Wi‑Fi 7 kontra 5G/6G, Niemcy popierają sieci mobilne — decyzja RSPG spodziewana 12 listopada - Bez Kabli",https://news.google.com/rss/articles/CBMi8wFBVV95cUxPYnBUd2J4amlrX1ctZG0tUmN0a0VQWU1iSi1WRkVUQnhlM2sySjJvSTFPeW1Ga2hiQk1DbzNNcF9UNGs0ZzcwV3E5QXNXSk9fNS01UzY5Y2p6dFhjUHRLZXdhZVV5THppeG9TZ2ZMcGRVWDMySUZVWnZla1JfMTZNUnZSdUZabTVuQnlyaEZ0Tmo3QU1URlptTTYxZUJZT1o5SnNVWGh1NTN4XzNPOXpPdXJlWE4xSEhkQjJuUXoxRG9vell2eWxrOHlleVYyUVBFWG03YlJpOWRLajRBOG1NRUh3LUo0dXFVX3RvbFNjZC1tOTQ?oc=5,2025-11-10 08:00:00,Bez Kabli,Poland,PL
Japoński SoftBank wybiera Nokię do modernizacji infrastruktury 4G i 5G - itreseller.pl,https://news.google.com/rss/articles/CBMimAFBVV95cUxON05xc01lejloMThUeUFDWUR2dk5lTllPNlVvSjMxRURydXd5a0pFSV9RR0Zsc2FzWFE5QkQ3OWVJZUpYaWNFNS0zUnk0RkhVQ29BLVFKTjROVURwWUFDTmlCLXF5cTQ3UVpGLXViRUVnMkxnOUlMaGk3VkJiM2ZYZnR3cy1JenFhTkpxamxxZGlnRENuWE05YQ?oc=5,2025-11-06 08:00:00,itreseller.pl,Poland,PL
"GSM internetőrület: 48 órás villámgyors 6G tesztek, 5G erődemonstrációk és IoT innovációk (2025. szeptember 14–15.) - Bez Kabli",https://news.google.com/rss/articles/CBMi1AFBVV95cUxPQ2JPaHV4RzBOM25hY2Y1NmxtaVhoR0RSNVYzWG1yS2xNZFZncjUyUi1uYWF2WGNvVEk3eGF0bkR5S1lLaGg1ZFYxSUVsVnlydGlIWlJ4M19GV3NDejQ0WkxPdkdjc1l4cmFlcHVLYy1oeUc4Y1hKRjZhS1ZRd1pNc0VEMEJHdjZSNWNtZ0hOVExsWGxnS3dkRTJoaUtyNzM1emNzUG1KQjMyRG5uWGpaa2dvbndsRWlXWEFtWlFveF9MaHZJbTFYUHhxZlJobVZ6N3BEdQ?oc=5,2025-09-16 08:00:00,Bez Kabli,Poland,PL
"Raport Ericsson Mobility 2025: Do 2031 roku 6,4 mld subskrypcji 5G, a FWA zdominuje dostęp szerokopasmowy - itreseller.pl",https://news.google.com/rss/articles/CBMiwwFBVV95cUxNV2RDbEZfaERwN3Vtd1g3QnMxZHNDMGllM0hCNm81V0QyNWVqZFA4Q2Z3c3ZZMG9lVkQ5ME0xeXBzTmltaEplMUZSbE0xVnRBUEExZDlKVS0zSXhIb1BRWWpiZEI1U2hkSnMtZGxhbGZIeE5HYzN4VWR4bEhMSW1MS0FtQW1lNlNaTVRqSjQ1QnAzNlRTOFNOMm5vVFRpc3h0LUpuNXFNc3lQV3pMVmpiNk1fRnJMTDM0dVJfN3VNN1dKNEk?oc=5,2025-11-20 08:00:00,itreseller.pl,Poland,PL
"GSM Internetowe Szaleństwo: 48 Godzin Błyskawicznych Testów 6G, Przełomowe Wdrożenia 5G i Innowacje IoT (14–15 września 2025) - Bez Kabli",https://news.google.com/rss/articles/CBMi5AFBVV95cUxQbC1GcHhTTGhydnZleGw2ejNhcG5Od29ZQ3l1VFJDbm4xbE5uRldNS1ZCNy1sd21YeUZsQlB6b1RyUVNFbFJlQVFqU29uMS11dWpXTE1WNm5qaHQ0QXdSUGhheWlWekhzX2hadHN2UlZ3Y3l2MFVQeFRXMGlCU0t4NV9mNEJiVG5WbEFPdzJsRVlDa0J2NVZIWGlxZXB1RDlJa1BpNENKQzFKWDU4aE5DQVhTSlpHdDlocl9NTUxIc2VXak9FQkNMcG91cnBCYlRMWXRROW9wVUxCY2F2NDQ0bFozbmI?oc=5,2025-09-16 08:00:00,Bez Kabli,Poland,PL
"Sabotowane kable, zakład SpaceX na 17 mld dolarów i przełomy 5G/6G – Przegląd globalnego internetu mobilnego (9–10 września 2025) - Bez Kabli",https://news.google.com/rss/articles/CBMi6AFBVV95cUxPaVRpZHpSd1BNaXJQZnFXaTF5MWtMTHI0OTVraVRVV05TSUF6MnRDSEpMSUgyd0RXeXoybkY2WWg4c2J2Q2I0M1BFTXdNdTFLUGJuNDFTX3Q4ZktqLXJ6YndLX2FIOVhkLU9wUkF0X0FZMFJkQ2pGeG5peVpET0dvTHB1ZlZVQXpLQ3NOMzVGMjBIY1ExR1pwcF9lbzhtZ2VzSFRfVmV4TFNoRjhqSURzQXhPcDdMa2lVSkVvS0VMTUQ0VDNSMC0xa041NmFyWXloZkdzM1NYMDhIVm03aXFSV0dfaFI2UXhu?oc=5,2025-09-18 08:00:00,Bez Kabli,Poland,PL
"48 godzin mobilnego chaosu: przełomy w 5G, wczesne kroki w stronę 6G i zawirowania w telekomunikacji (11–12 września 2025) - Bez Kabli",https://news.google.com/rss/articles/CBMi4AFBVV95cUxQLXNnUnFFeEhqXzlnM3RES3hmWEFQZTlPb1R4cGdKVjBSR2VvdEJkdm93NWtCN1RlcG1kMGdLZk1GN1J4bHpSTWhHanRGa3ROOFUyN01CTFNWR3FoYUFQSS1ETXlrd3ZNc0dGUWZCa1h1Zk00QmVRVzhoZHVKaW9hMWx6XzlGLVg1N2FNUlV3X3dQY3RsUzltLXdwVFMtZl91bVFDSG1QbUViM2hyY1hrU3RlUG5NalUzcTlBak5pYzRNRDFVNElQMWVGWGhXY1VxbTBReklKRnQ3MzU1UTFaeA?oc=5,2025-09-12 08:00:00,Bez Kabli,Poland,PL
Ericsson zwiększy inwestycje w Japonii - itreseller.pl,https://news.google.com/rss/articles/CBMibkFVX3lxTE8tbFRrOUctdWd5VXZWUHVVR3pQVmIwaV9XU0VKLUsyazlxbzdDanhTeGpDRlh3UGt4ejh5d3IzV2ZwNWN1eFQ2QWRQOHFFMkRyMHNYdS14MzB2WHhqeUdMc2g1WVpnZ19SMEhna3lR?oc=5,2025-05-15 08:00:00,itreseller.pl,Poland,PL
Monitor Audio Gold 6G - najlepsza z serii Gold - audio.com.pl,https://news.google.com/rss/articles/CBMilAFBVV95cUxOSlN2b3F6eXpwWDFtbFZXSUs2V0JsZnNCbV83Z0tjME1aejhuZ0swOHMzbEh0cTVUMF9Nc3I4N1ZfUWhBdXliYngtZU8zbkwtMnMyT1VXMHAyeGNyUC03bGRjTlBHeU8zNkJnaHMzSmthNkx0REluNXIwdFMzdGd1MHhhWnNyQmxmWm9kZC1jWVQ0ZFFM?oc=5,2024-08-22 08:00:00,audio.com.pl,Poland,PL
Czym będzie lub czym może być 6G? Sprawdź! - Gov.pl,https://news.google.com/rss/articles/CBMidEFVX3lxTFBKcmtJZTNUczVhWm1zb21lWWdFclpZeEZoYVcwNVlYM2MwdUdvSmZnVVFDQUN1NE5neUVuTEFXQ3BXLTRZc0pJUkJ2eExvbmJObnV2NlBIa0w4N0lGLTRWeDlrLXdnd01XQVZhTVBWblU1Tlp4?oc=5,2023-06-27 08:00:00,Gov.pl,Poland,PL
Nokia kupuje od HPE kluczowe aktywa Junipera - itreseller.pl,https://news.google.com/rss/articles/CBMidkFVX3lxTE05M1FNcURVY0lmbHNkX0RGOHBJY3JtaTJqSm44cG4tbHRyN3BwbzVTaFFoWlFrOE9rRVZrNnFqLXBkdmQ1Nnlaa1dJS0wxU0tWR1M5NHNGYWtqc3NnN1ZEZlRJTVVvLVRSYUZDRzA4OVpyUGtZOUE?oc=5,2025-10-07 08:00:00,itreseller.pl,Poland,PL
Chiny testują technologię 6G. Jakie możliwości daje nowa sieć? - Polskie Radio,https://news.google.com/rss/articles/CBMiqwFBVV95cUxQNktBeTk4bS1DZDhxcHR4djZRZlQ5Y2dxUHROakFNYmllQU1lRXplUXlTbkVFTWRYaW1sN0poZjY1QnBaNDFJR2RzbXl2NUdFMmd1dDdMb2FZeEdDcXRwTEIwOThUNWROWkthQ2ZaZWgyZVpyVENFSFl3aDh6bi1FLTRUNWZXUmNnTjV4VG1LMVVPMW9TQ0dKUEoyRkxDNWlCQXBzaGRnRmR1R2M?oc=5,2024-05-22 08:00:00,Polskie Radio,Poland,PL
Nadchodzi 6G – jakie nowe możliwości niesie za sobą ta technologia? - ITwiz,https://news.google.com/rss/articles/CBMiigFBVV95cUxPckFKSF9Hd3ZaN3ZoeGFPbkNWQ0M0SDZhekVUd0szbXJzVGVodWVHbFZuNkJJN0Nadk5tWGVXVzdhQWtwMzRnUno0Qi1HV3ZrQzBWel9BbjdIMXdoZkRIRkVaVmJkLUZPVGx1OWdMaE1Bcy1VZWJ5V3JrLUJRZGdwQ3pJLUhDX3hxQ0E?oc=5,2024-05-29 08:00:00,ITwiz,Poland,PL
Raport Ericsson Mobility 11/2025: usługi zróżnicowanej łączności zyskują na znaczeniu - mobiRANK.pl - mobiRANK,https://news.google.com/rss/articles/CBMitwFBVV95cUxQYUFyQ1VRM1dLdGJzTlU0eFg5U1BDc2hIQXFRZy1IYXp3YWpMNGdGbzg2eERRWm12RndINEI0azdiWW5Wa3lpaHRqb0dYX1ZmZWwzeUVONEMyNGU5eGRNdGhNUGFkeWpJZUZVSXhyRF9FeWRRY05KbzNWUUpEQjdVajBjaGlTdzZlTUlGdnV1YUVyLU1CZ0VzZmNuMDF4aGdNaWlGSjhSZV9fak9RMFV1UFd3UlltZFXSAbwBQVVfeXFMT2RDY21UcWhpcHBua0dXTjEwRjZIRl9yTUxKS1lyMnluWDQzY0RlRWRLRG5sRWplNVJFd0VyZThtcHNRandEdWJQNGo3YWlGNjl5a1BEekJocTBlMzVsZU9zNEx3dEVOYWFQakFBc21OVjRTdjFfbFRBWE5VMXFKVTZjQjFVV0dra2FXT0p5MGlTbTVjbHpOYmtTcXZFclo1NnZzOFhsMldNTXlsOHlrWGpLVzJ3cGZ6cjJLV2Y?oc=5,2025-11-23 08:00:00,mobiRANK,Poland,PL
Tempo wdrażania technologii 5G nadal rośnie - satkurier.pl,https://news.google.com/rss/articles/CBMiiAFBVV95cUxNUFZDLTVIT0JNbVNJdnkyX0VwTk4wTWdVQWRSMmFmbUwtQkYtanM2M0FzQUhYOHByRTgyQzRFUmVsV211UHlteWM4NUh3T2VQbHNsWHE5TUZDUEZpcEdldy1rVTJVT3N4aV9nZkJFUWd0ZDBncDl4WHVLMGtwN2dkaktwcWhZR2Fs?oc=5,2025-11-20 08:00:00,satkurier.pl,Poland,PL
"Bezprecedensowy ruch Chin. Chcą ""zmienić globalną równowagę sił"" - Money.pl",https://news.google.com/rss/articles/CBMitwFBVV95cUxNZVNlT2ZObnNhSDFtM3VYV203MWJvazJFNVhuM21ETzhzMUNYZDZyN29kalhlc3Y2UGVhR2tuX2JFU2pnSmZlRTlTZFg3c1NsMXg5WVcwOFRZcS01Tk1vOEJ3MkVJZFR6b1FYYnV2SWFaekpJTnFBUEJaMWZsdGpiQmZOM0RkclJRTWZINU9RaTV0SkxieHJJdEprZlVWd0pTVDFGWXVDZnRlbEN6N3Z0MDJGYkM5Ym8?oc=5,2025-03-05 08:00:00,Money.pl,Poland,PL
Czy 6G będzie wykorzystywało lasery? - Gov.pl,https://news.google.com/rss/articles/CBMibkFVX3lxTE9odnA1SEdkTzBJcUpuaXJtRWhTVjhxbkRwb3pmeGNoZUZyYVBnS3ppTkxQQjkxRGZKRGo5TWlxRTFqVVVUdnlJcGNyQjktUFk1VVhhM205eDBsMk1pT3ZQSGtXZGpqVUdHSWx0QXJB?oc=5,2024-11-08 08:00:00,Gov.pl,Poland,PL
Mniej pasma dla naziemnej telewizji? UKE szykuje się na taki wariant - wirtualnemedia.pl,https://news.google.com/rss/articles/CBMizAFBVV95cUxQWGZER212REpuTVlHelBxZlR0cmdzeGJiZTFEd2lCRFdra01pVHFpTUY1Vk1jWi1NVkIteFcyLWZkamdaZ1RLenFYQlBiVXpqZ2lTcEw0amJfczBtNEFNT2xpZzlVclFyVFh5dElxWVU3UzgxQmdUWkkzZmVxZnpUdFQtOW5xMllYenBGd18xbHN0X1J1aXB5NjNjc2ZBb2pEYU1jMFd1V0tnemFNQXhJb2lJcl9YNjRFMGpuUExQY2FoZFdGRl95RG13djM?oc=5,2025-03-18 07:00:00,wirtualnemedia.pl,Poland,PL
Koniec z powolnym internetem? 6G obiecuje prędkości 9000 razy szybsze niż 5G - ANDROID.COM.PL,https://news.google.com/rss/articles/CBMifEFVX3lxTE5zM2dNSXRMWTR5OTl1MFc5aTdrN2tkcmNrRFM3dnduMUtrd2x4clJtWG4zX1FrSmRGV3NwdExGRnNRNm5qdFZMVGpjcnBsQXdKczJ5WXZpUTVWRXR3Z1ZpTjNpeHRjTEVQWTBuU2I3QW90OVI5RHhUbWRwdjk?oc=5,2024-10-20 08:00:00,ANDROID.COM.PL,Poland,PL
"Qualcomm i MediaTek konkurują w technologii 6G, ale cel jest ten sam - MIUIPolska",https://news.google.com/rss/articles/CBMieEFVX3lxTE55NzdRd0RFUC1jMnRiUTlVeWMycXpLWE9NYy1CVV9EX1pfdEQycGYxYjBMZ1VfWHktTi1kUnlmSVFTWXJzZGx3LWladGZPX0Y3ZkoyY051NkFZYlFxSks1aUZYSGl6ZHpLbk5iakUtR2FmMGNZb3ZyNQ?oc=5,2025-02-28 08:00:00,MIUIPolska,Poland,PL
UKE planuje harmonizację pasm i uwolnienie 600 MHz po 2030 roku - Telepolis.pl,https://news.google.com/rss/articles/CBMijgFBVV95cUxOTzViXzFZRG5tc0lMM1NGZVJ6X0wtc2xNcHl0TFk1ZzJQR1lWbjBRZEZkblNPaGRnenMwWmhVLWcxdDdxdlZlYV9BU01NRWxxMHF0ekRhUjBqSlhZSDc4eGhxZlpoOG9EdS05MlN0MUpyR09PejdiLW85VmlWTmxMWkJQM2paWkFrc3FKMlZn?oc=5,2025-03-12 16:31:21,Telepolis.pl,Poland,PL
6G na infrastrukturze 4G - tak to się robi w Chinach - Telepolis.pl,https://news.google.com/rss/articles/CBMijwFBVV95cUxQejljN2hteWowSEdFNXdKQ2U5QmJDYVRQQkJvblBMZXJfdS1jdzBobDlfTWhyYkZsX3E4aTd4OWYwU3FaQzdlSkNoXzdaWTVxU1VHT0F1RjNGQ3FULTBtWUJUUUdyYUdLU2lKYnhJeVFibTJ0anR2aWhDTkNqdGhiYy1pNThlZjJoZ29xSHVucw?oc=5,2024-07-15 08:00:00,Telepolis.pl,Poland,PL
Chiny rzucają wyzwanie Muskowi i USA. Ich satelitarny internet 6G ma być szybszy - Cyfrowa - rp.pl,https://news.google.com/rss/articles/CBMiywFBVV95cUxPd2NoTnZuaG9ycUs5TUN4UHp2WUVoWE5FblRVekFSWXptTzlHUF9oTjlRN3lMcGcyc01MSkZjTzluLWluT3FsOXBwZjIzSG41MVlXVVluNEpMMkhOTFFQU2VwdWU3ZFVWY3BuamVXTU1WZjdNX0lUdm1HWE02V1czb3NLM0ZURHBjTDh5aGJyc1M4LTdTcUd2dHBrRFpGOXNnbzZicFh5akxyM2FSUEJvRllXVk13VUpQVkZwbXVfM3Jpb0J5Z3dkVEs0UQ?oc=5,2024-01-10 08:00:00,Cyfrowa - rp.pl,Poland,PL
Komplet złotych medali dla SP 3 Gryfino w Powiatowych Drużynowych Biegach Przełajowych! - gryfinska.pl,https://news.google.com/rss/articles/CBMibEFVX3lxTE5BTVd1ekszZHVXbGJPRHJWY2J3RVU5Vkpma2FScC0tVXVHZmlsS0pMeG5WUWlJbExobXFnY3dYVWFCMmc4V1J6d3lQWU5nZ3lFaTVYYlBLdkpBdWtDdjdnN044TnpnSXRYMDAxRw?oc=5,2025-04-06 08:00:00,gryfinska.pl,Poland,PL
"Testy 6G osiągają zawrotną prędkość transmisji danych, 5000 razy większą niż 5G - ITHardware",https://news.google.com/rss/articles/CBMihwFBVV95cUxQVGs0RTd3dVU1TUN6c2tRdEtraGRmQmJqd2pUWEpHUmRCRENROUdjSVptMVFPYXcxTXdfUDBSY183RnpJN1gxeE5kWWxGNVI4MEVpUnNtRjNLN3hJMHR2YURlRFY3MDEyeXZMUW1idWFPalplVlN5d3pXSUNxWkJQNFNIOVo4NFk?oc=5,2024-10-18 08:00:00,ITHardware,Poland,PL
Samsung stworzy sieć 6G z AI. Tak wygląda przyszłość - ANDROID.COM.PL,https://news.google.com/rss/articles/CBMie0FVX3lxTE1adUpmdUVicWFNS29kWG5TdldHX1FsOVEtVnJBODd2dXh1NU1VODJKTExOSC12Ykxva1V5Y292Z05kVllWZ2NVaTAzQlJRMS1CMnM3d21UdFBfMlBJWWFISXV1VmFKNGVHSzdHSkczai1zcTNaaHdCeEJjZw?oc=5,2025-02-07 08:00:00,ANDROID.COM.PL,Poland,PL
Japonia przetestowała sieć 6G. Wyniki robią wrażenie - ITHardware,https://news.google.com/rss/articles/CBMinAFBVV95cUxOb1g3b016Y0dHMnRudVJJcml2U1JMLUhaVnhqdVdrWVFkNTJmejhXWE1mWkxiU0N0eGdSWFhkTkRLMFhweG5Rd2VJRE1sbjFGaVpaUlNJZ0wyQjF0YTZjbXJPQ3VTVlNOUzJtZXhyWDNrSkZacDdyZ0gtMEozeDlpVUZjdm5tV2dGVnc3N0FsMFRPeURNUlU3MHRXb2Y?oc=5,2024-05-05 08:00:00,ITHardware,Poland,PL
6G na horyzoncie. Otwierają się nowe możliwości komunikacji mobilej - CCNEWS.pl,https://news.google.com/rss/articles/CBMinAFBVV95cUxOMFhTTWxyWjBlQUNaY0ZRa0RpSHNZczZqWmp4YlNsUE1pajhlaE5kd3NhSDl2ZlRfMWI4eFFpQmRMcnNTaHZjTERJeGV6RUNkdGx1TUloeXZ5M3cxWUdkeFdMcEE5eXdkLUZfZTBhOHNQVTBsT2Z3LTZKaXNyMWFleUJLRW13Z3lGWmNTZ3NlM2ZrYnFScU5yTzJObkE?oc=5,2024-05-29 08:00:00,CCNEWS.pl,Poland,PL
Nadchodzi sieć 6G. Badacze osiągnęli ogromną szybkość transmisji danych - Benchmark.pl,https://news.google.com/rss/articles/CBMid0FVX3lxTE0zR3RITnh2bTZhbWN5NmdEUXpzb3hrYlFFUXdwTU92WjBlN2thWVNrcFZ6M2o3UG9DTXhUeUw0UkZUOXpFcDFkcnQ2azNrUXJBR2pGSjdzaXd4cFVpaktwREFLZ2JEMlFpOXc4SndYQ3dmMzcwSHVN?oc=5,2024-10-18 08:00:00,Benchmark.pl,Poland,PL
W sieci 6G to człowiek będzie wielką anteną. Foliarze mieli rację? - Geekweek Interia,https://news.google.com/rss/articles/CBMiuAFBVV95cUxNby1aQm5pTWcyU2tzT3RLcnppUG1ZM0lwLVlpalg3Wk12ZU1uY2tSRWtXMUxNVG9INHRvUWlIQ21CNzc3WlBtZHdGVHhoX21XVDd3YXQ4VzZTNHZQRDQySDJIeFc0eU8xVmlMVlc5dm8tNm1Cd3c4eC1pck9fb3JPQmI4ZUUzNXVXeW5EOW5XZDV1SWpLS01BLVBTZEQ1eURtNl9xbF84YjVtOE4zeFZ1bGZLUGVPSE9I?oc=5,2023-01-21 08:00:00,Geekweek Interia,Poland,PL
6G bije rekordy szybkości. Film pobierzesz w mgnieniu oka - Telepolis.pl,https://news.google.com/rss/articles/CBMiggFBVV95cUxNS3BQVmpPUnlRNVJTZHFwQjhvLXBTZ2ZnbG1XZFd4djVWVXFERmVlTmtNdVo4MDVTamd3TTBHeGNfdUVDUGJpd0p4WkNLNXNGQTBqbnR3QmtKR2s0X2tsZXJXWjBnU1l1bzZPdlROYlZjRGp1SXNMc1EweUJ5RlZZQkVB?oc=5,2024-10-18 08:00:00,Telepolis.pl,Poland,PL
Nadchodzi rewolucja w transmisji danych. Sieć 6G tysiące razy szybsza niż 5G - Komputer Świat,https://news.google.com/rss/articles/CBMizgFBVV95cUxNSnFGampxdWI3czhMcDlRVU9KeWVXb0ptelBpamNuSzZIQ2FUMzR2cEFLTThlVUprM1ZTWGFiSmtsdV9XZ0dQRjJybWtNNWhfVkxPVEE2bWwyNUctNzRkOXVyMGRYem5obDdBY2dDc3lWMnBiWE9HZC1FSWVqelA5RUdCU09aQjRHeVFxMmRRTkhvaG5CempkbEhBMTEyOFY2UGs3Y3c2d21rbmpYZ0lXcnhZd1I5bmJQdy1HOFVILTNNT3VnX2o1YV9lbTlJZw?oc=5,2024-10-16 08:00:00,Komputer Świat,Poland,PL
Internet 6G przekroczył prędkość 900 Gb/s. Do eksperymentu naukowcy wykorzystali laser - GRYOnline.pl,https://news.google.com/rss/articles/CBMirAFBVV95cUxOOWdtamxxRXFoTnVlcHA4Y3U2M2p0dlBwbkoyRGJCSDNxb3NWMG5mVlByZU9pMlFza3FvUlJ0TlZhc3FzV084Tzd0NWpRWE9KRkJwLVZDQVh4ZWJNeEFfVV9TSnQyN1k5SzFvNEFQOHY0Ykt5c2tHRlNXbmlLZGJzT0VDWFVRQTJKbUVKYWJlNm0wQ3RuRDJXeC1TRE5mbU5hXzlnclJLNEN5MU1o?oc=5,2024-10-17 08:00:00,GRYOnline.pl,Poland,PL
Chiny testują 6G. Tak szybko jeszcze nie było - Telepolis.pl,https://news.google.com/rss/articles/CBMib0FVX3lxTE5lc2dlUExMdjEzV3Vab0xvVjhyNlFpTGJpd2ZQZlpuRW9UN1RKay02MXF5RlE3Um1YOEpDa1JFOFRKVGViRC1FREloaUN3dGVJUVctQmZiRzBlN2UxR0ttaW4zWmtJanRLUjY3U2d2OA?oc=5,2023-04-24 08:00:00,Telepolis.pl,Poland,PL
Chiny: pierwszy satelita sieci 6G trafił na orbitę - Space24,https://news.google.com/rss/articles/CBMikwFBVV95cUxNQ3RveFRTdFZaU245S2U1ZmNrNWJEWXc4ZWZNbFUwMzFpVHVHeGxMaS1yMWlBTE9qeENxMXYwczVNSWpqNXVmTjJ0MTR0dTZCYm40ZjNCMDd5a1MwZDFUNXRDSWtIWW5teWtkS0hFa2pDcFVmVXFNUzcyTDBUcWhVYXhKTHZSUHh6V19nRVBMeFV5b2s?oc=5,2024-02-10 08:00:00,Space24,Poland,PL
Na horyzoncie widać już 6G. Kiedy się pojawi i komu to potrzebne? - Tabletowo.pl,https://news.google.com/rss/articles/CBMiYkFVX3lxTE1mSXQ1VGlBdjFEdy1tWXBXTm1zWDhVS2ZpX0VuUUxvVXNBelFTdkctRFhwTG4xRm5ZQVdKaHFyX0Nmd1poOE1XYnJoTFJzVW1WVHIybGFrSnVFREpMc1NwQk1R?oc=5,2025-02-06 08:00:00,Tabletowo.pl,Poland,PL
"Chiny, Korea Południowa i Japonia w wyścigu o 6G - Telepolis.pl",https://news.google.com/rss/articles/CBMiiwFBVV95cUxOdlpPVjJHU29tQU1Kc2VHMVlCV240LXFlWkt5SDc2TEh3LVZDYnBoNW9oVjYybkg3V3IzX1Nuczdoa2NGYmlEa1pxczBqMVY1ejFVZ20ybTVZSld2aG5EYVNQYjZQMUJ3SG1oVlh3RkhGNGVXM0s4b3NmSFc2Tnh3UThjcTR1OGhtdm9N?oc=5,2024-12-20 04:24:32,Telepolis.pl,Poland,PL
Na drodze do standardu 6G: Bliższe spojrzenie na jedną z obiecujących nowych technologii - CORDIS,https://news.google.com/rss/articles/CBMiqgFBVV95cUxPTVpQNlo5SHMyNDdzTjE0d3NGNXJMT0g0Z1lUWUZ5R01qTUs3VFFzQjhzY0FVYmhEOUR2cUpoNWhqVTZtMXdUWE5Rd2JLUURFOS1mMEw4ZEZBd2JIb0daOUluejFua2pDTFExdnVBay1hRWNUa0poT29mZUZ6STRUaV84bkdmWE9uUlh5d0lqNUUzLUlMT2RkZ20ybVpHNHRrc1dfdkF4ckdEdw?oc=5,2022-06-28 08:00:00,CORDIS,Poland,PL
"6G, czyli potężny skok w świecie mobilnych technologii - MobileTrends",https://news.google.com/rss/articles/CBMihAFBVV95cUxNQTV3N0pHQk8yckhSQnY2RFN1YW5oeHh1cnpnTDU4SXZXT2ZJUWVFTThZOUxlVWllOGxlOFU5VFdYWDY2T3I2ckdibGZ3c1g1MkxHZ0pmd0c5cGZGUXlsblo5aXNaUFlUaE05N01Bdm9MT0RvWm9reHhGUzRRSmZlQXlGX08?oc=5,2024-02-29 08:00:00,MobileTrends,Poland,PL
#CyberMagazyn: Prace nad 6G w Polsce. Kiedy pojawi się nowy standard? - CyberDefence24,https://news.google.com/rss/articles/CBMipgFBVV95cUxQdmhkTWdhV3NsT2kyU0ZEZF9ZZWRJWWFOWGgxUEYwMkR4S2JSNlBfSGVfVEhZVTZWYjNnTko2SjFNa0V4UGRxOUlwTVcyVElCY0o4dUYycGN1REpNRUlBdm9UWFRuNXhkczAydGV1YlhBdVNnYmNjWWwwTmlQOUZuSDRPXzRYUXE2R1dNUy1HVWlRSWhYbWRlQ01TVkNWTnRmYjhzUjhB?oc=5,2023-03-11 08:00:00,CyberDefence24,Poland,PL
Instytut Łączności: pierwsze sieci 6G mogą wystartować już za parę lat - GSMonline,https://news.google.com/rss/articles/CBMioAFBVV95cUxPRmw3ODlKQVE5bFNDX0p3QkdvRWhpVTlhYVhvTGtRSVVsNzk4eExUeFJyd0tmWDdKelBnNVFPazVLQ0w5eVMtV04yVFY2QVpMRGFsOEEtckw1NGtBRTZlbmNSbHJEX2RXTm9reXBkV2toSUFHb3BLSnV4V20tSFZqM0ZnZU00SGNNNE9URlN6MTRObVVnUHYyTnEyN0lPdVRP?oc=5,2024-09-01 08:00:00,GSMonline,Poland,PL
Sieć 6G i AI – co czeka nasze smartfony w najbliższej przyszłości? - MobileTrends,https://news.google.com/rss/articles/CBMikgFBVV95cUxQaVJDNE8yMDYyNXVJQUNQbWs1NEcyN2hITVJwS0ROSldkaHlnOV9nTmJOZWRCSTd2N0Q3MnZ1bkZFblJWMXhrVF9DcUhpc09SRlUtdS1aN3I1X3JfUkdhMThja19weXZkSEVEVmtnaXF1eVBTU013cEtlc0JNd093b1h6U3JoVERNaGV5dGgxSjlzUQ?oc=5,2024-03-07 08:00:00,MobileTrends,Poland,PL
Nástup 6G překotný nebude. Ochota zákazníků připlácet si za tarify na modernější síti je malá - iDNES.cz,https://news.google.com/rss/articles/CBMixgFBVV95cUxPdDVTblpBSnBDUW9ZU3lDbEhWMjUtMWRINTVlUjM3YWJDVHpnaWs5cGg0OUx3WkY4RFdZbmtYdmNsZHpUNVNHN2lsd3lseTJxV0UteVlxU19RWUNqYnVMMjVBaUotanhWTV9UeGJIZnR5SWZBZmttVUJpSEtocE5lYVdfeG5YQ1FSdWFWQ1lXREh3T0pFQV9jZWRscnhmdmJZcmEzZG5xWXJiblQ5dHpKTGE4b2dsN1RXb01KaldNaC05cE15UVE?oc=5,2025-08-09 08:00:00,iDNES.cz,Czechia,CZ
Čip využívající spinové vlny funguje poprvé bez externích magnetů - ITBiz.cz,https://news.google.com/rss/articles/CBMikAFBVV95cUxNQ0VFaEk4U0tGZ1c0TnduUjlMUjdXOWtCRTAxSEJPT1lEdXBkb09ILV9zVmtpemJOOEdIUmhUZ25UZkpQcjFUOU95QnRCaml1XzAwbUtCRkpLbDIwR2U2SktUaWp6NXMtTkNaUnRrdmFBM0xuVkxWcEFKekp0R1ppaDh3NS16czROd3ZEYmx1eDQ?oc=5,2026-02-13 11:37:15,ITBiz.cz,Czechia,CZ
"Seminář ""Vývoj 6G sítí a Satelitní komunikace"" - Ministerstvo průmyslu a obchodu",https://news.google.com/rss/articles/CBMixwFBVV95cUxNUmdHWnZmekw0ak1QdU5TbXdfSDNfd3l5bURNaTNRNTZ6WWhwUFBOMjdKR05LMk5mSTFsTkVxb3FXMnFUdzlkWlVLaGlVcVpjakNGMDNZMkZHV2xNQ1lXSzZaRzdTQlFQLXBhQ0I0bWZvekJCckZkVFE3bkRXT1hZQzFIZjdyOC1pd0pyRmw5UUtNSkJ1Mm5GNkYxWmtHUkRzRDlzcGlFa0lLMkh6RThMWXRBYVozNVR5c0FOQkJYXzdyR1E4QjBj?oc=5,2025-11-03 08:00:00,Ministerstvo průmyslu a obchodu,Czechia,CZ
"Čepice z alobalu nepomůže: 6G vysílače budou sledovat lidi, Velký bratr pozná i gesta - arecenze",https://news.google.com/rss/articles/CBMizAFBVV95cUxOUzNlOXlLZTNGYUpPOW5UekpNbVVVekdnWVFScm9sOVBPbVphUGliOUEyWXU3LWdHSzExX3NScmJwS2JUUkxCSTMwSFF1SEkyMTEzWWtpT3dBWVNuUWUwNnFXNzJndW5Jdm1pYV95cXFtREdIR3lnanN0dE1NMnByMUpOVWgzNUNBanVheVJiYzd4MUhTVTlYa202eEVmajdkUHVsckNELW1nQjlTYVNEeUNzSGk5cW5ibUMwTGF0TjFMaXU4QzRXYkhiUVo?oc=5,2025-12-25 08:00:00,arecenze,Czechia,CZ
"6G vs. Wi-Fi. Evropa zatím nerozhodla, kdo získá celé pásmo Upper 6 GHz - mobilenet.cz",https://news.google.com/rss/articles/CBMipAFBVV95cUxPSmdMQWZQZnZUaEZaU2t0ZWZad1dETEFFMzhDNlRjbmhVdmMtMlhObUNBdmZhbHp6d1VJcFZIR2w0Zm5NVnRISnBxOVJaOUQ5akMtLTBudlZaUzJOQ0JIWkJGemlsMi05UGEtSTlnQ1RMUTZVWmQ0aFREY1RUM1RSRVdfUnF0VnQ0TElLSXpaR08wQlVyaDl5dDloLXdvYjFYLVQ2LQ?oc=5,2026-01-05 08:00:00,mobilenet.cz,Czechia,CZ
"Sotva přišlo 5G, chystá se síť 6G. Technologie nesmírně stárnou - Metro.cz",https://news.google.com/rss/articles/CBMi5gFBVV95cUxQQzM2Tm5qNVAyc3haMjd0QW0xLW5RTHBxd3RNNEY5dXpiQ1lDOS01dl9GSXktNEpqbEpOWE02V0RmRGY1X0hESG9UQkFtUFpGUVBURVFyMndtYnVKTjdnNkNVdW1TTjlnaTQ5NXk5d2d1YVVHOWhhNThzaHdSakVPaWlOSHBwazNYeWZjUjZRTGdweEZBbmhIQTNZOG4zM2k0enJEX2lxRHlXRzMzYzZueTZfNWtvbFdPNjJKeG0tRGd4cFNHaXRTRG9TOVFXY3RpUkltX21RWDBNSVhwaFlZUmI3Q2hXZw?oc=5,2025-10-26 07:00:00,Metro.cz,Czechia,CZ
Jak 6G a satelitní sítě formují budoucnost digitální infrastruktury? Odpoví seminář MPO - Grant Thornton,https://news.google.com/rss/articles/CBMiwAFBVV95cUxNblI0UjU5N2xRcmpUSG1UZG04YzVCNVBmbnRGYi1xZkVuRXFGR1hxbVZSbHhDandtY1JaTWJuR3NaRDFhWjcwalVtUm1YNnJPNjZjaUJyMlV3T2NBZGUtcXNWd2Q3SkxGeUVCVWZVNmlJajFLUzFVbkZlRkpKSllwc0JSRGFFUVJ5eExMMkpWVkxIWHhXdklXSzJBNG5aT2xKb3ZxWG8zX202aHU4cFltNk9HUWN2MTlLWi04NjIwd00?oc=5,2025-10-06 08:00:00,Grant Thornton,Czechia,CZ
"Fiasko s 5G se už nesmí opakovat, zní ze Samsungu. Pro 6G chystá zásadní změnu - SMARTmania.cz",https://news.google.com/rss/articles/CBMioAFBVV95cUxNOTE4TzhPamZ5ZUJOTTNoX3NLLWF2cnA4U2JaLVlOTGZYNnBldTlna3lOYWdoUEdHWXZaaTlyRDRNejl3MVZ4eHAwUDhqWXdjMlM3NklXOTFmb0QzdlM2RkhmRTZGN1N3RUhfSnFpX1NKczYydFF0SnBacTJHMWRDdjcwOW9jU0QxYzhSaEpIelFXMVFINzR2YlJnLXhPc0Jq?oc=5,2025-10-29 07:00:00,SMARTmania.cz,Czechia,CZ
"China Mobile demonstrovala rychlost 6G sítě, 50GB soubor stáhla za 1,4 sekundy - TechFeed.cz",https://news.google.com/rss/articles/CBMikwFBVV95cUxNVUVmT3kwOG9odFN3aklPYzJDeDRnNVRlbUVlVGp5anh1UUF4dWdURVlDMF9fNHNPMlJSYWZ1ZE85Tk44QVdkb0hvLW0xVGd4cUNYblptd1V4VHZXOXJJWm5vTWVnTmV4SWJCS0FnQy1BbUZKdTlzTlVFTE0yWjIxUVJ5cTNKYlFzOUZORTFneGF5SjQ?oc=5,2025-07-25 08:00:00,TechFeed.cz,Czechia,CZ
"Operátoři a wifináři se v Evropě hádají, komu by měl připadnout zbytek 6GHz pásma - Živě.cz",https://news.google.com/rss/articles/CBMizwFBVV95cUxPZDdxN1lnQTl3ZVBDYnE2UC1HaGsxdi05RnkzcnBMdGpQcnpaaVY2YXRFamVWTmJBclY4SVlySVRQWnB5ajBpb3FQYmpyN29TeUpQelJsQjhuWkI3UHF0djNuVFBFZDZMbDgwRmNtRG9hajd6M1p6bTZQejRDVXU0RjNlS3ItNEY5ekhFcmxnZ05FZDk5RUNzTlJvTm51NVlTRXVsbWN6bUtwV1dJYmhjb0xISmdnX1BLaW5BS3N4NnZUblR0d013NGFQdDZMR1U?oc=5,2025-11-13 08:00:00,Živě.cz,Czechia,CZ
Za pouhou sekundu stáhnete 20 filmů. Kdy se dočkáme revoluční 6G sítě? - Mobilizujeme.cz,https://news.google.com/rss/articles/CBMioAFBVV95cUxQVlREQ2Q2dGgyZ0hYN2ptRFZXX3Z2Qm1SY1MyZDFKWkt4cnpwUDhwTWliY3RYSGZ6MDhFOXBmajhnVnBRZXBLd1IwV3FXbzZfb3NfRmExU0pKNHlIbTRrc2xuLXdLNG5JSDhBUUdQeWtaU0ZyNzFSM0NUVmZmXzRCTl92YWVOb2ZKdjQ3UlI1VGlmMDg1c2VLZVRpdFJnQlQy?oc=5,2025-06-19 08:00:00,Mobilizujeme.cz,Czechia,CZ
"Qualcomm uvádí na trh čipy Snapdragon 8 Elite Gen 5 a Snapdragon X2 Elite, které poráží i Apple Silicon. Firma se chystá i na sítě 6G - Hospodářské noviny (HN.cz)",https://news.google.com/rss/articles/CBMi8wFBVV95cUxNQ3hHc1NxZF94OHRHUUJmYjNqeFNFLXdLbG9uY29xaldja0dDSjJuU01rRVVMMEZ3c3NsZGhLYVlOWllINjctYmFBd1pFbWV0WWYzbXZNWGdPa1Z1dXM4UWt5YnlBRE1UOHZUejI2Q3d4LUNUWjdyeVdGbm11bE5zaTBIVzFtWjA2MDRVUjY4QmlTemVFNjlBeHZRd2lCaUlFbkFjT3RSWWNfN0RxSmdRWk5SNEhGOUZDZ21GSFA4bThvZTRTczNJLWswRVdDMXNsQlBkV21UTnZEM2VfRjFBX2tEOXB3SkxiaWZJbGJha3U0aEE?oc=5,2025-09-24 08:00:00,Hospodářské noviny (HN.cz),Czechia,CZ
6G: Nástupce 5G se stane branou do budoucnosti (AKTUALIZOVÁNO) - Alza,https://news.google.com/rss/articles/CBMiP0FVX3lxTE9fWjVZYXJHMkxPUElIcXNFTUZTZlREVjlZc1VKSUUwWm9NczJxV25XY1REdnlIcDZuc3pBS05YSQ?oc=5,2020-09-08 09:51:23,Alza,Czechia,CZ
6G síť: Kdy přijde a co od ní můžeme čekat? - 21Stoleti.cz,https://news.google.com/rss/articles/CBMif0FVX3lxTE1aLUNNazBkV1Q0Y3VYS190TWJzRlQxSXd6cU9oVk03Y0JFdXNWbk1UTDhMOGIySTc4ckZTczN5SGVGRGdySVFjRUdpcGgwekhCQnRzTzlMNFRjVGdsNUxJYllkR3Y1VVhkQ2xQRjE5c016NGtZbFZoMmUyWHFpUjQ?oc=5,2025-02-12 08:00:00,21Stoleti.cz,Czechia,CZ
"🎧 6G sítě pokryjí vzdušný prostor i podmořský svět, říká technologický ředitel O2 - e15.cz",https://news.google.com/rss/articles/CBMixwFBVV95cUxPaDFQdDZycUFoNWVQc1RYNVl2aXFxNjFxX0dPdUdKaEVrX3hXQUsyMHJ1bTdJRkhObnd2QnhmTEZlMGo3SzJaNWE4aS1FVnFWX3NncTBuallOUTh2a2xTbzBKMGZWNGJ4M1RHTmpjNzFEX0JXRk9qV2E0THBQbUFrd2dyU0sxdmMzYTZUNS1relJhaHNINF85TUJRaUpXTDBscVp3UkNVeUtpM0F1dlV0YVoyZTYzTUJDUzlTNklheC1KaUdwaVFj?oc=5,2024-12-16 08:00:00,e15.cz,Czechia,CZ
Samsung se připravuje na 6G NTN: vyvíjí modem Exynos pro satelitní síť SpaceX - mobilenet.cz,https://news.google.com/rss/articles/CBMirwFBVV95cUxNSHNfQ1U4cFhycUpqVy1fQnB6R2dHZ2RmUk40ZzlXenllUkhJd0dpMnRyNEVoYTF1NXlMOW1vOXZsYTNCUVpoeUJoR2JZdTZpZTBPd1NZN1ZHY1liOVM3VTVyU1NqbXUyandOUXZkdnBSaTFwTy03UFJ0VjNZTklzMms3a3JnMkpSQUxSUS1aSURYdndiVzFMVFcyZ2xtVXlwaDlDaURSel82UGp5OFB3?oc=5,2025-10-26 07:00:00,mobilenet.cz,Czechia,CZ
"6G síť jako nabíječka: Vědci navrhují technologii, která by dodávala energii přístrojům na lidském těle - ČT24",https://news.google.com/rss/articles/CBMi3gFBVV95cUxNaEd6TmN1a2hYcmcyVG1OakJWYmVpZUp0ZDVlckhJYk9JNXpBRVNDTm5oN0dPUGVTSVhKdnhuYVRRNXBWa3RRREg0SFBNdHJhU29kaldJd2hfNXM1dlJWOXhjRzFzc2szMTM5bjRMVTlOLUcyd0ljRTRoZnZHOUF6NTFrTnpnNGMzbC1rRE9XUGV0SUNOR0NycVNfQW4zNE9fLUVQU2RuZ0lFYW1nR1hvSW1YeFJZQUpGbkNUTnVURDhyYVdkN01XUUV1NkJDTTl0bDIzLUk4S1J2d25qcmc?oc=5,2024-06-12 08:00:00,ČT24,Czechia,CZ
Blesková rychlost i datové připojení v letadle. Koncem dekády se očekává příchod mobilních 6G sítí - iROZHLAS,https://news.google.com/rss/articles/CBMivAFBVV95cUxNTzJZcWxHTWh0Q3BYU213SG0zc3p2dl91aXZoNC1NR3ZXUVh5Q29mSXdHeHNCZlFTOGVhaWd4UUhJdDhfSDBzXzVTYnlqYjRXSjRxR3VhNnhvZkl6b1VtQVRBcHBXN1hwbW1YSi0xQ1h1TG1LM3dsamRhdVgwNU0yYWN6NWhSU3NvQTlVRUREcTB2dDJpYm1lbzBXVmNoRENBTFcyYlVRNjdzWTFISFVIalBVdkFQWjBNVTloaA?oc=5,2024-06-24 08:00:00,iROZHLAS,Czechia,CZ
"Sítě 6G slibují terabitový internet vzduchem. Západ se obává Číny, která oznámila první pokrok - Lupa.cz",https://news.google.com/rss/articles/CBMivAFBVV95cUxPdEZ1SWNNMkVFc29sZE5hZ01CS29PLXBCNzhfT0t1SDJDX3lkREpxMlRFQ3dFMTJ3YnlDOUVNcE1iV2UzelpDcUc2Tm5XT25pcEZWOVhyWW1sREE1Z0hIdlpUMlVvM3pqMzNiRjZzVHI2ckV0czRSb3RFbHF0dWY5M2FjR3llWXJ2VWJhSnk0blFjd0ktOTQyRW0tc2RGVVhvckg3ZlJCSXdJcWlJYkl2azBkYkV2MzdMTG03LQ?oc=5,2023-05-03 08:00:00,Lupa.cz,Czechia,CZ
Vrací se zlaté časy Nokie? NVIDIA do ní právě investovala miliardu dolarů - mobilenet.cz,https://news.google.com/rss/articles/CBMiqgFBVV95cUxNdjUyN3lGaXhPMkhpUFlpSWFRWFV6QTZQQ0VQU08zTDdYRFhZaHFPNXg5WVpPc3dLQzlJS2ozMWoxTGhXRnhsMHBEVDBrWDhaVkc0V3JiX1NpUHRvTGQyclE0UGZ0YktDakpMTVRHckxJRHpubG0xX3BUMkl5TXVRUnVkSk5CZ3lGb3pvUXZGUmlzUkJhTV94bWMtR0lkRTJudmMzZ1hxRHVXUQ?oc=5,2025-10-29 07:00:00,mobilenet.cz,Czechia,CZ
"Šílenství mobilního internetu: Verizon sází na 6G, Nokia přináší průlomové AI inovace v 5G a vlna zavádění 5G otřásá světem (2.–3. října 2025) - Bez Kabli",https://news.google.com/rss/articles/CBMi-AFBVV95cUxQZEJEckc3MHpQMnByUFhFMmM0SEhhdHg5X2cwWTNwVWxCMllrN0JBemdfdlFvNmF6YlJKWk9tWFVRSUdIVUZ0eEx4U0pUVHBpMWNCQ1BUc0NBcEQ1dXp0RGZkd0VkQVFNZDgzUk9vWmJma0h5MHVTbXBSQlhLeUFoV1RXOTVBUVg1WjBISks3Y05FZTdueEQ1TUhKMmJuN09UOUVHelBpcmptXzI0NW1ZMXRBYUZqOGJmdFpQS0s1X2hZVkFDWTFnWTc3QXNsVjFnMHRWMmE3MC1qcG9YRGh1bnhVZUN3dkJScnhMTkRJUXo4NmpDM2Nhdw?oc=5,2025-10-07 08:00:00,Bez Kabli,Czechia,CZ
Mobilní sítě 6G budou spuštěny už za pár let - Novinky,https://news.google.com/rss/articles/CBMipgFBVV95cUxQUVgxLTEtcnQtVk5VYTVDc3MxODZJMnNFYWpLUlk4cTBpT2RtaDRCWVN5dXpZX2NSUGo0OEo5Tks3YVVlUWs5Zm1YeWtQWWhBV1Rsc2dsVVI1azhXdG1KMXlSaUsyUkl4aHdBN3RSakpCNGwyVFdnX29tV2M4TG5lUTkwbnBqaVI2RnhyLXVaUW1MOVZWUnFvR2ZZcXVhN09Ka05Ed0RB?oc=5,2023-03-15 07:00:00,Novinky,Czechia,CZ
"6G v Číně dosahuje nepředstavitelné úrovně. Je 9000krát rychlejší než 5G, za sekundu stáhne 20 filmů - FoneTech",https://news.google.com/rss/articles/CBMiwAFBVV95cUxQVk8xZ1JmaGozWjktQkJjUl9QVWUzVWhoRDBpMjJMOWV3Wnh1S0xDUEtfd0p4ck9abXotbzVZMkNGVXdDWmVHbG91c3h1WUt4Sm9PeW1hQ05iY2JuU0gyU19zSW85SC01WnhweW5PajZjU2hmT096bFowUmhaejRfTFRiMUpzckVYRmp0U2MyQ2tONjZXNk9kODdKLWNMVjhOcUdKUUJIS2NpY2RoajdHWkRwRUptT3JPbm9VUEZlbTQ?oc=5,2024-10-18 08:00:00,FoneTech,Czechia,CZ
Česká republika se připojila ke společnému prohlášení o 6G sítích - Národní úřad pro kybernetickou a informační bezpečnost,https://news.google.com/rss/articles/CBMitwFBVV95cUxPcnVIelVrZlhwRkNzVXpnTC01VkZMT1BWM2U2LXpxQkNpcDBpSHVuNkQ0S19ENnFEV2JXUmhjMEFjbnpMd29VanJ5dFV2X1V4d2pWUTVfUnc0bGlwTDRGQUxSX0UxU0c1QjA2SWw1WVg1LTJvOExCWFRaN3F6X29VMnc0QXJJUkFpakRQRVF2Q0JQbDBpTmE5ZUFHUnBGWmpHLVdENlRESUZxODRSV3Q1dkNENXZwZ28?oc=5,2024-02-27 08:00:00,Národní úřad pro kybernetickou a informační bezpečnost,Czechia,CZ
Čeští vědci zkoumají novou 6G síť. Její nasazení je plánované za zhruba deset let - iROZHLAS,https://news.google.com/rss/articles/CBMioAFBVV95cUxOUXZxR0YtcVQwWXZGLVYzVzJzZ1liTTZNbTZ0WUx5aGFuS2R5ODRsVzBvbU4xM1hMZTE3UUpPLWpVVEJnaTVaTk05bndoYS0yRVBDLVlDR29Xcnl5MUtKQ21Nbk1XeUxBRk9vWDQyTEZPcVgxVGRRUVFsRTBnR3o1ejNoOVRPSExfQjVqY3BSTGRCeTFQNmplZDd4UHlSRWtD?oc=5,2021-10-24 08:00:00,iROZHLAS,Czechia,CZ
"6G – terabitové přenosy vzduchem, ale i velké otazníky - wired cz",https://news.google.com/rss/articles/CBMihwFBVV95cUxNbk1iTmQ0UnpITWZVNW1MSlNYNVNHZ3RYVUhFSVRXc21hWWpUQmliT3JKQUpGVG1iQU9WWGF6elFETGM0MEdOWUFhY0dyOEFoaW8yeUdtY3Y3d1ppVlRFWmN5Y3QxbnlzTzBhQUlDY3haZ2hjZ0xPMHhZbmFsYTFnQlY4cHpBT0k?oc=5,2024-11-08 08:00:00,wired cz,Czechia,CZ
"První smartphone s podporou 6G přijde za šest let, tvrdí analytik - iDNES.cz",https://news.google.com/rss/articles/CBMirwFBVV95cUxQRTlmdWV3dlhWZVdWNDlXYWF0LVEwNmNZT21XRmdJMGR0UXBMeHdEUTYzVmtmb1Q1Q3Y3UEhWM3pGNnlxeGdIWURYeGxETzBYdXFFMVZ3aEcwX3prSmE5WjRaMUoyWUxIOUhrWGRJcVBDblhPQ2Q1LVRKRXFKa0liVlNxTjl5dWQydEgtZXBOa25GeFZ3XzBFcHdGbUlpYkpXNDJTaktmdDVGYUpqZkFj?oc=5,2023-03-09 08:00:00,iDNES.cz,Czechia,CZ
První 6G síť vznikne v Jižní Koreji do pěti let. Proti 5G má mít až stonásobnou přenosovou kapacitu - MobilMania.cz,https://news.google.com/rss/articles/CBMihAJBVV95cUxOcVJzaUpRbXE4YVNna3k1SF95MnpIUUdWNklUbHVZRXA5V0p3ZTgwbzZEWFd0eUs5R3N0ZW5Bd041VHdLeEtUWUs3dW5yWkE5RnJ5STJIX1ZxZzk4d1JPRzY5Z0RwZDR2Z0lNZ2pHY0dGbXZIVEJnLWg1WmFqano1cjA3S1hYLU1NVkM0ak9xWkdrNTdHalpXNXRlZzJFNlBKM1BBckhtSEJOYzE3MURaSjNJTzV6X0pHTGVITl9qOENWRTkwMVdEWERTS0RldGVYR1BoMkIySmhrdjZIZHFnN3pSbGRnaGh6QU1vbjJ6Vm5uRG1LUW44OTZPOWJfalZ4QURQRw?oc=5,2023-02-21 08:00:00,MobilMania.cz,Czechia,CZ
"6G sítě se blíží, mohly by snížit počet dopravních nehod. Na ČVUT otevřeli speciální 6G laboratoř - Radiožurnál",https://news.google.com/rss/articles/CBMiugFBVV95cUxQSHlQTmdGUU5kNWo0eDNDWlJFel8zdWIxbjloTTdwR25OWFNvWmIzbzhMUUI5MGlvNW9vYVFDZHZOOXNMMDhoMkppS0k2U0VwOGFfdzkybG9FdHA3MHRwX05VVnVqeFVJaFBTOGtoYjhEQ3RkeDB4N3VMTzhkVmJucGhOdXA0ZjIteExhSUx1MFNhN19QNHoxLXlkbS0tZ0Y5T2xGc0t2Q0IxSVRBUlJPdUhHUlp3ellNRVE?oc=5,2021-10-23 08:00:00,Radiožurnál,Czechia,CZ
"20 filmů za sekundu! V Číně pracují s technologií 6G, je 9000krát rychlejší než dnešní 5G - SMARTmania.cz",https://news.google.com/rss/articles/CBMirwFBVV95cUxPcl9CWm42aWpHbWxHNzlnbDVqbnZBdlM2b2h2NXB4TTVab29rQTFnYTZxNGFWNFdscUlIVE5ONkJ3YjVSZHkxT1VhT0ZDT2liQ3B5Ukk3M08xWGRIWTBibTU1R09MSV9UZmdKZ1puM1lITlpvem82Z1BHTTRORFBrb2xpbVNUWlk1ajloWTBCbXI0M2psZE5QdThQczhOdWJkd2F4VzRrSm5TMV9pUFVn?oc=5,2024-10-29 07:00:00,SMARTmania.cz,Czechia,CZ
V nové laboratoři v Praze vědci zkoumají 6G sítě. Přinesou hologramy a svět plný dronů - ČT24,https://news.google.com/rss/articles/CBMizgFBVV95cUxPbE1sVllQTjZ3alAtaGl5SFFBR1NpVzliVXVJc3c0X2xoVEN0c1RyWnh5SEtpNlZfdjgzS0xkcWxWWHNUYjFKZ0FKNGpfdy1IdXdwejMzQTdjQUtFZkdUY1FmRFNiek0xb3FhbFZmenFIbmp5Z0ZyTi1FMTVIeXJ4ZTh3aHpfbTRfUEJuX0xfdG5FbzN1cmNKNXlaSWZ5T2gyTER3ZWt0UmlxTGo1enhVMWtyUGxJRkw2ZzVFRXFFSzRDTWpxM1JyYWx3cmNZdw?oc=5,2021-09-23 08:00:00,ČT24,Czechia,CZ
Síť 5G je mrtvá. Ať žije 6G! - Ekonom.cz,https://news.google.com/rss/articles/CBMiZ0FVX3lxTE5GN3hQck5DamxwV25ZS1poX1ZHb1dvekdzMnR5SE4wYWdNT21uYUZfbEtuLTBIWWc2OU0wTVRjSzB1Nl9TWkFSb3E1TE4ybTFMdWtCTzc2M2FzMXpvX2FxQ1dHZDZyd28?oc=5,2023-04-06 08:00:00,Ekonom.cz,Czechia,CZ
Cesta k 6G: nízkoztrátové materiály - Vše o průmyslu,https://news.google.com/rss/articles/CBMinwFBVV95cUxQZTB4c2dhVTl6UDRRZXhJUXloN2RGSGlIdHF0X05UTElta3hvWDdvSHJLcUtTUHlYd1lKZ05uRmp1cHZ2SUtzNFJweExBMFFCYnhWaTJpbko0QnR1bUROS3JEWlRJaXFXdlV6M2tHbVhudF9FbUc5QkRjZnlNaEN3N1lDMnl0ay02bVdmVTltVHUxS24tQ2RNX0YydmYwMzA?oc=5,2024-12-20 08:00:00,Vše o průmyslu,Czechia,CZ
6G: Huawei a Samsung už pracují. V ČR je nasazení 5G v nedohlednu - e15.cz,https://news.google.com/rss/articles/CBMiygFBVV95cUxPSGZVaFRVbDhuUHY1MnRBaUEzMlVyUjd1S1FWalNLc3pGSTNRNExHak5YMUE3azZyeG5HU3BFN1haOENkcW4xcE11RGItQ0V5T3lLRzBpaTMwVDZnUkgzODZQNTZRdFBKTk5LVWRFcW41QnI3YlJMZmd1LTdROTdHZ01RbkpMQXk4a01jNE1aQXd5eUw1QkItZVgtRlEzd0h0RG5YM2ZGMnVFM19Ma3RUcGp3aGZLZGducV95RUs4Uk5tajNGRzlPVVFn?oc=5,2019-11-02 07:00:00,e15.cz,Czechia,CZ
"5G Standalone dobývá svět, náznaky 6G a otřes v satelitním internetu – Telekomunikační přehled (8.–9. října 2025) - Bez Kabli",https://news.google.com/rss/articles/CBMi0AFBVV95cUxQdlpkcUZxbktBR09iT3pDam95RW5oTURJOVJRY2xJNDRZWXd5QlQxRG5lOWdxS1otUnBzRVBwNFE0Ukl6Ml9WbHVDUXEyZzd3bm9KeElna01fMnJWVWlqWDN3X1Y5YjQwT3lySlhnbGdXNEIwVlE5dHRwbTJ6bDFVNzVmVnlKTUlTcUxsTUljMUkxNzI3X0Y1MU9jYlJvZEM1bU5tbHZqd2xTM0xDTXlscXVQYnYzSzVaNDhYdHYzYlVzSm5Eem5UTVUzTVBJdkdN?oc=5,2025-10-09 08:00:00,Bez Kabli,Czechia,CZ
"Nepředstavitelná rychlost! Čína otestovala 6G, Amerika je znepokojena - SMARTmania.cz",https://news.google.com/rss/articles/CBMilAFBVV95cUxNeVlYd0huUnR2ZVd0eEQyQmdhVWpWZXZRT1MweVE3Zmx1cUxoWExFUUFBY3ZFZGlOa2hYOVMxbWxWeGpmV0RlUExza3hURDVaeVBLVkdSR21lWWVySk4tcjhuRGozdFl4dGtFQWlEekpOVy0xaGVYNmwtaEFVc1JqNGxqbThlaXJacF93WFV1dDhHRGZo?oc=5,2023-04-24 08:00:00,SMARTmania.cz,Czechia,CZ
Přelomová 6G anténa přinese tisíckrát rychlejší komunikaci a 3D hologramy - FoneTech,https://news.google.com/rss/articles/CBMinwFBVV95cUxPLTYwN2lUdDZMNlFlN2ZHTXBQR2RMVVM5LUpBWndqaWZFaGIwVS03N1o0aVlJcHllcGYyQWlqbnBuODM0eC1QTzZQSmdlS1RYQzhiTTNnZDlWNkkweF9QWkRXU2NKWU1JbGVmbnZVV3ctLTBHc0lWQ3hfVG0tV1kwTk1fT0VYRHVwMEYzX3FDVkF6X1dkOW1lN2pydjg1c1E?oc=5,2024-05-08 08:00:00,FoneTech,Czechia,CZ
Finsko se připravuje na éru 6G technologií - BusinessInfo.cz,https://news.google.com/rss/articles/CBMihAFBVV95cUxNTlpxM1R3SHZvdkxVMXJGWmpUaXFCQllHem9NOF9oNUVZVl8zRGJjSGVienhBNUpUYmNNcUpvYlR6V0w0Y3RyT2pfa1pSTHAtMnV2elBMaUNEdFNING52Y3QwUUZoRTg2WTBuTDFkVTV0UDlLZEIycmMxbXI5MVZWMENoZ2w?oc=5,2024-10-01 08:00:00,BusinessInfo.cz,Czechia,CZ
Balonovou sondu využijí vědci pro zavádění 5G a 6G sítí - BusinessInfo.cz,https://news.google.com/rss/articles/CBMilgFBVV95cUxNSlZJU0dTa2stSTJzeXRydHAxMWdaMEZRWGpXNnlYSnJzMGN2US0tZGN2NXhqZXMxbzBlSmZFalJsa19CNkFLZFE4d1lTYmd2anM0S0NGaVpVblJac2JCNWgtNUkzeENkRm5EYU1XbHpLTFYwT182RHNMZHYweUlzdW91VXk3d2JJMFhXVjlnRUYxNkF6NEE?oc=5,2024-09-02 00:53:53,BusinessInfo.cz,Czechia,CZ
"Souboj o horní pásmo 6 GHz v EU: Wi‑Fi 7 vs 5G/6G, Německo podporuje mobilní sítě — rozhodnutí RSPG očekáváno 12. listopadu - Bez Kabli",https://news.google.com/rss/articles/CBMi4AFBVV95cUxNS0JqZTJPbkFGM1Nucm1jN0RIS0YwMHhfZWYwTk1xUzhLMHk3cFVIdUZRQldacmNmcDl0VkVPb1ZrZVVfWVFnQjB5ZEpHLU1UUnhsOFlYRHMtQml5WFdyVFMwMTRfa0lpV2lva1ljREZkSDhsTE8zSnhFRkxhaFZFZnZSdHhxQTlqOEFaTEpUckpWd0dMZ2NBcWRrZUlDcUoxeDFwZ3AzRzBfZGdLWFZzTHBwUE9XRTJseVZYRFNlb3BqaE1MbzQ0TFV0aUdyVlBZTjgzWjBLd1VxUmh5cnN4dg?oc=5,2025-11-10 08:00:00,Bez Kabli,Czechia,CZ
"Celosvětové otřesy v GSM internetu: průlom v 6G, satelitní dohody a milníky 5G během 48 hodin - Bez Kabli",https://news.google.com/rss/articles/CBMivAFBVV95cUxOcTNmem95cUdtYW15c3gtUXNtbFZXd3dHYUxkY0IyOTkyLVFXTm1nS3Jtd2RPdC1tUVNEN2tFZWMxNG1JRmFfWkR2VzhUX0hYWnJ3US1PTi1YU0o4MUw5ZzZMSHNRMzBRNURNSzdIR2h4Z0FjYUFPRzhWRWNnbjQ2U3d1d3Q3cGdULVR5RXJQbVpQRUE2YlJRMldGR2hKWXBFY2hCSTJoVl9YS1lSRjN5Tm1DVVRyTFBHMmFsTQ?oc=5,2025-09-17 08:00:00,Bez Kabli,Czechia,CZ
Čína vyslala na orbitu první 6G satelit na světě - Novinky,https://news.google.com/rss/articles/CBMinwFBVV95cUxPbUxKcWV5Sjljd1JGU1ZLdW9lNFNScUhCSDl1Y1ViZ2xKcWpiWkQxdlFIWFRvNGtQa1dzQ1dFUnd3NENoZEU4U3J5RWtiaXphMDdtY0JLS2JGYzNvTmJZUW54ejlMd1EzVU1RTGxlUW1hMTdFV1VPLWgyT0NzYzNXVzdfckZLcTA3bnRydGVuMk1uNUQ2aDdMM2VBTUZ5Rm8?oc=5,2020-11-10 08:00:00,Novinky,Czechia,CZ
"Celosvětové šílenství kolem GSM internetu: milníky 5G, rychlostní rekordy 6G a satelitní megaobchody během 48 hodin - Bez Kabli",https://news.google.com/rss/articles/CBMi2gFBVV95cUxNZnVmdDNJRE44SVBKYWhnV0psZk91ZkF3TnRfR2JSUkVTWl9JOHlHaW9ZZHFGTkx5SzAtVW10U3JZRTRYYjl5Tlh3bUJucWl3UFhpVXpMN1RjUHk2NWtNS0hNLTd0QkVFZXNrLVJ5b0lVVFdoQUlHUGNMQlhaclNpb3NvWXJWdlhsVWRxa25LYUdVZndCS0d5ZGdTblphSDRkQ3lURF81WEV1TW1HR21SdkJ0ZVp4N25PM2NsV0dvcnlRNFNpWllJSmVsR0lGRW5XSjJQTGQ1YWZmdw?oc=5,2025-09-19 08:00:00,Bez Kabli,Czechia,CZ
Čína vypustila první specializovaný satelit pro testování technologie 6G. Je až 100× rychlejší než 5G - VTM.cz,https://news.google.com/rss/articles/CBMi6wFBVV95cUxPV3RtS1hIbjhLYmhnNkxfdmExOE55M0RWSDZRMDVmRFZBd0tNOElxSXBIbXZXdnVZMTBucy10QnRlZmkyb3B1VmwzQkNJaFdEY210cHF4UVVhT2k4RUNJTE1KRmkxX0pER1ZmR0RuNE54VUV5ZjQ1ZW1rOUZtblhiUDZ2NDNkdHJiSWxtaXFyTVlZNGE2STVhUGNSa1hrN0lFb0VRRF9wSE5SeDlMOUNYeERNRnY4bE4yZ29DVGdNd3cyd1BndW9tOC1uTGNIM194T25VVEpPb2pySkE2YmpTcVRpVUlpQkFKbFN3?oc=5,2020-11-12 08:00:00,VTM.cz,Czechia,CZ
MSI Radeon RX 5600 XT MECH OC 6G (RECENZE A TESTY) - Alza,https://news.google.com/rss/articles/CBMid0FVX3lxTE5pTVJCdGFCWXl3ZWsya19vMFZXMERzbFVDaGlmNTJxaHdkQkNCNV9MQjhoa01wSHU3UzFNTk1PeDBxTW9oT0V5bmlubHVXaGk5MGxHd2VwbGJHMFdKMUJRT0Q2N2ZPZ3BiZnNTbUJTbTlRV1NKX0hR?oc=5,2020-04-16 08:00:00,Alza,Czechia,CZ
"6G už se pomalu blíží, Čína vypustila první satelit. Jakou má mít nová síť rychlost? - Prima Zoom",https://news.google.com/rss/articles/CBMiZkFVX3lxTE41enVDS2tGaFNQQmgzbkp6R3lNUWdFc0JqMmlaRFVGLXlUVnYzUGtJcmdnWEEtVHltLUNxWDZEVUtudEZBVGNoNE56TTVlVzZRc2RBdGlZRVJXXzF4V3VrYTJRQ0FYQQ?oc=5,2020-11-15 08:00:00,Prima Zoom,Czechia,CZ
MSI GTX 1060 Armor 6G OCV1 (RECENZE A TESTY) - Alza,https://news.google.com/rss/articles/CBMib0FVX3lxTE1BaWZUakdVQUVYeHBxdks1b0pPLTBLR2VGWURBNVgxOENNV0xGc2ZyeDFzdDFSQ09EbmdYVzVLdVdvVm5iaHFiQzc3WVRFdFM3RklXYk1sVUF0V1djV1ZsUTRwc3JHbTg2R0Nza1RIRQ?oc=5,2018-04-06 08:00:00,Alza,Czechia,CZ
Gigabyte GTX 1060 G1 Gaming 6G (RECENZE A TESTY) - Alza,https://news.google.com/rss/articles/CBMidEFVX3lxTE0tdFV1bGZJSzlZdlBpX1JBNGNKb0tzTk1NdWc0WDRvSktCb2RuN3BsbW02UzRfZUNLM0szck1RVUgtMWRHb2tFX3FNSzE5WXZTVUVfQ2J6Y3BHSENkN2JDbGdYZXVXY2QwMDRlTFFvTGlzWWZH?oc=5,2017-10-11 04:00:12,Alza,Czechia,CZ
Gigabyte GeForce GTX 1660 Gaming OC 6G (RECENZE A TESTY) - Alza,https://news.google.com/rss/articles/CBMif0FVX3lxTE13OVZRc2t6MThxbEMweWFoalVCRHJuZW51cXV3bWF5a01lTVJUUEdvdDhmMjRmamlsU3hkRG1ienRya2g3MUR1QzhyaHprb05qNFphX01qUjVCNm9EZm9yeURnUUNrbU43RjRZdmcxUzJoQnFtSThobGs2eW9jNHc?oc=5,2019-03-24 07:00:00,Alza,Czechia,CZ
Gigabyte Radeon RX 5600 XT Gaming OC 6G (RECENZE A TESTY) - Alza,https://news.google.com/rss/articles/CBMigAFBVV95cUxPeldWa0pqZ3duaHJZdzRINjVJZ3FEZEM4QUZmdFZ1RXpCckJ2X05HWEtiTXZHbHVOMDFNRG4tQTVXTVEtWTgxVDZqRGc3SV9ScGVpYzhFaEt3WDdOZDNiM3BIMVZtaE5NUUJxVU03UnZldGJ3X21vM05QM0dudElWMA?oc=5,2020-01-26 08:00:00,Alza,Czechia,CZ
"Monitor Audio Bronze 50 (6G): malé, hezké a dostupné regálové Hi-Fi reprosoustavy [test] - AVmania.cz",https://news.google.com/rss/articles/CBMiX0FVX3lxTFBTaVdaZVdxbmJqdkhITXNvbWUxQ2xIZS05NXdQYXlTR3QyMXB1MmFkVHNYcFNBcEtESzF3Ul9aSjVGbTdUdVhXelEyWHNVSjIxeGZhNWVxYkg0Z1lKMnU0?oc=5,2021-06-27 08:00:00,AVmania.cz,Czechia,CZ
Monitor Audio Bronze 500 6G: univerzální dvouapůlpásmové podlahové Hi-Fi reprobedny [test] - AVmania.cz,https://news.google.com/rss/articles/CBMisAFBVV95cUxQcS1KRWZaZ2ZBYVIyVjltYXR3aWVrXzRUN2pNNzFlNTRxa3VGZlVBWElucUlXLW8zVkVNdEdHMnZUNlk5SUtYcjlYb0RXTm42d01tOUY5QWx6QXlUY3phREJqbnM0LUlsTnRZX1Bwd0JlMVRnVXVZaGRrMUZPVkNzY09OMkY5emh6VlR0UnpPZmJhenlBd1VrNFlEQlBpN2VGMDFmMTF3UEtJYnkxYVY1dw?oc=5,2020-10-11 08:00:00,AVmania.cz,Czechia,CZ
MSI GeForce RTX 2060 Gaming Z 6G (RECENZE A TESTY) - Alza,https://news.google.com/rss/articles/CBMid0FVX3lxTFBNQV9QZ3ltMlNkYW9HY3dzY1JlYVQ5Z0tsNkZzOWlGajJuMHVZOHl5YTFKbTBJVW1kM3k4ME9NZVE2OGJzRndCSDNLRjZJZjBGcWZfWl9rd1BmMWZ0VEJtNzZKOThDT3BaTXVYb1NKZE9ncmdwUURR?oc=5,2020-08-07 08:00:00,Alza,Czechia,CZ
"Zdeněk Bečvář (6Gmobile Lab): 6G sítě budou decentralizované, z každého zařízení bude i vysílač. A nebo taky ne - Lupa.cz",https://news.google.com/rss/articles/CBMizwFBVV95cUxNdU5TX0dTMHJmUDhtclN2YzhHNmNrWW5zRjQ4cHhQX1V0Z0pmTlZVZWNCTk9ibUlXbThRWXhRNUxpWVQ2NDN2UDdoWkFXNXd4azhoaGJfMV9XUEZCSjduLTZMclBaeEM0V2lqVDlFaDd2S044dUc3QW9hQzR6YzU2NVd3bWNUZHRHaThfXzRqSGExVlJPa3FSQnJLTGMzazFOTjdlbzFZR3lZcEFfazVpbHZ3clNqc1JxRjEyVlo2VlJHdGxCaVFvUldJMXNGRGs?oc=5,2021-10-12 08:00:00,Lupa.cz,Czechia,CZ
MSI GeForce GTX 1660 Gaming X 6G (RECENZE A TESTY) - Alza,https://news.google.com/rss/articles/CBMid0FVX3lxTE1YM0xibld5OW9HUEJTRjhHbmY5S3BXRGJCdV9BU0xGZXNoVjRsVnRNa0NEZDZCdURLZV9QdGVPTHVQcDZkZ2MwV01RRlhSODlKLWllaHRkSFBXcmgxb3RjcXN2QnJpV1MyOGxIbTJUaFE0dWpETFR3?oc=5,2020-07-17 08:00:00,Alza,Czechia,CZ
Společný podnik SNS | Evropská unie - european-union.europa.eu,https://news.google.com/rss/articles/CBMi-wFBVV95cUxNVUF0Vng0TmZ5aHoyQ2E2Wkl0RjJBUVZVTGtuc19zUkdTMTRDSzZzZUo1WTJ2alphRVRHYU1jYy11VHRHak9KTzlmRloyN29OX25PMVNPRnBSM1NtQ0t6MHlWXzg5bEJCWTdVdmZIWXBqa3B4LUhiempNaFlBcmRjTG51WFBidmZIUlJvWGtYaFV4S1NQUG5NZ3VyZk9IZTBXaFVrbXFNWlp2UTVHa25RWHc0aEJlWml3Y3JMZWtRSXlOWDVRQXV2U1l2Y1QzazYwN3E2WUpLZVRyQkl3aGVSLTZCS19QY2dUQlRSVjBmUXVSczdENnRoWmJFQQ?oc=5,2023-06-04 07:26:25,european-union.europa.eu,Czechia,CZ
Gigabyte AORUS GeForce RTX 2060 XTREME 6G (RECENZE A TESTY) - Alza,https://news.google.com/rss/articles/CBMigwFBVV95cUxPSjJiNmZRU05VbnMyU3liZEdlMmU1Q1pkSDNMQ2xKZnlkbjZxMmlieEZoanRmMHZZOWdTMDRYcGdTUWNLX0xNOWVOcnltbnVpUDN6eDJ3cXRWbC1McnBEY2lrTmFtX1FkbzhCVnZDWS1ZNEdtaHJPajdDc3RoM2xVbjBNVQ?oc=5,2019-06-23 08:00:00,Alza,Czechia,CZ
Přetížení 6G: dva HDD SATA 6 Gb/s v testu - Svět hardware,https://news.google.com/rss/articles/CBMifEFVX3lxTE9CcnlySFVDdGxNdnBxXzNITW9SalQtbHZESGpHZ1dXNTVEMzNPUUljV01OdUFONXNWRzlEcHlsall0c1gtbkRQOHJxNnEzZ21rbUl0dXMySTg0MFRVQ0NfcjNyMEs5c2J3SVRyYW5hbVlVVEthYkY1QjNVZUk?oc=5,2010-07-07 08:00:00,Svět hardware,Czechia,CZ
"Zatímco se svět hádá o sítě 5G, čínská armáda se chystá na 6G. Chce získat technologickou převahu - Echo24",https://news.google.com/rss/articles/CBMiwwFBVV95cUxPVW9uQzJmSEJUTXZvYkRqTi1XNHRUc2pVaG1vLTJCdldYSS1CRTd0VDFMTG5Td0x3ZFJ3X3VRbFFqRHpCWkQ4di1EMkdlSmFoNEtva3Y2cnpxQjM4QW5WZGVESm9HM2NyZ3I2d1A3RjAtdkQ4R2R0b0N3aWpGdXJkWlNscUxCQUtvVmZwa2VTZWdUR3RUM19NM1hBVzlEZWFsaGF2SE9LNEFrSzlGQzNsWHJSRm5mZzlLNFIwYXlRSUZLd2M?oc=5,2020-04-19 08:00:00,Echo24,Czechia,CZ
"Biovýroba, AI, 6G... Čína se Trumpa nebojí, představila plány pro letošní rok - MSN",https://news.google.com/rss/articles/CBMioAJBVV95cUxOQkxhVVJ6Q21IRXJsRlNWeGwzMTNSbmJHRUphY0xpaWVYVlhGbzJrb2RvRWl4X0lnWmhfa3M0Tlg0SGNMOUtQN1dWZUxhRWg1X0xpUDBGZGcxMk1qY1pyNVZvTXhPZlVYLVhjcVlUSFduOERDX1UxYm1STWdjZGZWYlZaeUI0M2tBSDluZlBId2NUajBNWDBIaUJ5cnlXSDROLUY0b3dFaTJqOVJXcmlGT2F1YzFXb1lBRV8yb1dRcVpKY3oxZHJMQ05PaVRLeWNBaEtERTFPaDlFS0VmN0NFdUdzQXRrcVdVUFFEWFRFcnd5V253SXJiSzk1S2JjODlnYnZybFY4a3lsVVBUSlJROHVBNW4xSkwxQUM3U3dBalA?oc=5,2025-03-07 17:14:05,MSN,Czechia,CZ
6G ještě v letošním roce? Huawei v Číně zahájí první testování - Mobilizujeme.cz,https://news.google.com/rss/articles/CBMilwFBVV95cUxNazZldUs0WFhrZ3IwRUZhOUpyYm44ai1fb0ZZbThDOC1IX05QTDZZMmVtTlI3MzBiZnk5eHpla3RuQnRqZGtpQVRkbk4tRlM0bHRtOWk2MjB2Z2NsbzJ1eFQ4NTVCT214WlBCdU5mNnB0MThkUmNrcUhYdFRXbzBETERsaU1WbUY2eVJjOXc5VmE2OWR6cXhJ?oc=5,2021-04-28 08:00:00,Mobilizujeme.cz,Czechia,CZ
Češi z ČVUT získali prestižní grant. Povedou mezinárodní výzkum v 6G sítích - Lupa.cz,https://news.google.com/rss/articles/CBMiqAFBVV95cUxQR0NxUlpKYjZ0VHh2dzhicE84M3BxTUxhNno1WjBSOG9oeDViTy0ycE8xWmZxZjNXVzh2S3NhaERVMTJfSl94Nm1KVnB3a0FzTTR2ZlZzMnB4YWgwN3Uxa3RORmNFMDZTSG81Z1VLaExGMHR3c0hqdldnVkRteEYzRURJTG5jaXR3YUVsekEtNmtXM09GMFpqTGQyanJ0Z0UwME1rVXRSVW4?oc=5,2023-04-04 08:00:00,Lupa.cz,Czechia,CZ
GTX 1660 OC 6G: Nejlevnější 1660 od Gigabyte v testu - PCTuning.cz,https://news.google.com/rss/articles/CBMihgFBVV95cUxQYU9LNDRqQ1pHMFV3NTVRUVprTjJBYjBZaEZZdUJUa3NSS2IxNkw4aGo2OU9PM0VhVzlDZjZ4aDNmRFA5UFVEOUJLRmRtMENOb01FVzRVcldocWJWa1dKaXVwYXowS0hIWTRIejBpMTFZdWthMDlkRDNSOENBVUhxQkpMV2xkQQ?oc=5,2019-04-16 08:00:00,PCTuning.cz,Czechia,CZ
EVGA GeForce GTX 1660 SC ULTRA Gaming 6G (RECENZE A TESTY) - Alza,https://news.google.com/rss/articles/CBMiggFBVV95cUxNVUN4aDVmaE5yT0RZczZRZGpScW9XVGliN0x4YTVWZXhRZWxqR2pnLTZCNzhyZ09QTnRvMXFrUmRYTjRYdVpiQkhmcEcwaDZRZklvZFJwRk9DYlV1RXpnbGJNYy1fbVE4Ukp4SHpCRUdzUDhoLW02bUs2ZTVXUjcxQ21B?oc=5,2020-08-10 08:00:00,Alza,Czechia,CZ
"Čína vynesla do vesmíru první 6G satelit. Nová síť bude 100x rychlejší, než 4G - CDR.cz",https://news.google.com/rss/articles/CBMinwFBVV95cUxQVnFtRF9Vbmp6WURWb0pzSHZPQTdEeXBJbk93d01qX0Jnd1IwOWRQZGJJdHk1U1Z6TGI2blZadjhmNFloeENFMm1GWGhybXFQRVZHdUtMUkRuRWJwTUFlaHhDYWxuZ0lDTWozNVl1VC1Iak1zWE1pcjhDdVFBV0lwUUF5NGxraE83UV9nSVpQczI5TjNoVGFHTFZFYzZFV28?oc=5,2020-11-16 08:00:00,CDR.cz,Czechia,CZ
Zdeněk Bečvář (ČVUT): Na projektech za hranicí mobilní sítě 5G už pracujeme několik let - Peak.cz,https://news.google.com/rss/articles/CBMisAFBVV95cUxPYldPaGhrdFFHMm5vN3pPTHREdU1tM3NETnFac1ZKOHFCTW1QdkZ6TW82MEQ0ZmRka29BUTBmVEFGU1lxUkdEc20xQUZBbEZOOVltdFIxa3RWNS1NX3lsOWtZb1N1NHpPWTU5Sko4X1pjYUhqdG9SYlBHSnFVZy1ISnI1TTdzdmhrSWhtUXRqbEwwajFTeU1XX1c0WUdHNmtFV040RDFhczNUeXd0Z0NDcQ?oc=5,2021-10-27 08:00:00,Peak.cz,Czechia,CZ
Gainward GeForce RTX 2060 Phoenix GS 6G (RECENZE A TESTY) - Alza,https://news.google.com/rss/articles/CBMigAFBVV95cUxQZjI4WEl2MXFqdGtqdGl6ajhnMWFleWRpYlJsU3U3bUdWb3RaanFYTFVtOTBPNGhVY1dldnRxbkRtbWRwODlKUkNpMGZ3RDZKUFV3dFBTWEhBNWJkZUU2b1R5OUZsVTZLaE9PTlQtcUg5VndiYkg0bEx1ejZoSU92Yg?oc=5,2019-01-14 08:00:00,Alza,Czechia,CZ
Honda Accord 6G a stručné zkušenosti majitele - TipCars,https://news.google.com/rss/articles/CBMiogFBVV95cUxPOVYxTjZxeHZCZTRoUHl2a0dBTENFeWRHMXZlMzI1SmhIdDNaUkdnM1ptdy1rUkV0SzRldmhpaURjcTh3dFVVTnR4TzRUTUN6XzFrMFhoM1ZmdXNKWlhwaEd3b25xZVdqVU83TWgzR1htakxMV3I0QUNPQXAtN2tKVzFjemVBNUw4RDRYZzJfSWtqYzlKWmZKdzY0OUJGaU8zTVE?oc=5,2013-04-03 08:00:00,TipCars,Czechia,CZ
Přetížení 6G: dva HDD SATA 6 Gb/s v testu - Svět hardware,https://news.google.com/rss/articles/CBMiigFBVV95cUxQRXp5S3J3a25VX2FUdXdYVkJuNWlxQzU1WVFwbkZIYUphTE1VbGhsSDA2NjUtVThZUmphVDc4REIyRm9PRjloZkRaLTdxOEQyYUJXZGhPaXprSERod1VqR0FUX2dWaUN5cFZ2NzI3QjlTOUlWZFY0VTRXZDVVd3dKMjNlQ3I3N1dVUXc?oc=5,2010-07-07 08:00:00,Svět hardware,Czechia,CZ
"Robert Vávra: překonávání technologických výzev, AI a příchod 6G v T-Mobile [rozhovor] - Dotekomanie",https://news.google.com/rss/articles/CBMitAFBVV95cUxPVk1iUkFTa2hGd3BWTVJFelVaSkFVZUNQazZuOXJxYkNyTXBjSHg1X3R1MzFvZm02X0g0YzNUT05nVFBoX21zMTVPdksxUXpYT2g4R1djeXFSVEY2dWc5TWczZm5OcWpRUjVQSGUwdDdldnZRWTgxWW01NFJrZnFMcUtuZnpDQVVVWE9BUlNXVjgtdXpEZzhEdXNuN0dMR1REZnFla3Z6eVNQN2ZuVFN1NzJsUnjSAboBQVVfeXFMUFNSR3NyM2FDT0xUT2lUX3ZGQzhzd0NocFlHd1JLeXVXUXVYVC1nTDN3OU5SMFVncEo2SG4zak1PQjluX2hmcG1mZGViLTBLT2VzbjU3UEhmVkg1dHg5b0E1Tklnb2JSdUhDd3RQeUo4aEhOZGZFMzdhUm9tUlMzZ1hYTjJnclVqcHByd1BhdkVuaDlXMjV2akhOLTVmWUhmODdpUzlrY2lBUmI3Nlc1c084Z1Q5b1l2RGVn?oc=5,2024-04-09 08:00:00,Dotekomanie,Czechia,CZ
Monitor Audio Bronze 200 6G: výborné dostupné podlahové Hi-Fi reprosoustavy [test] - AVmania.cz,https://news.google.com/rss/articles/CBMipgFBVV95cUxOLUNCaHRTREVqY2paaUg3YVAtVkM4ZTZ0MTR6enNCeXRBVFdURjJhcGQ4cWR0VEZpajZiRVc4blF2QkltY0FYUEg4Q3g2T0tFZXdaNjlDenI5a0gzVWNtMVRMeEhEZENKb2xSSzBrSVRabzFGZ2JvTkY4SzBjM2lRa3lCeFU0cUtYSm1pcmRkLXNzaVMzLS0xTVJSODJlaUFFcENPLURR?oc=5,2020-09-20 08:00:00,AVmania.cz,Czechia,CZ
2× GeForce RTX 2060 od Gigabyte pod deset tisíc v testu - PCTuning.cz,https://news.google.com/rss/articles/CBMiigFBVV95cUxNT2pTWG9xR2QtUmZuN2k1LS1UZ3Z3R1pQdzMzZ2swYzIyOEF4dVEzVDlLT0tFRVZ3NHZVWXBKVk95VmVBT2gtbEV2bVliTHY5R0lOZGVQQnlXM2ZaNWJMcWpoWWNLWjVDdHBlTjJlclBxbXc2dlFHQ29GVHpSZTlPakVseFpVQmNYMFE?oc=5,2019-03-21 07:00:00,PCTuning.cz,Czechia,CZ
Honda nám přichystala příjemné překvapení. Bude nová Prelude a hlavně bude i v Evropě - Autíčkář.cz,https://news.google.com/rss/articles/CBMitwFBVV95cUxQd0xpYjFVNUVXeFRFaExVdkpTQVlGMnlGcTBMYld3R3A3SUlWQ3hSemUyMGYxakpzaXhZSUpRQms1N2Zmbkp6ZGJzWE0zYmpsZ1BtMFk0ZU1sYUpoZlh5eFNOX0w4dUNXOG1GQ3RIQ0ZBQ2NzU2hrc2k3UUdOTGJyMEJEMmYtU0xIeVB2ajFzb25KelBtWWVPejF0TGxUSkZUQjV3d3FWM1pwMUF1WUtUTzFYTlVfc0U?oc=5,2024-07-22 08:00:00,Autíčkář.cz,Czechia,CZ
"Samsung má velké plány s 6G, uvést ho chce do roku 2028 - Mobilizujeme.cz",https://news.google.com/rss/articles/CBMijgFBVV95cUxNQ29rQ09HOGFHWDU4aWp1M09pcnJLckZUeTA4by1YYXF5bUJvNXlWcWtOMjZ5NkVnbGNuLVpXdHlyekZsRTdDcWJ2NTVqR1NuZTBjR0VaZUZ6U1JxLWVUeXZXallEYjYwLXppZXFqQ0dqbzViMnFpYUkwU0JDSlJjb01kNU02T1J5UGFzUV93?oc=5,2020-07-20 08:00:00,Mobilizujeme.cz,Czechia,CZ
Přetížení 6G: dva HDD SATA 6 Gb/s v testu - Svět hardware,https://news.google.com/rss/articles/CBMiigFBVV95cUxQZEExRUkyRUNUeUhncGFtVmlkeWMxZktEbEY1X1lqMW9PV2pEMVpmeXFZMUNSNEdCODdBN0I3SlFYQk5uX0hjY01VaDk3bzc5U3VCYW94VkYzTUhQZl9EcWRKNjNlRVJiaVRTSE5MS0xyTTBscm15ODJkQ0ExVzJSa2RyMXlSSEUzbUE?oc=5,2010-07-07 08:00:00,Svět hardware,Czechia,CZ
"Nikon 18-55mm f/3,5-5,6G AF-S DX VR - Digimanie",https://news.google.com/rss/articles/CBMickFVX3lxTE5SelFXSTNyS0VqTzVsVDkxQzlsYkdqR2dpUVg0Wlo3UFdxWHZ5TTZrX0w5YWZHN2tfVHB1U2dtWnBDZlhpcHl3TmFrNHpRbGw3eUVLaHhsdzZDM2pLS3BkSTRzRDd3ZF9nVmRvYWM3eDhTQQ?oc=5,2011-08-01 08:00:00,Digimanie,Czechia,CZ
"Nvidia GTX 1660 Ti: Nová grafická karta, která potěší výkonem i cenou - Živě.cz",https://news.google.com/rss/articles/CBMivgFBVV95cUxQLXZTUVFWS3JYLThSd1NsRVhjNW9KU2cwWDhZcU5zMjBoYVpBa05CUFZCRFdjeHpTSi03dVNZQUVmYlRmVnZTcGdYcDZoWWhQRUJ2UVY2Tk5IQUV5UWctdU1uVXk3OHBkaWdlLTFHQk9na3ZkMUZBWU9NbXB2MHNoMFNXTkdEclVHVjdGMGZwblhGRWNaX2NKUDRkeUVYSG52RW9Hc0dERjYzNDY3R2pvTUZTMGxIX3l4dk9MUXlR?oc=5,2019-02-25 08:00:00,Živě.cz,Czechia,CZ
RECENZE: Gigabyte GeForce GTX 1660 SUPER GAMING OC 6G - Diit.cz,https://news.google.com/rss/articles/CBMigAFBVV95cUxOWmpoMVg4WTYtMzRvMGU3WGk3a0ZFanQ4NTk3dzNoWm1FRjl5N3N5SktpR0ZZamJxTGQyaEV0Q0R0LW1jVU94WmhPLW9IeVA2czJMaUZVcWp4NFg0MzJvSDlDTUtuZE9pX1FqMjhiTlB6Mlk5NlFBd29TQUJFNVBXdg?oc=5,2019-11-29 08:00:00,Diit.cz,Czechia,CZ
RECENZE: Gigabyte GeForce RTX 2060 GAMING OC 6G - Diit.cz,https://news.google.com/rss/articles/CBMieEFVX3lxTE5MbWQxZGV5X2RsMVhsY2FYUWxUUGdxc1RLc3pjbW1NSWJWUlhSUXVCQ0hxclNJaXRtV0w5NTlXbC16LTdCVHR1cHZPa0xMNUpta0o1QkF2dzVUYmk1YXFZU1ZHN0Vwci1GbzEyMF9hRUpzc09iQm5JSQ?oc=5,2019-02-22 08:00:00,Diit.cz,Czechia,CZ
RECENZE: Gigabyte GeForce GTX 1660 Ti GAMING OC 6G - Turing bez RTX - Diit.cz,https://news.google.com/rss/articles/CBMikAFBVV95cUxPVmxzVDlnWUotR3A5TjYwbm40ZUEzbE5vTVlXWnR5ZENhZzVmSHRkR3lQSkJuSk1YYTNkXzFFRnFTY0MyZ3hvVlp6MU1GdVFrUG4tQi1vVVRGYXBKbUptZGItdmZ4V0xSRU1ISlVjandodXZqVW1TcFZoNm9Wc3RxOHF3NnctRmlmRFdhdU0wMG4?oc=5,2019-03-15 07:00:00,Diit.cz,Czechia,CZ
"Mobilfunk Abdeckung mit 4G, 5G und 6G für Industrie 4.0 und Industrial Metaverse – Zukunft & Campusnetze Ausbau und Entwicklung - Xpert.Digital - Konrad Wolfenstein",https://news.google.com/rss/articles/CBMiQ0FVX3lxTE5LZkdDTldBZ0hWLTNsN0g3aDhqRmdlcEVLOTNNWGZBRGlZYWV6UlZxZ2RkbDRlM3lubkZFdUxteTdkNUXSAUtBVV95cUxNRU9TMFdBUF9NVnd1TzNGdkpTMEkzVjZGbUJDZTF3R1NmcW9uaHlpOXNjSjdoT3BZbktEV3NzcldabkFXWG1zQzhFT28?oc=5,2024-03-02 08:00:00,Xpert.Digital - Konrad Wolfenstein,Czechia,CZ
RECENZE: Gigabyte GeForce GTX 1660 SUPER GAMING OC 6G - Diit.cz,https://news.google.com/rss/articles/CBMipwFBVV95cUxNTHRkMVhhR0RFMXpFaWJub1Bnbktpb2RNZTUzV3l2RWhyYk5UdlQ5bG1JZkxRWjd5d3RCYnpBQlRfbV82SVJ5d3UyU0U4VVhtNkprT3YtYmZ1N1F0cTM4dmhPR1lmWkZ4OTFnOEM3UEpHbl95WXhWbjg2X0drVGlCWExyejdCMjUzaVJSMlVVcG81QlpGZ1UtRUdfTnpwS2VvSDFVMzRIdw?oc=5,2019-11-29 08:00:00,Diit.cz,Czechia,CZ
Honda Civic 6g: Automobilový asketa - Autíčkář.cz,https://news.google.com/rss/articles/CBMidEFVX3lxTE8xRXJlNUIwOUFtR0gxeHVZTkphVlNUMEJtQ2JPS0dCcFVSSVdMejgwRmNWMl9aWWo4b05LNHVDMTVKcFhIS0ViUklhcUN1N0Vja0o5S0pQSjViMDNRaGdjT1c3UGNoVDRROFBBTk9GVGtpeFQx?oc=5,2015-02-04 08:00:00,Autíčkář.cz,Czechia,CZ
USB 3.0 a SATA 6G v testu - Nové technologie nastupují - PCTuning.cz,https://news.google.com/rss/articles/CBMihwFBVV95cUxNMWtZMnhUSURnaktvNnpwcnZoYjZXa1h0aUExdWFKTTZEbEdSa3NRZG9Jd0s2Y29Vdl9GQ1BQaWw5Mk8zR0ZhTHhaVGJSYnhGQ196Vk1qMDVDaE12ejQwZ3N1NlJlNURFWlB6akozWUlnTlI2WnFhRVZtTU0yczE0LU90NWNCNmc?oc=5,2009-11-17 08:00:00,PCTuning.cz,Czechia,CZ
Problém s GeForce RTX 2060 6G - nejdou nainstalovat ovladače a PC kartu nepozná - Živě.cz,https://news.google.com/rss/articles/CBMi6AFBVV95cUxPR0pBRVpfTURDRzZzN3doQW9NQWhxTFp5UjB6Y1A1TzJqQ0xDYnBtd1dFbFFEazBGcnRzYjFMcFdGeU1XUXpKS3FTWkZ3TjV2ZHlYTlJkLVFOUjNLalI4UDNRUlpxNFRmak1yXzRjcjlEcWIzUXZzejRzekRJR1lKUUpteUp5Ykxxdy1UOEFlU3VNZkJMcEhaRHVtUjFhVEV1ekNTb19hMTc5NnpITXhkZDdEQXoxdXh3YTA0MGVNdlREcHNJYVBzRnBJZC1HYndUNUFKQ0Rid2JmaGZXN250c3YxVWFlemst?oc=5,2020-11-12 08:00:00,Živě.cz,Czechia,CZ
Čipset AMD 890GX - Nejvýkonnější IGP a SATA 6G - PCTuning.cz,https://news.google.com/rss/articles/CBMifEFVX3lxTE5OcmJfcHRLektEWDdVUV9aai1iQkdDRkdnTnlGN1ZvQzg5RDlHMng0TmNndE9pSHNiTXlfNFBBRUdvdFJHc3VuM2czbWQzREVjamg5bnNJdGlvOFRkX3pnTFNzOF9ZclZLSXdaSm5vWGY0MXhmMUVOaFc3cUY?oc=5,2010-03-02 08:00:00,PCTuning.cz,Czechia,CZ
"Test objektivu Nikkor AF-S 16-85/3,5-5,6G ED DX VR - FotoAparát.cz",https://news.google.com/rss/articles/CBMimgFBVV95cUxNVTE3MHdOOHpxRUVTc3o5VjZVWl9jaEVRR1R6SGkwQW1IdlVPT0NQeHo5dFlTX1prZnNuOHpDZzZMQUc3ZDd6RnZpc2RrZWVjczlSNnhoVkpFNzgzNFRxZ0VtVVp6UWhIV2UxZW0yQ0Y4Zjl6U21KMGtOUGh0Q3lEdEFMSHBUeTJudkJuTVlZYnoyOFRsLXRjUWVn?oc=5,2008-07-08 08:00:00,FotoAparát.cz,Czechia,CZ
6G szuperhatalom születik? India mesterséges új fejlesztésekkel gyorsítja fel a jövőt - Nice.hu,https://news.google.com/rss/articles/CBMiygFBVV95cUxOWVZwVmVzM2N4X0dKMXBJajJ2MVloUG1ZWGNaRzNnUTJUMmhDb2FHX1ZJMDU1cmZmN3NKUWhhNWhRZ1ZVQVRIT05rakRxcXRLeVUzZGVMV1ZOeExoZmtBamRWbVFWQmk2bWl2eGxlcU90el96b054amFhT2xxWVIxUVpKSzZ3NUNFRE9sZ1paMEp0VGVEaHVLZlpDbjdZT05vRGRRSFZjekM4c25penFjbldFOGxQTDVhMmhoeEFabnNpeWZRN3FSQlNB?oc=5,2026-02-14 09:29:47,Nice.hu,Hungary,HU
"Budapesten nyitott 6G Labort az Ericsson, magyar egyetemekkel fejlesztenék a szupergyors internetet - | hvg.hu",https://news.google.com/rss/articles/CBMilgFBVV95cUxNUlBHRnVWSzJveEJ6ekhCeFhKc2ROclNBSjBsaVl1eWZhaVMzWjZWdVhCdV9HazM3Ui1xYUZtTXB4anBqeXlxc2ZKSXJ5RnB6REFNRVRIdjNIVTZCOF96RllPMnUtWXR1SjVkazNBTFBlRmR0RHQxRDBGTTQ5NHJaYnhoX0FhSGZfYVJPZ1FGaFdHcENIV1E?oc=5,2025-11-12 08:00:00,| hvg.hu,Hungary,HU
2026 lehet a 6G-szabványosítás kulcséve – Nagy lépéseket tehetünk előre - newtechnology.hu,https://news.google.com/rss/articles/CBMimwFBVV95cUxOZWhmSEk2RU1MSlNGeDF5aVdEQ1NoNmd4V2ppMkRzV05MbktRUmlWTFl0QXo0UWRxNXRJd2M4andLdV81N05NZXVvZm94LW5oa3kyLV9nT0JYWEFUb0x0XzdRQnAxNXFkbDNlY0xCQnpVdHNLZ1ZtUGE5MUw3NmZwMHM2VXg3RjVLa0pUQ1RBc1ZUNmlTUWpzMUh6dw?oc=5,2026-01-20 08:00:00,newtechnology.hu,Hungary,HU
Már 2028-ban tesztelhetők lehetnek az előzetes 6G-s eszközök - HWSW,https://news.google.com/rss/articles/CBMiekFVX3lxTFBSRVZXYkt6MjIyVldXSHFnSmcxMTh0TkRxc1dhUFlOaEhmcVRtZkE3TS1HLWFLVGNwU20xT2QyT1FxZ09EZklHQS1QVUw4TVA3T1NvLVc3Y0s1RVI3dHZDdlpSNjJ2U1c0UWV3a01haHNEQzRoT2lfNFBR?oc=5,2025-09-24 12:08:04,HWSW,Hungary,HU
Magyarországon fejlesztik a jövő hálózatát: 6G labort nyitott az Ericsson Budapesten - AzÜzlet,https://news.google.com/rss/articles/CBMipgFBVV95cUxNS081VTBtdGJYZ1NvR1lDX0RtZzRkTnA2MTlGLXVRODF1WG1KcDhmMDg5VnpmSjdWQ3NNSUNhZjF4enV5cHN6RTNpc3N0QUtDMjBQbjhqWVp0UU54MEVRTXViTnpLcUFUVnpuVUV5am9zZlo3N09ZYmFOdm9kd3dNVDZ4WEVDTTFybFlPTnJVQlZteVZ0TldSSTY5SVp3TW5jYlMwM0lR?oc=5,2025-11-17 08:00:00,AzÜzlet,Hungary,HU
"A 6G nem csak kapcsolat lesz, hanem intelligens érzékelő infrastruktúra - Nice.hu",https://news.google.com/rss/articles/CBMitwFBVV95cUxOSGVoVlk1UllSd1lNVGpzcEhfV2c4OEpUZXo4Rm0xQ2lPdGxTbzExX1JGLUMzUE44bzM2c3lZY2JUXzBKdmw5OXB4VVZ2ZzIyT0cxTFNjS3Y5MktmMVZMMGVBUC0tczc4RVpfME1ya045V1JKcE9QV0toVU1ZYWVmLVhmZnkxbjJremc3S2tDR2drWHM1M1dwaG9Gd2hydElvWS0wLVlSWlVob0lxRXhDNzN1VFd0QVk?oc=5,2026-02-13 08:51:28,Nice.hu,Hungary,HU
Merz: Németország biztonsági okokból száműzi a Huaweit a 6G-fejlesztéseiből - Euronews.com,https://news.google.com/rss/articles/CBMikgFBVV95cUxOb2VHRloyRXlXMnd2dnBUTy13SmN6a0NpLVNydkdWYTRQbFhhWl8yVkxRNTQwcGtvZHd6Vzd2bk9oS3FQQXMwcnYwbHc0R21fZUw2ZHlFdlZUY2djREg5UUZ6bnVCbzZMSmRIVGZQamRsOTZ4TlhRUVBNYzAtV3VJbWs4V01mckdoYlNOaFZhNHpRdw?oc=5,2025-11-14 08:00:00,Euronews.com,Hungary,HU
A Nokia szerint 2029-ben jöhet a 6G - NapiDroid,https://news.google.com/rss/articles/CBMiY0FVX3lxTE9raGZxLU4xZzhYQWM1N1hzRVhUVU1lbkpkZnVzZUxtc2xKXzhELU9iRGNRYmR2WXZmTnlTRmhaVkwwYmxsUHJhdV93TVlxek4zS0xvb2s0cXRKOE4tMnlaUktwSQ?oc=5,2025-06-29 08:00:00,NapiDroid,Hungary,HU
6G labort indítanak az Ericssonnál - BorsOnline,https://news.google.com/rss/articles/CBMiekFVX3lxTE5waHIyUkhGMDZjdmxGdzNLSVAzbnhGd2VZZ1JmQXoyYU10b0F5Z0FHRVNYMUlPX1lyaEhJZmY1SmxkMUIwbXpTTENnNDNuQl9nbjhULTNwRHNDdXV6dld0NzFmYTd1dmgzU19CVXpreElVRmNmeHMtR2Z3?oc=5,2025-11-12 08:00:00,BorsOnline,Hungary,HU
A HUN-REN bekapcsolódik a 6G fejlesztésekbe - hun-ren.hu,https://news.google.com/rss/articles/CBMikAFBVV95cUxOX1JXbGVVOGt4OExMT1poM0Vfb0RBNVQ0QmRHUFJSTnBFRGhzTVRtZGNuRWVyTS1oWWU2emFUanh0RDFPRDN5Y3BkdHlUbkdZXzROS2wtbGdYd09iVnVCSExjQWdGQm4zRWl2VlRkWDF3TDByZUVoWUZCcUxqdExXdUxvX1ExRlNIRVVnZ0xVb24?oc=5,2025-11-13 08:00:00,hun-ren.hu,Hungary,HU
Az 5G miatt aggódik? Hamarosan érkezik a 6G is! – Ekkor vezetik be az első kompatibilis készülékeket - Blikk,https://news.google.com/rss/articles/CBMibEFVX3lxTE1WczVqLUR5d1ZaZXlyLWtsMlp2ZDNwdGpBMUJPeUxpWlFXbUdFTWw4dWlOaXkySkVuOXptdjBZcWJHWkotcXJOYlBnNERoYTlPTVRXVlhERWQ5dEdDajJlWUFjVTh6TV9MSnYwaA?oc=5,2025-09-26 08:00:00,Blikk,Hungary,HU
"Donald Trump kamerák előtt bizonyította, hogy fogalma sincs, mi az a 6G - PCWPlus.hu",https://news.google.com/rss/articles/CBMijwFBVV95cUxNM0tVTWhIUzdpMVhKSHlHemYwMnBySU4yOWJSNkVFWkZ4Nk5UZk5MakxvdVMyVHR4ZkkxcDdsMDk2MzdYVWpfS2hnYVN0a1Y4MzlyVkJuYW91eEtBQ1FtNlg5cDRrMG9kemhkWXRleHVzSjBfaDgwOG1VWmN3X2xubjZJUlM2VkVBb2V2UnhQVQ?oc=5,2025-12-11 08:00:00,PCWPlus.hu,Hungary,HU
Budapesten nyitotta meg új 6G laborját az Ericsson – merre tartanak a fejlesztések? - digitrendi.hu,https://news.google.com/rss/articles/CBMipgFBVV95cUxQQ2hnTkswa1hiTVBUVGhSRGw0VmRRNk9YbXJhcVdHSlhWU0RLa0hGUHd5N1p5clVSNlpIYTVuNjhNZnNMWE84endFVnpTMTFLUGNLSmM1a3pVcEtEck1QOUYtbnJERHctcnk3dEJqbzVSQXNVMi16OXdEWk5UZHlwRVY2Mmk4V3ladkMxTU1aOElfWEJQMXd1TjF1ZkxkRV9JMjlMU3Rn?oc=5,2025-11-14 08:00:00,digitrendi.hu,Hungary,HU
Tech: Kipróbálták az új internetet. Az eredmény? 18 GB másodpercenként - | hvg.hu,https://news.google.com/rss/articles/CBMiggFBVV95cUxOT3B4Sjk4Y1ZfNkt0ek51TFVGNFFfZ0pVTFd4NWR0V2JhRVlMQnNfV0hnSUNmcHRNd0ZvVXBmckhLMzZKem1yX3RCT3l4N3d1bG9uRkc4a3hpcE9OaUJlR2VVbTRmQVVrU3h4V3h5OTd4Z2xMTWk0aHBfNll5UHJpeGhB?oc=5,2025-10-13 08:00:00,| hvg.hu,Hungary,HU
2028-ra itt a 6G-s telefon? - Nice.hu,https://news.google.com/rss/articles/CBMifEFVX3lxTE85VkJPQTJrSHdqdWJCOFRMb09JdkNRc1RDNDBkSkdoZE1VdWdpRmxoTkVGRkVRQUlwWkRUSUk4VVZ0VTNjWVEwcmVIQkJvX1hDY1ZYSFpDaldpcHZfSnpnSEdKZllYNkY0ZElUaDRJa1dKaGt3T0pCbnRNS2Y?oc=5,2025-10-05 08:00:00,Nice.hu,Hungary,HU
Kína 6G próba hálózata minden eddigit felülír - Nice.hu,https://news.google.com/rss/articles/CBMikAFBVV95cUxNN0R6UWZqeGJXNUdVbURuNmtDM3dsdGUyRU81RFhLY0t5STd3cV9HQ2dDYVEyVF92OGxpdHYtV3phQzAwQ3ByUXVsSG1hdHIxV3AyRVB2eWZIU3AzMWxZTmZyZ0RNcG15QTFRUE4tNEgyR3dud09VSWszN2Nsd2xCalpGMVFVVlcyUEdodXFKbmg?oc=5,2025-07-27 08:00:00,Nice.hu,Hungary,HU
A 6G már a jövő hibáiból is tanul - Nice.hu,https://news.google.com/rss/articles/CBMihgFBVV95cUxOajdwclNDRnR2aDBhN09BcUhlQ2hSSmJrdUlYZExybVFRUHh3VVYxcEVuVHlndUlzekhIUEM4X0xBY1ZNRlhOaXJwNHFNcFdESlBCMGRGakNndWdfb2p0MDQwQnFFN2tPSUtuMkt6YzdjRlBJeDloNkl2YmFwLTUxQXJUUWZBZw?oc=5,2025-12-19 08:00:00,Nice.hu,Hungary,HU
Elképesztő jövőképet vázol fel a 6G és az MI összekapcsolása - Nice.hu,https://news.google.com/rss/articles/CBMiqgFBVV95cUxQQ2MwMTFDak8xVUpaTnY2M2hGbk1lb3VzQVZtcDdzWjhaZEZvdlFOcExjLWJ1ck40SFhaTlhyVDBrekpYVUVQWTV4Nm9mV3lsR19JTGZnVE01NmRFZmRVUzdSMG1KLVpkOGZhS3Q0NEExSXZMbFF4cFhPTDBkMUV1TEsxRmZJV2d6LXFjVVd3NERDc2RNNVJLYXpWc0dENWU2OEQyTTVzSVdwZw?oc=5,2025-12-14 08:00:00,Nice.hu,Hungary,HU
A mesterséges intelligencia lesz a 6G hálózatok valódi agya - Nice.hu,https://news.google.com/rss/articles/CBMiqAFBVV95cUxPWHR2TzFDN1MtbVRHd0EzS0VWdTVoRnAtdUp1ODB5WWhuMDJqZGtwZjVfWGphTXRPeXhVczVNSV83djh1OGh0Z0pMQVRUR1JmaWFEREVkWDJHV2NIdWdxc3ZTMXlDOFByY3NuWUVPZUczX0IySDViU2RmUDR1WFRDNmFEUV9jQlMxMTZ6N2lIeGdscTIySWl4NENvSXVjNGM3aDZSOUNGZnM?oc=5,2025-12-31 08:00:00,Nice.hu,Hungary,HU
“Érzékszervvé” alakítja a hálózatokat a 6G és az MI összeolvadása - Nice.hu,https://news.google.com/rss/articles/CBMirwFBVV95cUxOOGRzZlp4Nml3YTVMdERXeVRUeXpSd1F4ZUx1NkwtWWtwREJXd09yancwS1ZUNVNXTmVzT0phTmZ1Q0Qxd1JIUjVLLU0wdFo3ZW9mS0U4djFITjZjb01XM3FrdklPZ3lvVkxpd0RWOUM2MHZVM2NnMmQzZkpJTWMtX2lVZWJfSXNCbTM0VVoxM2l2NXBCc05JdDJTemdCbUM4dVRoRVFpTXMyRExRN1o0?oc=5,2025-12-24 08:00:00,Nice.hu,Hungary,HU
Magyarországon nyílt meg az egyik legújabb 6G-központ - Nice.hu,https://news.google.com/rss/articles/CBMioAFBVV95cUxOX0U0ZzFQcmF4bnhJVDc1Vl9PT0lVc0E4ZTdISjJORmZmVThRblVwTmVsaGxCbWJrU3F2V29EcHBtTEhwekNuOG1aeFBQVWFyOEczU1ZaYWhYaTlWMDlSX2xZVjgxSjZRcUtUY09abmlyVjJ5M0NuVzl5RnMxZi1VdVN5aHkzUzF6QVE0T1JGZjl1a2VJb0VhWXdBaXl6WjRH?oc=5,2025-11-14 08:00:00,Nice.hu,Hungary,HU
"Ötezerszer gyorsabb net a jelenleginél – Kína olyan chipet mutatott be, amely felér egy atomvillanással - Blikk",https://news.google.com/rss/articles/CBMinAFBVV95cUxQVFotU2RoYzhRam9zMG1pVXNYRzN4c1NWaW9vakpmeEhyWFBnVW45RURhTWZXSmNsUm1nVTlxV2lIMWp2VzRzMnhoU2J1bVJuODVDckJrd1drVTBaN3pVTmQ1SWFRTFlvMGVRZWZJa0x5aldTZGNRUUwwX3NjbmxacEU0TTMtYkJ2UnNGbG0wcUlvR3EybVF4LUFDRkQ?oc=5,2025-09-01 08:00:00,Blikk,Hungary,HU
Az Ericsson Budapesten építi a jövő hálózatait - prim.hu,https://news.google.com/rss/articles/CBMiX0FVX3lxTE15SGNSNXZJaXJ5LXB4S2YyVmp1MUM4ZEFOSm1xa2M4bWZhbnp2VUtkRG9NNkJKNS1DRkJPY2ZqaTB1a1YzRUlDOWN0VWUyZGg5UDdsRk8wRTNmMnRvcHk4?oc=5,2025-11-12 08:00:00,prim.hu,Hungary,HU
Egészen látványos kísérletekre képes a mesterséges intelligencia - Nice.hu,https://news.google.com/rss/articles/CBMirwFBVV95cUxPNHdLcEpRcGNuSTVSR1Z0Qk5XYWR3Yjc2UWpJVWd4WksycW1kc0VHZ3Z3cHU1aVZNcHdOdlZLODNTb0JQdUdaUm55VGNGZ0xYN09WZHlmSjZ3czBjUk5wN3RJRzhTZE41bk9uUnNmalQ5dkVfTDJwaDBFT3NITkwxQjBXeWJfdEhzb29lLXR6dk4tVUdxZmJsa216a0x6dFQ5aTRhUEhEWmhYaFdQOWVB?oc=5,2025-12-22 08:00:00,Nice.hu,Hungary,HU
Az Nvidia egymilliárd dollárt fektet a Nokiába – új AI-alapú távközlési korszak kezdődik - Tech2.hu,https://news.google.com/rss/articles/CBMipwFBVV95cUxPV1FZeE1EUmRBRXhSV2Q0MGEtOWNiN1ExMno0eG9nTzhrbjNCb2Vpc3N4VVd6eEJmVDdjbXY3SW53TEk1elJ6UHBUQThQUjJ0V3RnQ1ZPY1VUZlpGYm5vQXZCcmJiRDUwbWUzOGlaZGZPak16Mm9ROTRmb1djNGVJLXFsT3o4S2IwZS1aQmE1QTdTbktuNzR6TWxPNzNyU0lIRUxsOXlxZw?oc=5,2025-10-29 07:00:00,Tech2.hu,Hungary,HU
Tech: Gyorsnak találja az 5G-t? 9000-szer körözi majd le a 6G - | hvg.hu,https://news.google.com/rss/articles/CBMifEFVX3lxTE9WN0pSUG9EYTBWaFFoWldNRURJX3RzVGw1OEVmOWd4cjBCeWFkc3RZWlUzNERRajI2d2s5eDVWSGoxN3c0cGJwM1ZVeU9CVHltdElYTTAxZ2F1U0dWNzl5a2JRNVNhNzFwWVQwa3NUcmczc2FiTmxURjB0OTM?oc=5,2024-10-17 08:00:00,| hvg.hu,Hungary,HU
"Totális konvergencia a láthatáron, ami a 6G-vel érkezik - Raketa.hu",https://news.google.com/rss/articles/CBMifEFVX3lxTE1ZZWxieEhtemtGbVhfNGtFR2ZPYjBRdWdQTEdKN2dVVVU0bUZFWWk2ZTlwOGw2Mmozc21Ga3cyM1ZYQ2FvLVNLbm9HbjRNVGxBTlVBdEpaVFZ0RVZNUzAzMWZZaXBsZDFIbWhYV0h1MU9KWTh1cHhUZlJvZEY?oc=5,2024-08-01 08:00:00,Raketa.hu,Hungary,HU
Tech-Tudomány - Két lábon járó 6G-antennát csinálna az emberekből egy amerikai egyetem - Index.hu,https://news.google.com/rss/articles/CBMif0FVX3lxTE04UXA3d2ViTjdmblVLQnp6MWhUdHpkalhXUzVjRHh0cmtfTmtkNkNKZmptWmlmalpBQWl2UWFMS19wX204dG1Wd080WU9uS05IRjFQU3RHeXBydXBra19kV3FpVTZxUHRFSTAxTUlmcXpsNVJfRy1mSlltUDhLNWM?oc=5,2023-01-13 08:00:00,Index.hu,Hungary,HU
"Tech: Megépítették a világ első 6G-s antennáját, feje tetejére állhat a telefonálás - | hvg.hu",https://news.google.com/rss/articles/CBMijwFBVV95cUxQbjc0MnNkVGtoa3JjZTk2WE5YY2tuMnRKZWFVQ1lIOWl4Q09fZnlRdWdqbWVPZm4xYi1IWFhwVGNUR2VVQnA2UjF5UTRYWlFqY2d4NXhfSlExVFNlT3dnUXVLWG9EaW56ZGdzcmQ5a21lSzdlcGJoenE3UURaWWhoYXZGdkM5OUhFbm9ITWV1TQ?oc=5,2024-05-23 08:00:00,| hvg.hu,Hungary,HU
Az embereket használhatják antennaként a 6G-hálózathoz - 24.hu,https://news.google.com/rss/articles/CBMiigFBVV95cUxQNDFMZTlFMTdneHU3em01YU5rbzczN1VuVHhOdkFXNi0xZms2QzBqTGNJdEFJRnBVQjg4NzB2a19yTE5jaVA3c0F4TjZENXlrRl9qbnNmUkNGRVp0Mnl6ZG01MG5JU3FLNnJDdHQwa2o4dTNZai1VTENGeGY4cGZTYlFnUV9ybnFVcEE?oc=5,2023-01-11 08:00:00,24.hu,Hungary,HU
Európai vízió a 6G hálózati ökoszisztémáról - www.elte.hu,https://news.google.com/rss/articles/CBMihgFBVV95cUxPbmUzWk14bFFteEdYYUtLQW1Sei11NEZZZlhNV1RFclhZQmNkVmstOS0yR3UwLU5iUkdLUnlTRmlUWmlOMVFDcnpyNzl1cVdILVFXNVpkclJhV0dkUENDdlctTUpsRzZ1MG1KRVkwQnQtcFpiY21qTkd1ZktfM1oxOVVWbkZGQQ?oc=5,2025-01-09 08:00:00,www.elte.hu,Hungary,HU
Az Ericsson szerint 2031 végére a mobil-előfizetések mintegy kétharmada 5G lesz - ProfitLine,https://news.google.com/rss/articles/CBMirAFBVV95cUxPZm95YWFDd2Z1MWVGLU1vbmVPNVlDbGlkR1FseXVRQzZGVmpYVEp5ZTliZWlqVXlSM3Y1c05uLWxLcUNFUWxkSFM4X0dXM2NQc0M2bEstenQ1dFFvZi1rUmxLc2FRcWxCZFdHUW5kaldTbHV5TlUwaUdLbHZSd2RmeERiemptR2dsR1JsRktrakxBX1JkM0tYTjg4dmVVUVZQM2hDRjZrUHlWVDdD?oc=5,2025-12-25 08:00:00,ProfitLine,Hungary,HU
"5G fellendülés, SIM-csalások és a közelgő 6G – Globális mobilinternet körkép (2025. szept. 25–26.) - Bez Kabli",https://news.google.com/rss/articles/CBMiuwFBVV95cUxOQWx4SUxWUjVOWmx6dUl4RnpaalREemV4RnZFTHVUR2duOFJidHlzVmluMlBYSWx4dWc3dU5yVE5nZl9ydG1ETXNTNUduTnpzR1NrRmd1MHFoV2FxU1haUVk5UzB4TmYtanc0RV9lSnp5aGVvQnVvNVhWVXctMFNNM0lvbmRKTTlnQmJtSnd0aFhsNE8ybDJSZ2xqRVZ3RHdBdEozYXhNaVhlUWdZbEJ2ZG9xNlZtQjI4SVpB?oc=5,2025-10-03 08:00:00,Bez Kabli,Hungary,HU
"Mi az a 6G, és meddig elégíthető ki a mobilnet igényünk? - Economx.hu",https://news.google.com/rss/articles/CBMingFBVV95cUxPWU5weUh0blV3VThVQU0xVTZXLTd4LVBocGhBR241RGNBelIwbGMyMjQ2aGNCVHdiTGRQc1pzVFZSNU1lRjlYVEI0NjY5N1pEWlU5RENVNGZMVDFVdnNpTWFOdFBjVEFSeTBCXy1fbmppNEh1X0QxUVBkN3ljMDRSY2I3aEFqRTlmdG00bDBhV25MaExrRlh0Y09Id2N4dw?oc=5,2023-03-05 08:00:00,Economx.hu,Hungary,HU
Külföld - Kína már kifejlesztette a 6G-t - Index.hu,https://news.google.com/rss/articles/CBMijwFBVV95cUxOdWNxbEhQU3BqbDdZTDVqbzFYYVhYYVotbVdXM3dnUGkzWC1LaWxxMHRKcUFQVm1wdnRlbXQ5UlBwdDhHd29IRmhPdDg2aGFrTHpLTnUwdnpTWnRiYjF6UTB0UkhQZkVzVVNLWFdrS3hMc2hDMnZ0eU15b19UMzlaX2F3SWFRcU03QTdUNm1aYw?oc=5,2024-07-22 08:00:00,Index.hu,Hungary,HU
Valósággá válhat a hologramos telefonálás a világ első 6G-s antennájával - 24.hu,https://news.google.com/rss/articles/CBMikgFBVV95cUxPY1RPNzFvWnlmc2ZWZm9iY0FLbC1hNjBSOXBBTTlmR2lfdTFKOGh1T1RzUmtvUGNzN0tYYVZzTXkxR2ZoSDY5RUVkQVNHMFN5blNkQkphWU1GUmdaVnIyMFdWWUN2X2lBYm93dUlTWkUwclBLTXhERWlpbVo2OFM5LUlMTjk0SENETVI1YUFNaDc3QQ?oc=5,2024-05-23 08:00:00,24.hu,Hungary,HU
"Ütésálló műanyagok, 6G hálózatok és molekulavizsgálatok - BME",https://news.google.com/rss/articles/CBMiiwFBVV95cUxQRkpGWFY4RlZGUGlUSXZ0Y0xjWVlVdzhNODJOXzNQN0F0eFBpUFB5TWVNSWRlQVFXVlJURVExUU5LcEx2dzk0ZFVleWQ2T1BNNEpGWUhQR0pXOFJhcUt4bUJOQy1pdjV2Qy1OdnBhTXRGaFlIdUhlVElYNmxyY0VwNk5HT21lSjI2M0t3?oc=5,2025-02-28 08:00:00,BME,Hungary,HU
Magyar egyetem fejleszti a 6G-technológiát - itbusiness,https://news.google.com/rss/articles/CBMiggFBVV95cUxPWW42QlNydjU5cHQ2UHpiUm0wdkVNWXRRM0stUjhXMmllakdaOHZRYXRXR3JhR0IyQVRRYzN1QS10clJLOFFiYV9rcVAtc1NsQklkYV9VUjNRS25HLVBybm4ydmRzOHBLc21feC1MSGVUR1hJRGRSWlRidV9RSFNXUTJB?oc=5,2023-05-05 10:11:48,itbusiness,Hungary,HU
"Aki az 5G miatt aggódott, ehhez mit szól majd? Itt az első terepen működő 6G teszthálózat! - Blikk",https://news.google.com/rss/articles/CBMibEFVX3lxTE12SFV6cktVeldlWTBuTTR0ZVJvUjY4YkFJdDhpUjJFZ2I2MW83Q3FpZS1UMmlQV2h4aXZBNlRwbkNreXEtT0JpbUh5RXJyLVhiLVk4NWxPOU1mRGtYdmtQekxpeWFnU2hSZm80UQ?oc=5,2024-07-25 08:00:00,Blikk,Hungary,HU
2035-ben jön a 6G a kínai mobilgyártó szerint - 24.hu,https://news.google.com/rss/articles/CBMiXkFVX3lxTFBrT2VVdEowM3AxcWZUTUxBZXRRNXJsX2ZNR1hRMWR2ZjE1dTJWS015Qm9IalhzWUkxRnI3dzl0NEZsTkxyLUZMd01Ed1RfcFEwRWFCOFdGUHhNSVJPZ1E?oc=5,2021-07-22 08:00:00,24.hu,Hungary,HU
Kína fellőtte a világ első 6G-s műholdját - Raketa.hu,https://news.google.com/rss/articles/CBMia0FVX3lxTE1yb0dBR3hlNkhVM0hkUWMwRVl2R3VRcE0yLWRiN0ZvaGhNM2FMa1JHRlp4bWhmdmw2WjVxWldUVG4tOVhTRTBJVEZCU2swUElGd0lLOU1BMjZUazZucThjNUNWeTlXSVZibWxR?oc=5,2020-11-07 08:00:00,Raketa.hu,Hungary,HU
"Mit ad majd nekünk a 6G? Körkép a lehetséges jövőről, egy új tanulmány tükrében - Raketa.hu",https://news.google.com/rss/articles/CBMimwFBVV95cUxNTk1PbHRBVUhNdEI4blBZWExzeWFUSVVNREtSeDFLekpMWExNT24yUzlRUmRIM0x1QTBPZ3plMjdsclozdWotWm96b1VWT1BfcnNjSWtldWpuT3NiM01admk5RzkzR3ExWkFHdUNJWFJwR1gxU1VaTDJrcmdWbTVzb1pJQjR5ZFM3d0ptVG1QWGg3c1FGQ1B3MENxWQ?oc=5,2020-02-20 08:00:00,Raketa.hu,Hungary,HU
Kína fellőtte a világ első 6G-s műholdját - 444,https://news.google.com/rss/articles/CBMidkFVX3lxTE9NTFRIN2NsNFdfVFg2QktMaXJ4N05oanpqczRpVFlwM05TaWR0dlFvbTdCQk9Nd1lxSG83ZFpWUGpSTmNabU5pZUM1M3R1Vlo3eDVHR3RPQkZ3YV9ZNHgwTkpMTlJnYUFkVTJmQU5jTVVTcFhFWmc?oc=5,2020-11-07 08:00:00,444,Hungary,HU
A Samsung szerint 2030-ra a 6G és a hologram lesz a menő - NapiDroid,https://news.google.com/rss/articles/CBMiekFVX3lxTE9iRnVMaFVqWE9laGQyVlVkTmM0STEtMGp4LTdqcWI5ZTlRRS00ZlVjX0lYdEZoUmIzV245Skt3OF9rREp0QmxESDRaazNLZHRDVnVmZkFjNmNRYlpLanpkNTNrdWIya2RQb09VNmlocDIwV3B3eEdCeFN3?oc=5,2020-07-18 08:00:00,NapiDroid,Hungary,HU
6 GB-os GeForce RTX 3050 kártyák a Gigabyte interpretálásában - Prohardver,https://news.google.com/rss/articles/CBMihwFBVV95cUxPM0ExX0hkMkR4WjBWcmRPNHF5aHc4MTBGTGZBVUpKWDhWaUhXUUZkbk53TGh0eEpvRkxXcklCZl9PNEdlcTZOR0hYRWllVFUyNnl5M2NpRzJMTm1EdjJ2d3pYUGV3NzJSblFvY05EOEpXZnFxN0lkVURpdHB0Q21NcVg5Q1BwOTA?oc=5,2024-02-06 08:00:00,Prohardver,Hungary,HU
A műholdakból lesznek az új mobiltelefon-tornyok - itbusiness,https://news.google.com/rss/articles/CBMieEFVX3lxTE1nM1JWWEtZSFRMNWJuUkZ3c3NBdTJzR1ZNdUJUSXI0ZVZ4ZFg1cUdfNVZHUk9Mdjc4cmxxSTNnMkYxZ0NhR01jRzRnbHQxa3ZmZDZWR0tMZVFIdW1UZTl5aHRfeHhoYkpIcUxKeVhzcW5WNjZCVG9ETw?oc=5,2024-01-31 15:08:29,itbusiness,Hungary,HU
Kína pályára küldte a világ első 6 (hat!) G műholdját - NOOL,https://news.google.com/rss/articles/CBMikgFBVV95cUxNOEhQdlFtajFTeXZGZnlONzFOa214azJ3TDhzSWo4U3NwV3NoWkZDY0E4RHFhbE12QmRQcjJwTkJjTFdHN1RXRUNuNjdxUUEwSGplMWw3N2VEVXZvWWR5VzByYlgxSTBkNXJ0VU9tdHZpTzllMFB2cUVPeG5CNkJtN1NLNU5vVG9UamNpSUVJbDlVQQ?oc=5,2020-11-10 08:00:00,NOOL,Hungary,HU
Tényleg a történelem legnagyobb emberkísérlete zajlik a szemünk előtt? - 24.hu,https://news.google.com/rss/articles/CBMisgFBVV95cUxOSjFETktpZWtHU3FhbnlCR0ZRblN6djRialFxTVQyZk9ZVGRrSFJySGFrckJBS3g4RHZSV3U4anZMUmQyNnlqemRCUUxBMmpOa1R4YzVjQ3BvTlI5U0I1SUd2QlhnT1BfREFfVC1OQ21SNWtBc0ZYQmtPNFBuM09BVk5ER1E0R1g2YnFJUzBYMzNOd200RmVHM0FfeW4tWjBNSTRkdm9zOEUydlltdTgwbWln?oc=5,2020-01-29 08:00:00,24.hu,Hungary,HU
Az NVIDIA a Nokia résztulajdonosa lett a 6G miatt - techworld.hu,https://news.google.com/rss/articles/CBMiXEFVX3lxTE5mMDhST21DUFN0LXktaGZFcUhMOEo0RkYwNk1NYmg0Y08tMHhhYzFhVF9IWUREUkF4UWMyVThhdkRvLWwxZk5SS05IWmQ3aURHdWNzM2ZIZTQ5QjNv?oc=5,2025-10-30 07:00:00,techworld.hu,Hungary,HU
Germania interzice Huawei din rețeaua 6G - Mediafax,https://news.google.com/rss/articles/CBMikAFBVV95cUxNdDFMc1JHS29UT205cWJkVnJST3RUMkItTm00cWVrS1doY19mZFVYWWRPSzljYUxkeDhlZXVQWTFsUGV1d3U2NklIMWo3ZHdSOW00YXVic0lWanFBaGQwY0RHVllhano1eEo4YjBYOV93V3NqbWFUQnhTWGNGa0RnLVMyRDNSOWtsT29UZlBfa1fSAZYBQVVfeXFMT2VvTnI5LWxROURMdXROem1sZDQzNWNTMGxBcmtxYVlSaDhWcERLTUZfZUhwUnc4ZTNMVWRNZkUtaFQycFRCOXQ0UEtXV0dlRzFFNW1GZHpDZzlydjFiSi1DcE5Ldjk2UEpoRlN3dEo2TzBDVGVjNnBDWTN6RG1mVXROb1RkSjhmV25zYjRaSVVWZ2NNYml3?oc=5,2025-11-13 08:00:00,Mediafax,Romania,RO
China dezvoltă prima tehnologie de război electronic cu 6G: Sistemul ar fi capabil să anihileze radarele... - Adevarul,https://news.google.com/rss/articles/CBMimgFBVV95cUxOWUlBXzZzdHBPb2w1cnFXa01TUnlJSGZIVzdjdDdqdjVZTFRzLTduTmE3U19KdzJBV1QtYU5tTnk2Q2daTEJvVFhLUnJNZXR5WDFZaUwwdXVhb3R3X2JfdUJfbnRZbFJBdkc2Y1pZNEN3VFBnTlpDV1lXam5rOEUwR0p5XzdtUUQ2LWxldXdnby15NVRvc2Rwc2Rn0gGfAUFVX3lxTE5WcWNQeXhaUGw0aGNNYjBXZmdsTF9nQnNWMGdpdl91Q1FoZVFVNGtuSWVWWmM4cWZUMUdKUU9FR01scm9raGk1VVdRWk1iSEZpTmFkU1dqTWZuc0N2WjlDU3d4N3hnWS1HeWZXLWNkOU9kY2R5NVNnUWxaQzZGdERRR1JMRW9WODgtcFgtWVFtVWNweld1R0xlTG4yaldNWQ?oc=5,2025-06-23 08:00:00,Adevarul,Romania,RO
Războiul tehnologiilor China – Occident: Germania înlocuiește tehnologia 5G Huawei și o interzice la 6G - Newsweek România,https://news.google.com/rss/articles/CBMiywFBVV95cUxQVkMzbXpvcTA3Qjl2X09UeTFWZkV2Sm8weEY4UGg3NE5pRUxQUlpOem4xR1FLQU1HcF8wZEJRYUFPdkFobHYwWmUxZWtkRFY3QmRmc2ZQblNfZDdfb0gxUndkeXFrTTZ3eDNnTnR1THhWczZhWklVSHdxOHMtVHVhaVlGLTNNVGM0RWZzRlpfWVhZMHU2WHNyOXJKSzhSQnBseTZWcENmYmJoZFhpRUE2SFVHaUYwaWM0ZE9wMmR2eWR5cHhzWjlhYlN0NA?oc=5,2025-11-14 08:00:00,Newsweek România,Romania,RO
"Cum se antrenează piloții de Formula 1 pentru un sezon reușit: Forțe 6G, temperaturi extreme și... - Antena 3 CNN",https://news.google.com/rss/articles/CBMi9AFBVV95cUxOLV81SHRZNk5raEZDZDN2RmVNZXRLNTh3X2F2TmQxN0g4RlhaWkQ2TmF5MHFSTDFleUxuVkRvcXN0VTY3NVhNWkM4YXhFMjNzbVgzQzl5Vkg0YzFNUkoxM3VlSGN6V2tfcnh6ZVVqQVRNV0kyQlE4RXVVLU1MbENVa3g3SGxaVExYckRacWdNeGNBdWUyR3V1V2tnMjR2TTEtVFdXcVJ5UUoxTlphZ1Zsalh2OUhwMjA5YVNaaHBTWnJQWHo1ZnF1ZzlyamhMdXJsV2Y5el9WZUhlb0oyS2NaYnVaWW04UmlwVG50OGZlMnNVLXlu0gHsAUFVX3lxTE11ZTlYQ281M2xKM3dxQ1FabW5wNFRPNjRSa0xCRmtXM2RpTUtVcFI3VXBnMWxfRFNwaGtEdFk3Vk40TW1wZzhtcWtKa1lVczdmSzY2UWZZT3Z0a2Y5eVJUYldicTlmU2hnZUdJWmxkeG9mSGV1NUxVUFY2VEh2YVhHWUNSZGN0ZWU4TmpEazZmWE9QdndHXzVWWmFVYUNlVUNRcmxZek04cEpGbk9IcGdKb3ZhdlB4eWdLbzYxVWI5bjRjakY4eFZEQkFMS3Nxd242TEF3T0JBVnZoOWNzcWdiZjdsNVlLYXlWUUpN?oc=5,2026-01-24 08:00:00,Antena 3 CNN,Romania,RO
Primele smartphone-uri cu conectivitate 6G ar putea fi lansate prin 2030 - Gadget.ro,https://news.google.com/rss/articles/CBMilgFBVV95cUxPYUptZ21uSzFDTk1ib0xzQXNGREtHN0drYmstT0V5dDRfOW9fMHhlOE54R0pON3FJTDlPcEQzcGFDQXpOajZuQndFZWZoakliTGNnX3Z4em5ZdXplU2lGTzR5akxSbTVpb0FzYW9qeGdhdWlEU0EzUHN4NVFhSnJGaE5qOHNockk2QV9YN3Zaa0Y3eHFhZGc?oc=5,2025-03-01 10:38:30,Gadget.ro,Romania,RO
"Statul va interzice echipamentele din China și din viitoarele rețele 6G / Avizul CSAT, extins și la distribuitori și integratori - proiect de lege adoptat de Guvern - HotNews.ro",https://news.google.com/rss/articles/CBMilAJBVV95cUxPekszeXVjRHc1T3BMRWFCei1VVWUzM0JuOHl4VXplR0tudTBjdzhlMW9FUkVUMkwzSmhpUzVHMm05NmxNMG9NSWxKVzdFbU1xNzB5a1U1RlBDbXBMcXJNYkRFSl8zYlhsenRPYlNLWHhPaUE3dE9wQzNTVnR5LWhUTUotREFHTmw3VmdLNS1VWk9KenhQdE1GRk1zanM5Z2M5WEpWRjNJLXNZcldCNnFGek9tVV9zNE4zRkszSU9tS0F3VU9CWE1YM29KVlRRajJnYjh4dnVPSTNsXzFoazl0TDFDZ3I0dnhhY3QwcExfWEcycTJqUG53UG9nZjltS1ZYSFZySDlyUFdhZjNrVUdYQV8wT04?oc=5,2024-10-09 08:00:00,HotNews.ro,Romania,RO
"Tehnologia 6G, testată cu succes și în Europa: viteză de 938 GB pe secundă - Cuvântul Libertăţii",https://news.google.com/rss/articles/CBMipwFBVV95cUxPVlF0VVF4eEp0MmJWdnhHSHNobjgxYkhjczREaGE3WU4wSzdSY3dIdkxLUW9QNVU0SkNMTl9XcHZtdjlDM0dIVjVoV3BQSG9tbXIyTzJnUzJTRUtTWk1mTks4QUxZRExDdFRnei1iTkFFLWRpWElrM252c0JnMVkzTWlsbnF5aHM0cHRlUHlRMlFnOVhQRTRpRVdjTXZJREtnNDA4SGZEUQ?oc=5,2024-10-30 07:00:00,Cuvântul Libertăţii,Romania,RO
"ZF Digital Summit, ediţie regională Timişoara. Sabin Totorean, Nokia Networks România: Avem 1.000 de oame - Ziarul Financiar",https://news.google.com/rss/articles/CBMirgFBVV95cUxQWHpBU3JreU96b2JTQ3d5anl5SzRPVXFZSFpmOEdBaFFBdjllSjl3UHFXM0Jpa3phc0g2SWJGVE5sM1d3eVVfM1hDRW1fQVZKekhkc25ubGJuV2QzQVdiNi1nSm5ycW9Jd2ZkeERHZUw1ZEpSMkViMW5ZdEdGbGo4R0tqM2ExUk5FM2hWWEE5enJGMWM0RmE0cUgyRHgydDBURElfelo1ZjZsejU0RFHSAbABQVVfeXFMTjRlUWlweU45SDItR3E1bXdOLUw4WnNoZlhfcmJuVVMzZDlDc1ZzSktxSzE2TnJoZENqQVdseUdONDlNREJnaHdfY3ZJSi01bFpKdFVCNE1OUzVMX1dCTUtGTElyU2lvRUpTcm1sSHdqU2lseFJyUWhVdXdTTEdjcG84MVpfNFNBaFA4M1p6Y1JYMklFU2pvdU1KTzBxdW16c1E3UXFUOUR5TkdvZ0Qzam0?oc=5,2025-06-17 08:00:00,Ziarul Financiar,Romania,RO
"Cea mai nouă tehnologie wireless 6G, de 500 de ori mai rapidă decât cele mai simple telefoane inteligente - Descopera",https://news.google.com/rss/articles/CBMi3wFBVV95cUxNSWxfZzhra3U1YnhQbTlDc21lQ2VxeG1WX3FHRWFoSVE3NkhXc2FMaWZCa0M3X05tZHZXd3RrTTRYVHJqLURoZXVaZ1hOMzlKLUZXT0VOUGQxbXJUbnZwRTBMc19hQXVqczFMQlUwcndCT3RLb1VNSlFLSGQ0YlpnQ0JaYjNNcWdnVTUyMlBWdUtSRkNvaDlQZ05LeGNBRFRQZzg0aHd6V29yOXFNYWdmUVJIRmlkSFFscVVUTV9GU3hERnhPS3hjX1o1aDNjNlFJWWRZZUd1Nm1Lb1J3Nk5B?oc=5,2024-05-03 08:00:00,Descopera,Romania,RO
"Patru proiecte de cercetare a viitoarelor rețele 6G, susținute de Orange România - StartupCafe",https://news.google.com/rss/articles/CBMijwFBVV95cUxPam9yWTVhT1hqR0FON0xSb1NiWjZFLVU5VmlOUGxqcVYxcW9oTVhWaC1LX25nUkNtMkZzSXhRUDVuSzRNcW5rSFZEZGRKT3EzUWZjWURZUDAyazAzckx6bkVwbW1razh2dUU5TjVTa0dDdVV1TzFQUmN4eXJWZWlONzd3dWk0emJETXVEMWhFOA?oc=5,2024-01-18 08:00:00,StartupCafe,Romania,RO
"Confruntarea pentru spectrul de 6 GHz superior în UE: Wi‑Fi 7 vs 5G/6G, Germania susține rețelele mobile — Decizia RSPG așteptată pe 12 noiembrie - Bez Kabli",https://news.google.com/rss/articles/CBMi_wFBVV95cUxQMjg3RUtuSVZVdU5RY2JSbm05aGZSWXVoNnBZNTd3eDVRbk9maXQ0UTdVNl9rOGVlYURQLVFtSWtkZHRIVW56UElyNGhBaDZjb0NESVNheXBfd2Y5QklCNXRmQjJEa2hFMUhfQWpBdVVGZU1FbDFvUU1PZnc2ekxMWmpGbWsxS0FwbmljM19QMnVZOTNCZEdqaFQtX1VlNUxMWXY3UW4xaWlmSG05RWxqTEFZeTlqaFl3VmRMVk5ndWpEQW41RWY4V196emxfenEyQlRwRlVqVU1BTTlVRzRwZkhUcEx6OERBZkU4MFViaTNEcks4elpQTkhhZkZyalU?oc=5,2025-11-11 08:00:00,Bez Kabli,Romania,RO
"Tehnologia 6G, care depășește de 9000 de ori viteza 5G, e în faza de testare și dă rezultate spectaculoase. Când va fi disponibilă publicului larg - Aleph News",https://news.google.com/rss/articles/CBMihwJBVV95cUxPMkx2VnFhM0hReUs3cXo4UXdSTVEyamV2Y01RRHZhNjJsRnllMThCdDlBbWNmT2xDSnU0VlR3a2ZtNHFaWGNEQlp5ZkVfUTlIeGNEUUJuMG80clRJR3Vhc1dkZ1k5OEJCNDJkN1hfQ2wyTnc3bTFFcThNc3RFbUYzNFNjc2t3UXhEZi04Y1ZIN19SWVFvSVdsM09Tc3g5THJIVWo2anZuYzVfTEctdlJQVTRHSG9lMHRkN21abkIzckxFdDVLVWU1R2txeHl5WURxdUk5QmYzWWh4Unp5VmhTY0l4ejI2eFluUXcwNUR3MkdGYXNfR05tclUwaTZhM3lCeGFLM25LQQ?oc=5,2024-10-19 08:00:00,Aleph News,Romania,RO
Tehnologia 6G nouă va revoluționa lumea: Oamenii ar putea fi folosiți ca antene VIDEO - Ziare.com,https://news.google.com/rss/articles/CBMivAFBVV95cUxNWm1UbGhGbnRfMVZPTEpzY3pQSHF4eUVqWW5SSVQ2d1B6aG56X2wtbGRqQkhieGdORGRqa0hTZFdzbUx3QWR2LW9mQ2FCQVRtR1NjZzlOYXFGc2JiZHNjSVlRNjhuQlhZQ0RPMnRmV1ZoWnd0Z3hBdDB5Z2tUbV9uMUZ1Q0ZIa1Y4MW5YMk5US0J1TEdzT21aVmZPSklMSDBibHFVVkNHcm45M1U2Y1dxQnA2Vm1zVVZ6TW1RM9IBxAFBVV95cUxQdklYcEN4cHBib2o0WUVBWlllUFozdjAzS3o5cE56bFVUdEtLWmJTRjhEdWV0dWtkWXNUZW55Q1ZPRGR4TVU0NkoyeTEzc1V4eHkxZHY4dWEyaU93elpveVo4ZWIzZFZSMmJXZ2VVbXJ0S2piWlBRY0E4WXVsQW95OVNUZlNkWG1QdFVVQjJlZGhkNTRXRlVDT2YyS3ZUSzVBc1RnSS1VY1AybGxOSFE4Q3ZtVVhZdFhXRHVfZy1vbFA4VEtI?oc=5,2023-01-10 08:00:00,Ziare.com,Romania,RO
"“6G va fi gândit astfel încât să existe o integrare mai mare cu tehnologiile bazate pe AI”, Radu Manea, Delivery Director Luxoft (P) - G4Media",https://news.google.com/rss/articles/CBMi6gFBVV95cUxPQmVxa0NxcGtSYktFSW9CZkVuRUViTVlyeXJzRWhnWF9kcjlVUV9Cd2ZLMjVxZVpRNnkwR2dFOXNqaG12OGR1TEdWcXRiTFh2RU5tblY3OEczbDA5TDdBMkFtWTQtNTEyOTBaMmtpRkdRTWJ5VUs1TmFHczB6cVBlLVRsbnNQQWJNNmdDX1BjSkpmZ2EzYXpvdjU3UDFTTkRQZ3kyWDJyaS1ST1RIWkdjZGR2cm9XbWlNOVdyclZKS0lNNG5oSnRtT01wTG5tTm9IeTlNbzVxbm92MVRYUXNjMVFab0RnUVlya1E?oc=5,2023-09-19 08:00:00,G4Media,Romania,RO
Japonia lansează primul device 6G din lume. E de 20 de ori mai puternic decât 5G - Aleph News,https://news.google.com/rss/articles/CBMisgFBVV95cUxQRWsxQnp5ZV9CS1QtZm5CTU00YWx2RGVaYmtsU2MwY0JnN1pMX01sSUpqMkJ2OEhQY3BmMnl3dFVYeml3LTVUbGhtSDlwaVd1ZndvQXdXVWFTZ1JDc01EQnF3TVJ3R05mUW95ZVhrTFJMRF9paS05a3EydkxFQzNxZi1pcGtNWEpNUkdUR3A4OWtQd3gzYmp6U2VCend6V2taRnB3V2dOVUpMNkFDZEpYS2xn?oc=5,2024-05-07 08:00:00,Aleph News,Romania,RO
"48 de ore de haos mobil: Descoperiri 5G, primele salturi către 6G și turbulențe în telecomunicații (11–12 septembrie 2025) - Bez Kabli",https://news.google.com/rss/articles/CBMi4AFBVV95cUxQTXhlSGhPeGxoYkRlX29xMXVySzhJRVB6YjJnLXlTQnhlaGF6RTJzbTB1eUNIdE5jYzBCVkhwTUFleENRdDRDUmxJYWZ4ZWlsb2h1ZDRLX1JvUW56NGNnRmdBME9nTlk5bHpEWGZuN2ZOQnBHUktTVi1WTXZEN2RIeGlwYlc4TGR6aUJWUU5UaWNvR2dMV0hraHotNFhiSHVURld4TDFQUW5UZ3Y2Y1Z2My01aC1uemNoSk9Db2NuamRvYzlRV0ZXcXotdGJSYmo4LW1zZ0Z6QjZfd1FPemV6aw?oc=5,2025-09-14 08:00:00,Bez Kabli,Romania,RO
"Test de cultură generală. Care este diferența dintre 4G, 5G și 6G? - Descopera",https://news.google.com/rss/articles/CBMisgFBVV95cUxOTEhpVnRNR1Q4ZkdhRTdjdktCLTFaMEpiSGxLZU1Ncm96NVFydUtiU045Q1NVV0tLR2pQcE1aYkgxRjhIZHV1VXFrUHhWeFFvYzh0NmJPV21OQ1N4QVFDNlhFaXktVEZMR0k4cS1PcmluUVQ2N05Nc2JPRHdiSkItNGJKTy1BUmR2b2w2QURiazFITDYySG43RnhfTkhicnF4OFVQQllHMjZzOXpvTkZaYTlR?oc=5,2023-01-19 08:00:00,Descopera,Romania,RO
"VIDEO. Sabin Totorean, country senior officer, Nokia Networks România: Suntem cel mai mare centru de cerceta - Ziarul Financiar",https://news.google.com/rss/articles/CBMirwFBVV95cUxQeGNrWUI0LW9QaGhYdHlhWjJKaFJEV2E1eUJCZDNTUlhnQlMxYkdMMlk3ZHpaQnVyZ0JaeGZtSzlta3U0MHJ5MGhhaWlnT2p2R083YU0wcnl1anpGNzlSU1lUR2gxcnRBb0VLRFZxYnIwWXRHM2xXTjNEbXdUWm01TWN6UklTYk5UdEhxS2hENjEtcjNPZlFuVDJqSWo1X0paQThOZTFEWUxBaUtZTGww0gGyAUFVX3lxTE4zVDR5YlUxcFVZWVoya0NQcVhCTU9VVFB0QWYwcEFtZnRadHc5Z3ltN2U2SVp1VnNBODBMdXZqUWJIR3JjUk5OcDdwTnBiVFpwcHR4bWNFckVHcDUtMmgyQjVGMXJORzcwUkxPdVQzTlZvSjVVeGRjeWNaeS0wNHBxYzd1ZVpQUVQyc0V3cVYyOGxDRzFOQTNHMzRmZWU0ZXJLV2FOal9oR0NIZHdXNExqUXc?oc=5,2025-06-17 08:00:00,Ziarul Financiar,Romania,RO
Impactul tehnologiei 6G în viitorul afacerilor din România - Adevarul,https://news.google.com/rss/articles/CBMirAFBVV95cUxPNmQ2d0thTEtFMm1IX2xMS2F6TW4zaVVySHZId2tNTjdEWW41cVlKYy1HOVpRY2JiT216NEVHdjdBZ2FvMTRza01wd2xIY3YtVDd4X0taM0RoR1A0TzBrWm1lbzRIbWRrZGQ5cFhOakNBWGd6bGo2dWhyRGEwbkpBR3RFTmRKM1FRYlU5RFpYZ2pvbmhOS2YyMnVZNUVyYWl0YVozUzMtcU92QWdm0gGyAUFVX3lxTE5iVFp2U1hJZEdBNlU1RE1LakhjNnFRb0ExQ2JIekdtR0k4R1pRaWNKMUZYeWpLOXJHclZ0NWdNTktQU25ZdUNJVXZzemtmNHg4NTVocE12bXl5M1NGbmhwX25rVV84SlFac1pBS3dBTnRpdlJ4bmFjX0lxRmRsOV9nTk9nWTJMZ1paN2NwZjM4X2wwV3pXZUQ5V3owQ2ZMQWJZcmRxS3FhUDlUdjA2T2VRdWc?oc=5,2021-06-27 08:00:00,Adevarul,Romania,RO
"Cea mai nouă tehnologie wireless 6G, de 500 de ori mai rapidă decât cele mai simple telefoane inteligente - Descopera",https://news.google.com/rss/articles/CBMi5wFBVV95cUxPak5IclpIMmVVMEFucG9OTDhtVGJnb243NDZhaVZpUk42bEVic1ItMVdDSjdzY2Jza28yYjEzYkt5Y0pSYlNCcENhWXRqZFNqQ05HMnRmUXNzTENWUFN5Wkp1VHg5OGFBb0NyT3NjVk93cjRBekdjbUtCaW9DS3ZmbFNXenhwcG00Y01iQ01LREpoZFJwRDN3YUZPVnZTcHdpYlVTYk5QS2JXdDlUdWFlVFZmSFNvYTJxdlVraW8zZTgwUHZxajhTZ2hGQ3pxNGpNLTFmX0I1a3l5ZjlUOHVKZTZYYlZkcDQ?oc=5,2024-05-03 09:16:44,Descopera,Romania,RO
CEO Nokia: Rețelele 6G vor fi operaționale până în 2030 - Gadget.ro,https://news.google.com/rss/articles/CBMifkFVX3lxTFBnSmFuOVBLcjNxYmJfOGpUTzlyTDNJTHNNcGpZcXZrTFV1bnJZODdEVHZDbW9iQnYyREVJcFp0Ujh1aEdxUzhoOWFDbTBuekJudlE3Tnd0UGlsNlVyWWh4YWt5STRhTGR6SnM4MVJrQmpjc3BNUC1WeXBDZkVQZw?oc=5,2022-05-28 08:00:00,Gadget.ro,Romania,RO
China a lansat „primul satelit experimental 6G din lume”. Ce ar putea urma - Stirile ProTV,https://news.google.com/rss/articles/CBMitgFBVV95cUxQVkw3WGtKU0dfVjlMaEZzeEtOTmczSWtzZ2FFcS1BYVQ1WVdnZEFmTFA4OEFKM2VaMDV5Ykh3UlMxd092SVU1dkFqZXhJRVBXLTdFWW90b2VSNVVIX3Y1blJXdGYyNkZqSUdCTTA3bElNNTU3MVllMFc5VU1nRUdpakI1M1UyWE93My01dmgzV2hrWHRYWWM2SVZpZXJoUTRtQ1dua2wycHd6ZkE2eVkxWDd2LVNKQQ?oc=5,2020-11-09 15:43:23,Stirile ProTV,Romania,RO
Politehnica București - partener în cel mai mare proiect european de semiconductori - Agerpres,https://news.google.com/rss/articles/CBMi1wFBVV95cUxQV1lTTjJZUUttT2ZWa040dkx1OUNyWVAtbFExWVhmdE9FUnZsU3U3RnNhd0lQdHVseWlDTElGMnF6WW91QmJWR0ZNUkV2UTNyaUdkV0FxSWl3WWMwUGdub0JvT0paNXl3NWRfLTdqWmF4V0NnbXNGdFFJS2FVNE0zbkdpbmMyRGw5TDV2ZDFPVXVKM2o0b1VFMFNETnRGSDMyOU9seE1HTWxWMXlJRUZDVGhKZzNkU2JiREVtM2JpQ1NwZUJib1BsNV8tTEo3UlJYemlOdFJZTQ?oc=5,2026-02-09 15:01:24,Agerpres,Romania,RO
"""Deja se vorbeşte de 6G, iar la nivelul analizei tehnologice se operează 7G şi 8G este în testare"" - Ziarul Bursa",https://news.google.com/rss/articles/CBMi0gJBVV95cUxQRTVxSHJhYk9SM0pFM1lTQ3UxWU9GTkRRX01xdS13QXdCM2JTbXlFbzNPWHNXMnZjUkpUQ0RBMFVjYXpSdnRMaWFiSm9NeTNldG0yMXBFUm52RjBmTGdVNkFRUmZET3VieXJjUl91QzlWYXpZcThUOHpURDVSWVVUbnU4ZE42UWNqbE8tSzhxUTRMdDQ4TzAtYVpGcW42eG5tNHJacC1WeGFVdlhVSDRRNjZnc0FjWVMxQkRVVnhUOGd6d1JmTXM0dU91S0xlMVJDczY0MFA5RV9YeXRpekJaMl9rdy1jMy1GLTZDeW9FYWJyOHJOYnF2eFBFQ3N1UUUxcldtdFpvVC1oR3QtamtmWkVrYVYyTWwwTWpreXdIRHpvb2FXc0xGNmdkQkREUWJEb2lnVkEtdTZNRGozNnFfcGRNQlFZNUpKR3N6dDkyU3VPQQ?oc=5,2022-07-29 08:00:00,Ziarul Bursa,Romania,RO
"Finanțare uriașă pentru Nokia – aproape un miliard de euro de la BEI, pentru dezvoltare… - Mediafax",https://news.google.com/rss/articles/CBMi2AFBVV95cUxQbnhxd3htLTFrYnFoQndHdkc5emd3VUdyTVVhdUhLVTdkNUxOSXMwYmRwTGNCNWdwczZXUVBjWk9ZZ3VuS0JvVjZZT1dpOWtGdGg2c29mRHBvZVo4M1lqa3ZYOHhuNnpyUklpT2ZqWWk5TDlTTEdpakd1UzIyOXBDS3JSNXlyM1Y4WHYzLUN0bmgtbTFaWFIwc2djVS12b29SSXlkR3NLUGI4ZExuRVBsblZKd0JxVkxabEw0LW8xMEdRd1ZROVNLX1V3QlpmQnVQd1lmMTZPNTTSAd4BQVVfeXFMTnZtNzdwUDVkaVhjZThGZXJzWW1aalhBeU9DaGctYnVYUV9uTHhURlBwNlFMQXFmRmVFYnZBWE9JYVJPdVV1X3p0aEoxWGFkYlJSWE1GWEQ2anAwc2tjdEl2MEt4dXFYeFJ0d2JDT2lFNG9PUUJwZmtmOHlsTklqbjdTX0MwRUEzNm43aUxtZnk2dmhaMUhzNnltMEc4ZmZhYnA0UFVjUWcyOHB6TXJ1MklZWHdWLVNYN3FyN29VUG9PRTh3RXFwbXZMZ3ZTM3JfdURTMUFpVUxnbEJQWE9B?oc=5,2025-12-16 08:00:00,Mediafax,Romania,RO
ANALIZĂ: Tehnologia 6G – Science-fiction sau realitate? - Agora.md,https://news.google.com/rss/articles/CBMihgFBVV95cUxPZ2ZkQkZ5N0ZhLXlmcXgxRXZsMmNtQlAwMDFfZEVsZnBEdjlLcTZpOWIwbTBHakRkZEJsaXpUUU5MNllYOE1sa1pzU1dqUzZucHgyWl9BcVloSjNZRF9CR0xVcTdOOFdHZEswbHRUYi1IdGpoZGg3NHFidjhZTkMtRFRPZHJQZw?oc=5,2023-02-25 08:00:00,Agora.md,Romania,RO
Nvidia investește 1 miliard dolari în Nokia - StartupCafe,https://news.google.com/rss/articles/CBMieEFVX3lxTE4zeWlOZ0xHQ3ZILTB4VGdDR2lWNG9FcUNyRE9mS1NfcVJuZWJzeERmRlQ1QThEZko2NFlVQVhRa3ZmbFJnZVY5QmRwajVFaktxUC1TWHk3MldSUF9OYXBSZGhGdDlKMlFlZDlyakgtV3hJbWVoMHlFUg?oc=5,2025-10-29 07:00:00,StartupCafe,Romania,RO
Top 5 caracteristici must-have pentru un telefon în 2025 - Agerpres,https://news.google.com/rss/articles/CBMikgFBVV95cUxNYjVqT28tM0JXUzBkdnVHSE9haWVib3dMbEI3TXE1eTNmc3N1NU1SeGtzaU5wZ3ZkTjdHNDZXUXRJanJSb2tjSVc4OXFMaERiQzdvdktDcnhCRWZDYlRzdnVWb0ljUFFadzRNejN4SFpJOGdoU2tuR2NPb1lJTUVWY0dDOWpXVGZfWk1RVENJaXM4dw?oc=5,2025-02-19 08:00:00,Agerpres,Romania,RO
Timiș: O persoană a murit și două au fost rănite într-un accident produs pe DN 6G - Agerpres,https://news.google.com/rss/articles/CBMixgFBVV95cUxQSVJseGdrS0djLWdOa0hTdjJBR3JxdV83Z1hNU1l2aGtwd1FXbWdabEFVTXhQel9ER00tcHlfQ3Z0ZlZmV1FFUTBtNzFYQy1PQTVCZDhQQTNVY2dPLXV2U1lWQUhLT3M3TnY1b0dtUUJMdEJhaFRCTFRhaTJ2bTQxVVJqVUd6YUlVcmZJam82Y3haUl9reEZZRHVjWFFFM29BSWYyT1pnb3N6YXBQZkI0VXozTjExSmF0UWp4ZVljRzZUQ1p0Snc?oc=5,2025-07-15 08:00:00,Agerpres,Romania,RO
Samsung Electronics se află în top cinci cele mai bune branduri globale pentru al patrulea an consecutiv - samsung.com,https://news.google.com/rss/articles/CBMizAFBVV95cUxOajc5ekFMOVpLdGZwSUJWYUhTNXVyRks4R2RZYnlyNDIzbE1kQ3FNbjRLZzR5dmVkUy1VQ2tCaklYblkyLVNmMkRvckpNb2RwZnYtSU5JdllOMUdxM3ZLSjRqX3J5ZGVhQWpiNy1MVm51QnBpZlNVaWZEWmkxU2N3aEZMUXlkdklVQ0pWTTJCbnJXbGoxUGcxZy03REo2RTlvWFd2emNRRnlmcFdSSWNVaTg4cDBzUWs3eHVoUzBDTHRQSUpyYUZaY0gzRFE?oc=5,2023-11-24 08:00:00,samsung.com,Romania,RO
Emisiile de gaze cu efect de seră din fermele de vaci vor putea fi măsurate cu Inteligența Artificială! - Revista Ferma,https://news.google.com/rss/articles/CBMixwFBVV95cUxPd204blZ4SFpfZ3Q3TThvMmhCaWpxT0YwbDZNckpJdjN5X1JwOHNNSWg1R3ZnVVdUMXBCaERkVmxLRE5NbFBhWHFFYkppa3pZOS0xdE1oMmkxQWZCZHpxbmRaZ3pPRDE5RHZucE5JY3hHZzZWc05SdmdaQThRTWhGZHdjNjltUF9vWjlWQmtqTmdFa0twQVZna1hJYUpUQm83NTExNENrQ1VhQWJsbU1YbzBWRjN6Z0JNaGkxcExWTjdTMWF5NWE4?oc=5,2023-11-30 08:00:00,Revista Ferma,Romania,RO
"Utilizatorii vor renunța la smartphone-uri până în 2030, susține CEO-ul Nokia. Ce tehnologie le-ar putea înlocui - UseIT.ro",https://news.google.com/rss/articles/CBMi3gFBVV95cUxOdjNGUWs0R21fZHduc0xZS0hGLXJPYWxNTlJwZWwwcWZVWWFsbkc5T0t5UEhWNjRTX2VialM1dDRaT0QzTHZ5dE4ybnpJcGp1elAwZ2Vpc1doWl9BM01lYk9FVUZIbTBjQjdHUGFFTnNHbzU4VDJseFF5dGZyODN6c3VJWml6TUROdDJVaHYwUUZyTlI4R01wSWdFSHVZdEw0c1JUdG1wdjJCSkJBaG9qNU9PNDk5VFlnMk1taVRNZ2I2V21VNlFreHBhazNGOHVSLUhfRXlIZGdNVkVFaGc?oc=5,2022-06-01 08:00:00,UseIT.ro,Romania,RO
China întrece SUA în dezvoltarea noilor tehnologii. A luat avans în 37 din 44 de domenii cheie (raport) - Digi24,https://news.google.com/rss/articles/CBMi3AFBVV95cUxNVXUxMUFodm5CdWxLVmVadVVBQnlTOFpMeEs1a3ByUDJMN3U1elpFeDZXS0U5eVRUMlY3TWtnS002OGlGTzU1c01XeVpyRXB4RlVNREFwV2xSNHpIWVU3S1BNY2dOUnJUUlJJcEFBc0s1di1ETzMzZHdsTmM3VVFVRG5NYnlBNVRKbVBXRGN5SG96YmtuclJDQU5JTUVyLVVzYzQ5VThYOHBjU2g0UzFoWjZ6dTZZRE9QbjVRTWZFeHhaVVpEWmVZQU42TXllOHRqVW16ei0yNGs5UHFC0gHnAUFVX3lxTE5jR3d2aWpYU1R3LWMxbGhmMC11LW93azFhQ2tXVGpmNy1JNEY0VHNNRzZTQzBuVUlkYmtZazQ3RllyMnd5b3lMdnJKVXh1b1Y1QjR3TnFndmxxUmhkY29UWVh4LUIxUGx2SnFXR0poa3AzMnhOMnhRdjRrQVU0QnVOYl9YYXhUNjg2cXd0a2RZS2U0cU1SRUM2LWE0RUJ6SEFlWDNlSGJ2ekREd1duZW1oNWRHRG1ESFZvSndjc2ltZEFCV1FsUTBCZUhxZ0ViNEhBSGRVd1FrRnlaVlhubk9aQV9yUFo5MA?oc=5,2023-03-05 08:00:00,Digi24,Romania,RO
"Indicatoarele rutiere de pe centura Caracalului, vandalizate. Ce pedepse riscă autorii mâzgălelilor - Mediafax",https://news.google.com/rss/articles/CBMi0wFBVV95cUxPaGFGQUVXazRZdEFXN2JDNnVrdUlNUFBvbG04eGV2TU42YWRoNTh6cTE0MW5yUWM0aDg3UWFnRFluOE0wMEhGMHMwYTMxQmZUdTJaTFpWN0dMRzlQNDdNY0d3blE3ZTdFY2tuZFdOZXFMRFpBbkwwZzJDdzFXcnJCVkFhTmJZd3RUMUxxVDM2b1Ayd1BjaTdYYTA2NlFxR3V5X1F6TVRpN3N3WlZUZVhyUXpZRldWUlZRV09iSEZQR19lQnJhd2J1UC1XbXB6dUJyakZ30gHYAUFVX3lxTFBwVHRDX2MxQXRvM1Z3OXRUamRBNWVvT0tyT0RkQUFFR2lwYXNxQldNT2ZCa2txdjBGQWVqeEtrdkl4dVAxSUw4VGoyVGxPN19qY3Z0Njl3WFlpT2VBRzRBQTEyTG9yQ0ZodFFMMndmQmpKdzhHRVZVbVYtaXphQm9GaWl4QW1QQUxvbmgxZXFMT25FVnNGZ3RIZHBQcEFKQV80YTlPUkNfQS1UeG9BVERoaFdpRFBBcGlBTmx5ZVA5SFUyLU9mbUhCZ2k5SG5CemVCVkJ1YXZHRA?oc=5,2018-07-20 08:00:00,Mediafax,Romania,RO
Indicatoarele rutiere din Caracal au fost vandalizate. Polițiștii îi caută pe făptași FOTO - Stirile ProTV,https://news.google.com/rss/articles/CBMi0gFBVV95cUxONUNMRmpORG9PN0ZsaHhvWlhiekZCUlZZc19WTE16UzFIUW5SZVU1d2ZueGpWNkRHaWRGNXk1ekZ1anRfYXpSVWRCNmVjSmNrM3NKbmpUQWJQMU5peXFlWWV1c0l6X1lNT3BVRGczR2RuLXo2dUJWSFJFb3lQTGJnclVidnNqNGdjNlVSR1FUbzg3ZzgyaFhQdHNWemxTX0ttVno2cEp5eTFwUDh1NkFOdVFadHRWY0FmSVh0d0VNaXVDZUlhbnJLSy1BR3lRdGVLZnc?oc=5,2018-07-20 09:55:24,Stirile ProTV,Romania,RO
Aeroportul din Chișinău a înregistrat în 2025 un an financiar record - Stiri.md,https://news.google.com/rss/articles/CBMiswFBVV95cUxNQnRjSktpT0hlVmMxMjBrVlJMenRJekF5bF94dHVsZzd3QzhNUzhhOERuWnprSl9BNHJhYURGdjdhT3BObkhBLU1OdFJLc1YtYkJZa3g1cVlfVUVuekJlZlY1eDNNWEItLUpFQV9EOUFHd1pWbG82b0hlMDJkNXdWN3l1a3lEQlBmNnZVNC1Va0FQd0VsNHg0MVRDeGJlclI5dVJzUWkwTnBvWi1VVlg1NXBDSQ?oc=5,2026-02-13 03:14:00,Stiri.md,Romania,RO
De la tehnologia 5G la 6G. A fost aprobată Foaia de parcurs privind gestionarea spectrului de frecvențe radio pentru anii 2026–2030 - Mold-street.com,https://news.google.com/rss/articles/CBMi-gFBVV95cUxNS1QtR0tRZUo5WlpJVFgzbU9JMW13dnhCdTBBOG9leXNZdHpaTHZ2MmNnMEZLZjRrSG45bS15MUhoYXNiMjJyWE91VWFCblFGYmJ6N0dzRGoya2NUbW5kbFlxQjFSZVBIbjlUX1pfQVpFWjNJNHlyMEQ2NUNMa3Z0R2N2bGRJSkRJTEZFMWRmTlB4U0c2QzFvVnVGUHc4U3BtUDdLRnlEUndiNUtuazZZQjk0Z2VpU1NUMlFfRUNaMGF3ZlpXbUlLUzdtVWdFbmpheTFQZkdwWlBjckhDVEdfNXR4MmltYk9hUXBQb1F4R19kcnYzS2dSbEZn?oc=5,2026-02-12 07:33:24,Mold-street.com,Romania,RO
"Nvidia va investi 1 miliard de dolari în Nokia, în cadrul unui parteneriat pentru dezvoltarea tehnologiilor AI și 6G / Acțiunile Nokia au crescut cu 20% în urma anunțului - TechRider.ro",https://news.google.com/rss/articles/CBMipwJBVV95cUxQeTNQLWhyd1U3cWpXUU5zay05NVQ2UnRNNDlpdVZoQ0xBV3JuLVJUUk5iOU1qTTlNVUtsNUV0ajc3QkRYdXJndWk3Zmh6ZDZhNVZOdUNDNjAtcXI4VGdXaDl4MjhlRlBYeVFBNzRxNGI5aVQ2ZEk4OF9GaUJ4WmlQNEh6WWtHWHVub2pnb201Wk1pUTE4eW1lRlRBZEV0dXctRy1DaDZrS2p5dm1WRjBwVTdRWlU1dG9VbUlaUW5vaDA0LU0wZTVoU29ZNDdaUTFHekQtbjM0NWx6U2JxQW5tVmVZRTkzaFZQYXNKRHlaR3hXb05KX3BrUHJVWXFEVTZVWC1lRVI1ZjhJdUx5Rmhlb1BsSFBRbnhyUWp3RTAtQVllVnlWVzU4?oc=5,2025-10-28 16:54:18,TechRider.ro,Romania,RO
Vitezele viitoare ale datelor 6G ar putea atinge 1 Tbps – de până la 10 000 de ori mai rapide decât 5G – după o descoperire în materie de transmisie - Capital.ro,https://news.google.com/rss/articles/CBMiggJBVV95cUxOWkxtOUZwTzRucnNRLTBkc3pkdFVwbmxoWUlhUkJiS1RFMVpPazhsei1PM2dZR1JxQmtjb3NtYzhPc2s3enBxbUhuWXl1WU94OUZ2NzZWSmJremlDc0dxLVljUTUwd0hwS2x0WER5eEFtbjV1TU41OUZYNlhZQnJ1ZFZiTUhpdDhua2xrSzBYRkVyRF9FU0RpNjE4TWx6MjdLTlpYOElZZXVkWHQ0eXJnUHFPN01fMmRwN1IxVlFUT3V6VkxROG4zTnJNX3VOYTN5RHJDckJrcHF5WU9LQXpUMkhlVzk3QkxWQzliM0l6SzRPbFZfeUlZRGszdmhkOWdpSGc?oc=5,2024-10-18 08:00:00,Capital.ro,Romania,RO
Tehnologia 6G: Oamenii ar putea fi folosiţi pe post de antene - Buna ziua Brasov,https://news.google.com/rss/articles/CBMikwFBVV95cUxNMmw3SlBGQ21zdGx6VEZrVUVaSTZQT3IxMmhMVmEwOUQwSXYtZVNMS05QU3drNU1LVHB5dndFWVZhUUdkWUJBSl9KeTNnYmwxOXJ2Y0ZvUVprM1h6RmFvNFloak4yay02V3A2SmVieVFjV1A5LTJOc0stY2xvUkEyVkU3MHdNdnBUZTB1bXVVR1NYYjQ?oc=5,2023-01-11 08:00:00,Buna ziua Brasov,Romania,RO
"UE investește 700 de milioane de euro în NanoIC, cea mai mare linie-pilot pentru semiconductori - Go4IT",https://news.google.com/rss/articles/CBMi2gFBVV95cUxPbl9xNnduX2I0QjBBNG5BSllweDlFcDJxR1BzWkVmWDBhQ0pPTTdsTXh6OWoyUnNNZUgwOEF0S2VkNDQyMnJqSXc3UnJrY0wydXhGS0NURDhFZ1hTU2laa0JGSTRpU2FBdHVCLUZEaDJyYzQ4N1RMbThxWHBzTmw1WVhCWk1zS1hPaDFSWXdRSzVsQUtDV2REZU9TRlJ0YTlQYzhyM2pTOEpJS1Izdnc0anhYSURDLWZsLXRQR2FLRG5EdHJKa2tnVzhHakI1WkFObHZORVhrVGRWUQ?oc=5,2026-02-09 12:51:45,Go4IT,Romania,RO
"Tehnologii inovatoare în 2025 și implementarea lor în România. Cum influențează afacerile, sănătatea și infrastructura urbană - Capital.ro",https://news.google.com/rss/articles/CBMi5gFBVV95cUxNajdNTk1HbklDWHFBQlQzMW8xbTV2bWdHQWIzT0k4Ri12QU93dnZUOWp1aUZGQXdTcmpwcnJHMDh5YV9qOUstLWVnYjJ2TWM1QUI4SE9yX1NUSFRkQ1pZQlRoYVVPYmJVQl80S3M5d1p6M0VvMHJHRXBrYm1sSDIzd24zUXNTc19Ia1RNVE5rNko5UWVfZnN4OHpqUnF0a0U4NVp5WFl3YUZNaUZPTkR6LW5xdjFJbUxvR0xsVmJFWlNuTzgwRXh3OUFucW43aVBWbUhfZ2FCbmhJUWhUMjgtWW9FOHpiZw?oc=5,2025-11-28 08:00:00,Capital.ro,Romania,RO
Samsung dezvăluie viziunea pentru 6G: Holograme până în 2030 - Stiri.md,https://news.google.com/rss/articles/CBMinAFBVV95cUxOWktQQW9ZbmVEXzVfckc2czlJTXczZTB5bWE3TEF1MnFoRTJiVG01SjVFNi1fR2s1Wm5WdnN2am9fM3lYeGpKOXFiQ2R6Um5Da3ZtM1FINlhJYm1iR2RwZ19rNmtPVTlNODBvajdxSmxlV0tlZ3hicF9NaVFqSHhmdzc1X3Q4V2swUF9aNk56OGVjMkEzVDJXT3hrcGo?oc=5,2020-07-19 08:00:00,Stiri.md,Romania,RO
Sfatul nutriţionistului / Este iaurtul grecesc sănătos? - Brasov.net,https://news.google.com/rss/articles/CBMiggFBVV95cUxOdWxSRXJuV0hlY1l4cGt6cmNxZVUzZUwtdHdhYUcxekhROFhNYmJGUGRIUENYUVI1dFBvU2JEb1dqSVc5c1lnM2F6Yk9aQTdoTjJ6MWZkN2xneFJTVVViX2FmejJLUDFZM2ZDTzkwR2c1QmFLcnlBc2tEVExCMnk3TW13?oc=5,2020-06-03 08:00:00,Brasov.net,Romania,RO
De ce olimpicii mușcă medaliile de aur. Și din ce sunt făcute de fapt - Evenimentul Zilei,https://news.google.com/rss/articles/CBMikgFBVV95cUxOcjZhWUhzMlZhVjFKQTgwS0FsV1h0VlRHdDZNb1ZIZnZOMTJ3OExrT2dEM2YzMzg0LWJyNHFxOFJSYUlJQzhnUmdzVFRLaVlIa3JHVzNtTEdSckQ0em1mc1BSME51Zm9KX3FOU25YbktFWFQtd2VBeWJjZTlscFhPY1pMMmhZRXdYWkR4NVJvUWdoUQ?oc=5,2021-08-02 08:00:00,Evenimentul Zilei,Romania,RO
Alex Jones (Infowars): Populația globală a fost deja implantată în secret cu nanotehnologie autoreplicativă - VIDEO - ziuanews.ro,https://news.google.com/rss/articles/CBMi-gFBVV95cUxPTHVfZXlxc1UxdHJUX2VqV0hEU2ROV1NyREZfeWhWS3ROQVdCbTdaSkROeXpSNm9zVW9pVGxINDVXUDFYUjRMa2hYUmlINmpxSlc5MktWMVBGT2FRNFpib2hGaUlUY2xZckdzcFF6Q0Z3MnJMbkR4SzkxcG5EQ2pic1RTRXlpdC1haWRQYlBpVDlrYTZiY2FrbHRBd0dwUGE2ekhuTFBvb1B3UnRQcURYWnZCZmFSY05ScUE4UllLdjduOWlxR2dUQzNfcEhCX0d4MzFkeUFUV1FLelg4cEFMMlo3YjYtd0prdHMwanlDNFU4TUFtWlNZNS1n?oc=5,2025-10-28 07:00:00,ziuanews.ro,Romania,RO
